"Arrival Block Detail","Departure Block Detail","Touchdown Time","Take Off Time","Arrival Time Actual","Departure Time Actual","Departure Time Scheduled","Arrival Time Scheduled","Delay main reason","Total Delay","First Departure Time","Departure Block Hour","Arrival Time Block","Day Of Week","Flight Date","Airline ID","Airline Code","Aircraft Tail ID","Flight Number","Origin Airport ID","Origin City ID","Origin Airport Code","Origin City Name","Origin State Abr","Origin State Name","Destination Airport ID","Destination City ID","Destination Airport Code","Destination City Name","Destination State Abr","Destination State Name","Departure Delay","Taxi Out","Taxi In","Arrival Delay","Fly Time Scheduled","Fly Time Actual","Distance Miles","Distance Group","Carrier Delay","Weather Delay","Airport Delay","Security Delay","Late Aircraft Delay","Distance Group Name"
"06:00 - 06:59","06:00 - 06:59","2023-02-13 00:00:00","2023-02-13 00:00:00","2023-02-13 00:00:00","2023-02-13 00:00:00","2023-02-13 00:00:00","2023-02-13 00:00:00","Fly Time","0","2023-02-13 00:00:00","6","6","1","2023-02-13 00:00:00","19393","WN","N8626B","922","1198603","31986","GRR","Grand Rapids, MI","MI","Michigan","1323202","30977","MDW","Chicago, IL","IL","Illinois","2","19","6","-4","65","59","137","1","0","0","0","0","0","Less Than 250 Miles"
"07:00 - 07:59","06:00 - 06:59","2023-02-06 00:00:00","2023-02-06 00:00:00","2023-02-06 00:00:00","2023-02-06 00:00:00","2023-02-06 00:00:00","2023-02-06 00:00:00","Fly Time","0","2023-02-06 00:00:00","6","7","1","2023-02-06 00:00:00","19393","WN","N767SW","1809","1239103","31703","ISP","Islip, NY","NY","New York","1082106","30852","BWI","Baltimore, MD","MD","Maryland","0","24","2","3","80","83","220","1","0","0","0","0","0","Less Than 250 Miles"
"07:00 - 07:59","06:00 - 06:59","2023-02-06 00:00:00","2023-02-06 00:00:00","2023-02-06 00:00:00","2023-02-06 00:00:00","2023-02-06 00:00:00","2023-02-06 00:00:00","Fly Time","0","2023-02-06 00:00:00","6","7","1","2023-02-06 00:00:00","19393","WN","N8674B","1351","1393102","33667","ORF","Norfolk, VA","VA","Virginia","1082106","30852","BWI","Baltimore, MD","MD","Maryland","2","9","4","-9","60","49","159","1","0","0","0","0","0","Less Than 250 Miles"
"07:00 - 07:59","06:00 - 06:59","2023-02-06 00:00:00","2023-02-06 00:00:00","2023-02-06 00:00:00","2023-02-06 00:00:00","2023-02-06 00:00:00","2023-02-06 00:00:00","Fly Time","0","2023-02-06 00:00:00","6","7","1","2023-02-06 00:00:00","19393","WN","N484WN","1636","1219103","31453","HOU","Houston, TX","TX","Texas","1125904","30194","DAL","Dallas, TX","TX","Texas","2","12","4","-2","65","61","239","1","0","0","0","0","0","Less Than 250 Miles"
"07:00 - 07:59","06:00 - 06:59","2023-02-06 00:00:00","2023-02-06 00:00:00","2023-02-06 00:00:00","2023-02-06 00:00:00","2023-02-06 00:00:00","2023-02-06 00:00:00","Fly Time","0","2023-02-06 00:00:00","6","7","1","2023-02-06 00:00:00","19393","WN","N7862A","10","1114008","31140","CRP","Corpus Christi, TX","TX","Texas","1219103","31453","HOU","Houston, TX","TX","Texas","5","10","8","-3","60","52","187","1","0","0","0","0","0","Less Than 250 Miles"
"07:00 - 07:59","06:00 - 06:59","2023-02-07 00:00:00","2023-02-07 00:00:00","2023-02-06 00:00:00","2023-02-07 00:00:00","2023-02-06 00:00:00","2023-02-06 00:00:00","Fly Time","0","2023-02-06 00:00:00","6","7","1","2023-02-06 00:00:00","19393","WN","N8744B","1045","1217305","32134","HNL","Honolulu, HI","HI","Hawaii","1240203","32402","ITO","Hilo, HI","HI","Hawaii","-3","18","4","11","60","74","216","1","0","0","0","0","0","Less Than 250 Miles"
"07:00 - 07:59","06:00 - 06:59","2023-02-13 00:00:00","2023-02-13 00:00:00","2023-02-13 00:00:00","2023-02-13 00:00:00","2023-02-13 00:00:00","2023-02-13 00:00:00","Carrier","87","2023-02-13 00:00:00","6","7","1","2023-02-13 00:00:00","19393","WN","N8767M","1066","1217305","32134","HNL","Honolulu, HI","HI","Hawaii","1383002","33830","OGG","Kahului, HI","HI","Hawaii","88","17","3","87","45","44","100","1","87","0","0","0","0","Less Than 250 Miles"
"07:00 - 07:59","06:00 - 06:59","2023-02-13 00:00:00","2023-02-13 00:00:00","2023-02-13 00:00:00","2023-02-13 00:00:00","2023-02-13 00:00:00","2023-02-13 00:00:00","Fly Time","0","2023-02-13 00:00:00","6","7","1","2023-02-13 00:00:00","19393","WN","N788SA","2742","1319801","33198","MCI","Kansas City, MO","MO","Missouri","1501606","31123","STL","St. Louis, MO","MO","Missouri","9","17","4","2","70","63","237","1","0","0","0","0","0","Less Than 250 Miles"
"07:00 - 07:59","06:00 - 06:59","2023-02-13 00:00:00","2023-02-13 00:00:00","2023-02-13 00:00:00","2023-02-13 00:00:00","2023-02-13 00:00:00","2023-02-13 00:00:00","Carrier","27","2023-02-13 00:00:00","6","7","1","2023-02-13 00:00:00","19393","WN","N902WN","2067","1468305","33214","SAT","San Antonio, TX","TX","Texas","1219103","31453","HOU","Houston, TX","TX","Texas","47","7","6","27","65","45","192","1","27","0","0","0","0","Less Than 250 Miles"
"08:00 - 08:59","06:00 - 06:59","2023-02-06 00:00:00","2023-02-06 00:00:00","2023-02-06 00:00:00","2023-02-06 00:00:00","2023-02-06 00:00:00","2023-02-06 00:00:00","Fly Time","0","2023-02-06 00:00:00","6","8","1","2023-02-06 00:00:00","19393","WN","N908WN","2594","1537002","34653","TUL","Tulsa, OK","OK","Oklahoma","1125904","30194","DAL","Dallas, TX","TX","Texas","1","12","4","-11","75","63","238","1","0","0","0","0","0","Less Than 250 Miles"
"08:00 - 08:59","06:00 - 06:59","2023-02-06 00:00:00","2023-02-06 00:00:00","2023-02-06 00:00:00","2023-02-06 00:00:00","2023-02-06 00:00:00","2023-02-06 00:00:00","Fly Time","0","2023-02-06 00:00:00","6","8","1","2023-02-06 00:00:00","19393","WN","N8546V","330","1468305","33214","SAT","San Antonio, TX","TX","Texas","1125904","30194","DAL","Dallas, TX","TX","Texas","2","9","3","-4","65","59","247","1","0","0","0","0","0","Less Than 250 Miles"
"08:00 - 08:59","07:00 - 07:59","2023-02-06 00:00:00","2023-02-06 00:00:00","2023-02-06 00:00:00","2023-02-06 00:00:00","2023-02-06 00:00:00","2023-02-06 00:00:00","Fly Time","0","2023-02-06 00:00:00","7","8","1","2023-02-06 00:00:00","19393","WN","N8608N","2704","1125904","30194","DAL","Dallas, TX","TX","Texas","1226603","31453","IAH","Houston, TX","TX","Texas","9","15","6","3","70","64","216","1","0","0","0","0","0","Less Than 250 Miles"
"08:00 - 08:59","07:00 - 07:59","2023-02-07 00:00:00","2023-02-07 00:00:00","2023-02-06 00:00:00","2023-02-07 00:00:00","2023-02-06 00:00:00","2023-02-06 00:00:00","Fly Time","0","2023-02-06 00:00:00","7","8","1","2023-02-06 00:00:00","19393","WN","N960WN","1550","1080003","32575","BUR","Burbank, CA","CA","California","1288904","32211","LAS","Las Vegas, NV","NV","Nevada","-1","30","5","4","70","75","223","1","0","0","0","0","0","Less Than 250 Miles"
"08:00 - 08:59","08:00 - 08:59","2023-02-07 00:00:00","2023-02-07 00:00:00","2023-02-06 00:00:00","2023-02-07 00:00:00","2023-02-06 00:00:00","2023-02-06 00:00:00","Fly Time","0","2023-02-06 00:00:00","8","8","1","2023-02-06 00:00:00","19393","WN","N1809U","1067","1383002","33830","OGG","Kahului, HI","HI","Hawaii","1217305","32134","HNL","Honolulu, HI","HI","Hawaii","-6","8","12","4","40","50","100","1","0","0","0","0","0","Less Than 250 Miles"
"08:00 - 08:59","07:00 - 07:59","2023-02-13 00:00:00","2023-02-13 00:00:00","2023-02-13 00:00:00","2023-02-13 00:00:00","2023-02-13 00:00:00","2023-02-13 00:00:00","Fly Time","0","2023-02-13 00:00:00","7","8","1","2023-02-13 00:00:00","19393","WN","N7720F","2513","1288904","32211","LAS","Las Vegas, NV","NV","Nevada","1389101","32575","ONT","Ontario, CA","CA","California","5","10","4","-8","60","47","197","1","0","0","0","0","0","Less Than 250 Miles"
"08:00 - 08:59","07:00 - 07:59","2023-02-13 00:00:00","2023-02-13 00:00:00","2023-02-13 00:00:00","2023-02-13 00:00:00","2023-02-13 00:00:00","2023-02-13 00:00:00","Fly Time","0","2023-02-13 00:00:00","7","8","1","2023-02-13 00:00:00","19393","WN","N8810L","1041","1199603","31871","GSP","Greer, SC","SC","South Carolina","1039707","30397","ATL","Atlanta, GA","GA","Georgia","4","13","6","-11","65","50","153","1","0","0","0","0","0","Less Than 250 Miles"
"08:00 - 08:59","07:00 - 07:59","2023-02-13 00:00:00","2023-02-13 00:00:00","2023-02-13 00:00:00","2023-02-13 00:00:00","2023-02-13 00:00:00","2023-02-13 00:00:00","Fly Time","0","2023-02-13 00:00:00","7","8","1","2023-02-13 00:00:00","19393","WN","N445WN","1435","1295407","32575","LGB","Long Beach, CA","CA","California","1288904","32211","LAS","Las Vegas, NV","NV","Nevada","2","8","4","-9","70","59","231","1","0","0","0","0","0","Less Than 250 Miles"
"08:00 - 08:59","07:00 - 07:59","2023-02-13 00:00:00","2023-02-13 00:00:00","2023-02-13 00:00:00","2023-02-13 00:00:00","2023-02-13 00:00:00","2023-02-13 00:00:00","Fly Time","0","2023-02-13 00:00:00","7","8","1","2023-02-13 00:00:00","19393","WN","N8678E","3","1125904","30194","DAL","Dallas, TX","TX","Texas","1219103","31453","HOU","Houston, TX","TX","Texas","1","16","5","-6","70","63","239","1","0","0","0","0","0","Less Than 250 Miles"
"08:00 - 08:59","07:00 - 07:59","2023-02-14 00:00:00","2023-02-14 00:00:00","2023-02-13 00:00:00","2023-02-14 00:00:00","2023-02-13 00:00:00","2023-02-13 00:00:00","Fly Time","0","2023-02-13 00:00:00","7","8","1","2023-02-13 00:00:00","19393","WN","N932WN","1550","1080003","32575","BUR","Burbank, CA","CA","California","1288904","32211","LAS","Las Vegas, NV","NV","Nevada","-3","28","4","7","70","80","223","1","0","0","0","0","0","Less Than 250 Miles"
"09:00 - 09:59","08:00 - 08:59","2023-02-06 00:00:00","2023-02-06 00:00:00","2023-02-06 00:00:00","2023-02-06 00:00:00","2023-02-06 00:00:00","2023-02-06 00:00:00","Fly Time","0","2023-02-06 00:00:00","8","9","1","2023-02-06 00:00:00","19393","WN","N240WN","814","1288904","32211","LAS","Las Vegas, NV","NV","Nevada","1289208","32575","LAX","Los Angeles, CA","CA","California","1","15","5","-5","70","64","236","1","0","0","0","0","0","Less Than 250 Miles"
"09:00 - 09:59","08:00 - 08:59","2023-02-06 00:00:00","2023-02-06 00:00:00","2023-02-06 00:00:00","2023-02-06 00:00:00","2023-02-06 00:00:00","2023-02-06 00:00:00","Airport System","19","2023-02-06 00:00:00","8","9","1","2023-02-06 00:00:00","19393","WN","N8744B","1513","1240203","32402","ITO","Hilo, HI","HI","Hawaii","1217305","32134","HNL","Honolulu, HI","HI","Hawaii","0","9","14","19","55","74","216","1","0","0","19","0","0","Less Than 250 Miles"
"09:00 - 09:59","08:00 - 08:59","2023-02-06 00:00:00","2023-02-06 00:00:00","2023-02-06 00:00:00","2023-02-06 00:00:00","2023-02-06 00:00:00","2023-02-06 00:00:00","Fly Time","0","2023-02-06 00:00:00","8","9","1","2023-02-06 00:00:00","19393","WN","N7720F","1386","1483106","32457","SJC","San Jose, CA","CA","California","1457002","34570","RNO","Reno, NV","NV","Nevada","2","13","2","-4","65","59","188","1","0","0","0","0","0","Less Than 250 Miles"
"09:00 - 09:59","08:00 - 08:59","2023-02-06 00:00:00","2023-02-06 00:00:00","2023-02-06 00:00:00","2023-02-06 00:00:00","2023-02-06 00:00:00","2023-02-06 00:00:00","Fly Time","0","2023-02-06 00:00:00","8","9","1","2023-02-06 00:00:00","19393","WN","N923WN","2374","1295407","32575","LGB","Long Beach, CA","CA","California","1288904","32211","LAS","Las Vegas, NV","NV","Nevada","10","10","5","4","65","59","231","1","0","0","0","0","0","Less Than 250 Miles"
"09:00 - 09:59","08:00 - 08:59","2023-02-07 00:00:00","2023-02-07 00:00:00","2023-02-06 00:00:00","2023-02-07 00:00:00","2023-02-06 00:00:00","2023-02-06 00:00:00","Fly Time","0","2023-02-06 00:00:00","8","9","1","2023-02-06 00:00:00","19393","WN","N8739L","970","1275804","32758","KOA","Kona, HI","HI","Hawaii","1217305","32134","HNL","Honolulu, HI","HI","Hawaii","-1","10","11","2","50","53","163","1","0","0","0","0","0","Less Than 250 Miles"
"09:00 - 09:59","08:00 - 08:59","2023-02-13 00:00:00","2023-02-13 00:00:00","2023-02-13 00:00:00","2023-02-13 00:00:00","2023-02-13 00:00:00","2023-02-13 00:00:00","Fly Time","0","2023-02-13 00:00:00","8","9","1","2023-02-13 00:00:00","19393","WN","N943WN","2592","1288904","32211","LAS","Las Vegas, NV","NV","Nevada","1080003","32575","BUR","Burbank, CA","CA","California","2","26","2","0","70","68","223","1","0","0","0","0","0","Less Than 250 Miles"
"09:00 - 09:59","08:00 - 08:59","2023-02-13 00:00:00","2023-02-13 00:00:00","2023-02-13 00:00:00","2023-02-13 00:00:00","2023-02-13 00:00:00","2023-02-13 00:00:00","Fly Time","0","2023-02-13 00:00:00","8","9","1","2023-02-13 00:00:00","19393","WN","N234WN","814","1288904","32211","LAS","Las Vegas, NV","NV","Nevada","1289208","32575","LAX","Los Angeles, CA","CA","California","7","28","7","13","70","76","236","1","0","0","0","0","0","Less Than 250 Miles"
"09:00 - 09:59","08:00 - 08:59","2023-02-13 00:00:00","2023-02-13 00:00:00","2023-02-13 00:00:00","2023-02-13 00:00:00","2023-02-13 00:00:00","2023-02-13 00:00:00","Fly Time","0","2023-02-13 00:00:00","8","9","1","2023-02-13 00:00:00","19393","WN","N8802Q","1284","1289208","32575","LAX","Los Angeles, CA","CA","California","1288904","32211","LAS","Las Vegas, NV","NV","Nevada","1","15","4","-1","70","68","236","1","0","0","0","0","0","Less Than 250 Miles"
"09:00 - 09:59","08:00 - 08:59","2023-02-14 00:00:00","2023-02-14 00:00:00","2023-02-13 00:00:00","2023-02-14 00:00:00","2023-02-13 00:00:00","2023-02-13 00:00:00","Fly Time","0","2023-02-13 00:00:00","8","9","1","2023-02-13 00:00:00","19393","WN","N486WN","2320","1080003","32575","BUR","Burbank, CA","CA","California","1288904","32211","LAS","Las Vegas, NV","NV","Nevada","-2","18","5","3","65","70","223","1","0","0","0","0","0","Less Than 250 Miles"
"10:00 - 10:59","09:00 - 09:59","2023-02-06 00:00:00","2023-02-06 00:00:00","2023-02-06 00:00:00","2023-02-06 00:00:00","2023-02-06 00:00:00","2023-02-06 00:00:00","Fly Time","0","2023-02-06 00:00:00","9","10","1","2023-02-06 00:00:00","19393","WN","N452WN","2751","1288904","32211","LAS","Las Vegas, NV","NV","Nevada","1490803","32575","SNA","Santa Ana, CA","CA","California","6","15","4","-4","65","55","226","1","0","0","0","0","0","Less Than 250 Miles"
"10:00 - 10:59","09:00 - 09:59","2023-02-06 00:00:00","2023-02-06 00:00:00","2023-02-06 00:00:00","2023-02-06 00:00:00","2023-02-06 00:00:00","2023-02-06 00:00:00","Fly Time","0","2023-02-06 00:00:00","9","10","1","2023-02-06 00:00:00","19393","WN","N7817J","2818","1320402","31454","MCO","Orlando, FL","FL","Florida","1169706","32467","FLL","Fort Lauderdale, FL","FL","Florida","12","14","3","-2","65","51","177","1","0","0","0","0","0","Less Than 250 Miles"
"10:00 - 10:59","09:00 - 09:59","2023-02-06 00:00:00","2023-02-06 00:00:00","2023-02-06 00:00:00","2023-02-06 00:00:00","2023-02-06 00:00:00","2023-02-06 00:00:00","Fly Time","0","2023-02-06 00:00:00","9","10","1","2023-02-06 00:00:00","19393","WN","N202WN","2182","1530402","33195","TPA","Tampa, FL","FL","Florida","1169706","32467","FLL","Fort Lauderdale, FL","FL","Florida","4","10","5","-9","65","52","197","1","0","0","0","0","0","Less Than 250 Miles"
"10:00 - 10:59","09:00 - 09:59","2023-02-06 00:00:00","2023-02-06 00:00:00","2023-02-06 00:00:00","2023-02-06 00:00:00","2023-02-06 00:00:00","2023-02-06 00:00:00","Fly Time","0","2023-02-06 00:00:00","9","10","1","2023-02-06 00:00:00","19393","WN","N1809U","1502","1217305","32134","HNL","Honolulu, HI","HI","Hawaii","1383002","33830","OGG","Kahului, HI","HI","Hawaii","0","23","4","4","45","49","100","1","0","0","0","0","0","Less Than 250 Miles"
"10:00 - 10:59","09:00 - 09:59","2023-02-06 00:00:00","2023-02-06 00:00:00","2023-02-06 00:00:00","2023-02-06 00:00:00","2023-02-06 00:00:00","2023-02-06 00:00:00","Fly Time","0","2023-02-06 00:00:00","9","10","1","2023-02-06 00:00:00","19393","WN","N968WN","562","1379609","32457","OAK","Oakland, CA","CA","California","1457002","34570","RNO","Reno, NV","NV","Nevada","2","8","2","-7","55","46","181","1","0","0","0","0","0","Less Than 250 Miles"
"10:00 - 10:59","09:00 - 09:59","2023-02-06 00:00:00","2023-02-06 00:00:00","2023-02-06 00:00:00","2023-02-06 00:00:00","2023-02-06 00:00:00","2023-02-06 00:00:00","Fly Time","0","2023-02-06 00:00:00","9","10","1","2023-02-06 00:00:00","19393","WN","N8518R","2839","1389101","32575","ONT","Ontario, CA","CA","California","1288904","32211","LAS","Las Vegas, NV","NV","Nevada","9","15","6","3","65","59","197","1","0","0","0","0","0","Less Than 250 Miles"
"10:00 - 10:59","09:00 - 09:59","2023-02-06 00:00:00","2023-02-06 00:00:00","2023-02-06 00:00:00","2023-02-06 00:00:00","2023-02-06 00:00:00","2023-02-06 00:00:00","Fly Time","0","2023-02-06 00:00:00","9","10","1","2023-02-06 00:00:00","19393","WN","N731SA","576","1125904","30194","DAL","Dallas, TX","TX","Texas","1468305","33214","SAT","San Antonio, TX","TX","Texas","4","13","4","0","70","66","247","1","0","0","0","0","0","Less Than 250 Miles"
"10:00 - 10:59","09:00 - 09:59","2023-02-06 00:00:00","2023-02-06 00:00:00","2023-02-06 00:00:00","2023-02-06 00:00:00","2023-02-06 00:00:00","2023-02-06 00:00:00","Fly Time","0","2023-02-06 00:00:00","9","10","1","2023-02-06 00:00:00","19393","WN","N234WN","5589","1125904","30194","DAL","Dallas, TX","TX","Texas","1042302","30423","AUS","Austin, TX","TX","Texas","4","12","5","-7","65","54","189","1","0","0","0","0","0","Less Than 250 Miles"
"10:00 - 10:59","09:00 - 09:59","2023-02-06 00:00:00","2023-02-06 00:00:00","2023-02-06 00:00:00","2023-02-06 00:00:00","2023-02-06 00:00:00","2023-02-06 00:00:00","Fly Time","0","2023-02-06 00:00:00","9","10","1","2023-02-06 00:00:00","19393","WN","N8546V","1570","1125904","30194","DAL","Dallas, TX","TX","Texas","1226603","31453","IAH","Houston, TX","TX","Texas","1","15","11","-4","70","65","216","1","0","0","0","0","0","Less Than 250 Miles"
"10:00 - 10:59","09:00 - 09:59","2023-02-07 00:00:00","2023-02-07 00:00:00","2023-02-06 00:00:00","2023-02-07 00:00:00","2023-02-06 00:00:00","2023-02-06 00:00:00","Fly Time","0","2023-02-06 00:00:00","9","10","1","2023-02-06 00:00:00","19393","WN","N8793Q","1077","1383002","33830","OGG","Kahului, HI","HI","Hawaii","1217305","32134","HNL","Honolulu, HI","HI","Hawaii","-10","11","13","2","45","57","100","1","0","0","0","0","0","Less Than 250 Miles"
"10:00 - 10:59","08:00 - 08:59","2023-02-13 00:00:00","2023-02-13 00:00:00","2023-02-13 00:00:00","2023-02-13 00:00:00","2023-02-13 00:00:00","2023-02-13 00:00:00","Fly Time","0","2023-02-13 00:00:00","8","10","1","2023-02-13 00:00:00","19393","WN","N7843A","2005","1288904","32211","LAS","Las Vegas, NV","NV","Nevada","1490803","32575","SNA","Santa Ana, CA","CA","California","8","29","7","11","70","73","226","1","0","0","0","0","0","Less Than 250 Miles"
"10:00 - 10:59","09:00 - 09:59","2023-02-13 00:00:00","2023-02-13 00:00:00","2023-02-13 00:00:00","2023-02-13 00:00:00","2023-02-13 00:00:00","2023-02-13 00:00:00","Fly Time","0","2023-02-13 00:00:00","9","10","1","2023-02-13 00:00:00","19393","WN","N925WN","357","1288904","32211","LAS","Las Vegas, NV","NV","Nevada","1389101","32575","ONT","Ontario, CA","CA","California","1","33","4","10","60","69","197","1","0","0","0","0","0","Less Than 250 Miles"
"10:00 - 10:59","09:00 - 09:59","2023-02-13 00:00:00","2023-02-13 00:00:00","2023-02-13 00:00:00","2023-02-13 00:00:00","2023-02-13 00:00:00","2023-02-13 00:00:00","Late Aircraft","154","2023-02-13 00:00:00","9","10","1","2023-02-13 00:00:00","19393","WN","N7818L","2738","1288904","32211","LAS","Las Vegas, NV","NV","Nevada","1295407","32575","LGB","Long Beach, CA","CA","California","137","42","4","154","70","87","231","1","4","0","17","0","133","Less Than 250 Miles"
"10:00 - 10:59","09:00 - 09:59","2023-02-13 00:00:00","2023-02-13 00:00:00","2023-02-13 00:00:00","2023-02-13 00:00:00","2023-02-13 00:00:00","2023-02-13 00:00:00","Fly Time","0","2023-02-13 00:00:00","9","10","1","2023-02-13 00:00:00","19393","WN","N439WN","2818","1320402","31454","MCO","Orlando, FL","FL","Florida","1169706","32467","FLL","Fort Lauderdale, FL","FL","Florida","14","15","6","8","65","59","177","1","0","0","0","0","0","Less Than 250 Miles"
"10:00 - 10:59","09:00 - 09:59","2023-02-13 00:00:00","2023-02-13 00:00:00","2023-02-13 00:00:00","2023-02-13 00:00:00","2023-02-13 00:00:00","2023-02-13 00:00:00","Late Aircraft","28","2023-02-13 00:00:00","9","10","1","2023-02-13 00:00:00","19393","WN","N8785L","2839","1389101","32575","ONT","Ontario, CA","CA","California","1288904","32211","LAS","Las Vegas, NV","NV","Nevada","19","22","5","28","65","74","197","1","2","0","9","0","17","Less Than 250 Miles"
"10:00 - 10:59","09:00 - 09:59","2023-02-14 00:00:00","2023-02-14 00:00:00","2023-02-13 00:00:00","2023-02-14 00:00:00","2023-02-13 00:00:00","2023-02-13 00:00:00","Fly Time","0","2023-02-13 00:00:00","9","10","1","2023-02-13 00:00:00","19393","WN","N254WN","2751","1288904","32211","LAS","Las Vegas, NV","NV","Nevada","1490803","32575","SNA","Santa Ana, CA","CA","California","-2","33","3","9","65","76","226","1","0","0","0","0","0","Less Than 250 Miles"
"10:00 - 10:59","09:00 - 09:59","2023-02-14 00:00:00","2023-02-14 00:00:00","2023-02-13 00:00:00","2023-02-14 00:00:00","2023-02-13 00:00:00","2023-02-13 00:00:00","Fly Time","0","2023-02-13 00:00:00","9","10","1","2023-02-13 00:00:00","19393","WN","N901WN","362","1490803","32575","SNA","Santa Ana, CA","CA","California","1288904","32211","LAS","Las Vegas, NV","NV","Nevada","-4","23","9","3","75","82","226","1","0","0","0","0","0","Less Than 250 Miles"
"11:00 - 11:59","10:00 - 10:59","2023-02-06 00:00:00","2023-02-06 00:00:00","2023-02-06 00:00:00","2023-02-06 00:00:00","2023-02-06 00:00:00","2023-02-06 00:00:00","Carrier","21","2023-02-06 00:00:00","10","11","1","2023-02-06 00:00:00","19393","WN","N226WN","1175","1288904","32211","LAS","Las Vegas, NV","NV","Nevada","1080003","32575","BUR","Burbank, CA","CA","California","26","12","4","21","65","60","223","1","21","0","0","0","0","Less Than 250 Miles"
"11:00 - 11:59","10:00 - 10:59","2023-02-06 00:00:00","2023-02-06 00:00:00","2023-02-06 00:00:00","2023-02-06 00:00:00","2023-02-06 00:00:00","2023-02-06 00:00:00","Fly Time","0","2023-02-06 00:00:00","10","11","1","2023-02-06 00:00:00","19393","WN","N8548P","1285","1288904","32211","LAS","Las Vegas, NV","NV","Nevada","1289208","32575","LAX","Los Angeles, CA","CA","California","21","14","6","8","75","62","236","1","0","0","0","0","0","Less Than 250 Miles"
"11:00 - 11:59","10:00 - 10:59","2023-02-06 00:00:00","2023-02-06 00:00:00","2023-02-06 00:00:00","2023-02-06 00:00:00","2023-02-06 00:00:00","2023-02-06 00:00:00","Fly Time","0","2023-02-06 00:00:00","10","11","1","2023-02-06 00:00:00","19393","WN","N8744B","1495","1217305","32134","HNL","Honolulu, HI","HI","Hawaii","1240203","32402","ITO","Hilo, HI","HI","Hawaii","12","17","4","13","60","61","216","1","0","0","0","0","0","Less Than 250 Miles"
"11:00 - 11:59","10:00 - 10:59","2023-02-06 00:00:00","2023-02-06 00:00:00","2023-02-06 00:00:00","2023-02-06 00:00:00","2023-02-06 00:00:00","2023-02-06 00:00:00","Fly Time","0","2023-02-06 00:00:00","10","11","1","2023-02-06 00:00:00","19393","WN","N8604K","1706","1039707","30397","ATL","Atlanta, GA","GA","Georgia","1199603","31871","GSP","Greer, SC","SC","South Carolina","6","16","3","-4","60","50","153","1","0","0","0","0","0","Less Than 250 Miles"
"11:00 - 11:59","10:00 - 10:59","2023-02-06 00:00:00","2023-02-06 00:00:00","2023-02-06 00:00:00","2023-02-06 00:00:00","2023-02-06 00:00:00","2023-02-06 00:00:00","Fly Time","0","2023-02-06 00:00:00","10","11","1","2023-02-06 00:00:00","19393","WN","N922WN","989","1042302","30423","AUS","Austin, TX","TX","Texas","1125904","30194","DAL","Dallas, TX","TX","Texas","1","12","2","-12","65","52","189","1","0","0","0","0","0","Less Than 250 Miles"
"11:00 - 11:59","10:00 - 10:59","2023-02-06 00:00:00","2023-02-06 00:00:00","2023-02-06 00:00:00","2023-02-06 00:00:00","2023-02-06 00:00:00","2023-02-06 00:00:00","Fly Time","0","2023-02-06 00:00:00","10","11","1","2023-02-06 00:00:00","19393","WN","N8648A","522","1082106","30852","BWI","Baltimore, MD","MD","Maryland","1393102","33667","ORF","Norfolk, VA","VA","Virginia","4","9","3","-7","55","44","159","1","0","0","0","0","0","Less Than 250 Miles"
"11:00 - 11:59","10:00 - 10:59","2023-02-07 00:00:00","2023-02-07 00:00:00","2023-02-06 00:00:00","2023-02-07 00:00:00","2023-02-06 00:00:00","2023-02-06 00:00:00","Fly Time","0","2023-02-06 00:00:00","10","11","1","2023-02-06 00:00:00","19393","WN","N482WN","2953","1209402","34699","HDN","Hayden, CO","CO","Colorado","1129202","30325","DEN","Denver, CO","CO","Colorado","-4","34","7","13","55","72","141","1","0","0","0","0","0","Less Than 250 Miles"
"11:00 - 11:59","10:00 - 10:59","2023-02-07 00:00:00","2023-02-07 00:00:00","2023-02-06 00:00:00","2023-02-07 00:00:00","2023-02-06 00:00:00","2023-02-06 00:00:00","Fly Time","0","2023-02-06 00:00:00","10","11","1","2023-02-06 00:00:00","19393","WN","N926WN","762","1219103","31453","HOU","Houston, TX","TX","Texas","1468305","33214","SAT","San Antonio, TX","TX","Texas","-3","10","3","5","60","68","192","1","0","0","0","0","0","Less Than 250 Miles"
"11:00 - 11:59","10:00 - 10:59","2023-02-13 00:00:00","2023-02-13 00:00:00","2023-02-13 00:00:00","2023-02-13 00:00:00","2023-02-13 00:00:00","2023-02-13 00:00:00","Fly Time","0","2023-02-13 00:00:00","10","11","1","2023-02-13 00:00:00","19393","WN","N8606C","313","1412202","30198","PIT","Pittsburgh, PA","PA","Pennsylvania","1082106","30852","BWI","Baltimore, MD","MD","Maryland","8","8","4","-2","65","55","210","1","0","0","0","0","0","Less Than 250 Miles"
"11:00 - 11:59","10:00 - 10:59","2023-02-13 00:00:00","2023-02-13 00:00:00","2023-02-13 00:00:00","2023-02-13 00:00:00","2023-02-13 00:00:00","2023-02-13 00:00:00","Airport System","36","2023-02-13 00:00:00","10","11","1","2023-02-13 00:00:00","19393","WN","N734SA","2324","1426204","34262","PSP","Palm Springs, CA","CA","California","1288904","32211","LAS","Las Vegas, NV","NV","Nevada","10","37","4","36","60","86","173","1","0","0","36","0","0","Less Than 250 Miles"
"11:00 - 11:59","10:00 - 10:59","2023-02-13 00:00:00","2023-02-13 00:00:00","2023-02-13 00:00:00","2023-02-13 00:00:00","2023-02-13 00:00:00","2023-02-13 00:00:00","Airport System","107","2023-02-13 00:00:00","10","11","1","2023-02-13 00:00:00","19393","WN","N491WN","1968","1080003","32575","BUR","Burbank, CA","CA","California","1288904","32211","LAS","Las Vegas, NV","NV","Nevada","6","105","14","107","65","166","223","1","0","0","101","0","6","Less Than 250 Miles"
"11:00 - 11:59","10:00 - 10:59","2023-02-13 00:00:00","2023-02-13 00:00:00","2023-02-13 00:00:00","2023-02-13 00:00:00","2023-02-13 00:00:00","2023-02-13 00:00:00","Fly Time","0","2023-02-13 00:00:00","10","11","1","2023-02-13 00:00:00","19393","WN","N777QC","1113","1082106","30852","BWI","Baltimore, MD","MD","Maryland","1239103","31703","ISP","Islip, NY","NY","New York","3","11","5","-2","65","60","220","1","0","0","0","0","0","Less Than 250 Miles"
"11:00 - 11:59","10:00 - 10:59","2023-02-14 00:00:00","2023-02-14 00:00:00","2023-02-13 00:00:00","2023-02-14 00:00:00","2023-02-13 00:00:00","2023-02-13 00:00:00","Airport System","39","2023-02-13 00:00:00","10","11","1","2023-02-13 00:00:00","19393","WN","N468WN","1175","1288904","32211","LAS","Las Vegas, NV","NV","Nevada","1080003","32575","BUR","Burbank, CA","CA","California","-3","62","2","39","65","107","223","1","0","0","39","0","0","Less Than 250 Miles"
"11:00 - 11:59","10:00 - 10:59","2023-02-14 00:00:00","2023-02-14 00:00:00","2023-02-13 00:00:00","2023-02-14 00:00:00","2023-02-13 00:00:00","2023-02-13 00:00:00","Airport System","31","2023-02-13 00:00:00","10","11","1","2023-02-13 00:00:00","19393","WN","N8802Q","1285","1288904","32211","LAS","Las Vegas, NV","NV","Nevada","1289208","32575","LAX","Los Angeles, CA","CA","California","-2","62","6","31","75","108","236","1","0","0","31","0","0","Less Than 250 Miles"
"11:00 - 11:59","11:00 - 11:59","2023-02-13 00:00:00","2023-02-13 00:00:00","2023-02-13 00:00:00","2023-02-13 00:00:00","2023-02-13 00:00:00","2023-02-13 00:00:00","Carrier","79","2023-02-13 00:00:00","11","11","1","2023-02-13 00:00:00","19393","WN","N8783L","1078","1217305","32134","HNL","Honolulu, HI","HI","Hawaii","1383002","33830","OGG","Kahului, HI","HI","Hawaii","79","19","3","79","45","45","100","1","79","0","0","0","0","Less Than 250 Miles"
"06:00 - 06:59","06:00 - 06:59","2023-02-20 00:00:00","2023-02-20 00:00:00","2023-02-20 00:00:00","2023-02-20 00:00:00","2023-02-20 00:00:00","2023-02-20 00:00:00","Carrier","51","2023-02-20 00:00:00","6","6","1","2023-02-20 00:00:00","19393","WN","N8725L","1454","1298202","32982","LIH","Lihue, HI","HI","Hawaii","1217305","32134","HNL","Honolulu, HI","HI","Hawaii","54","9","5","51","40","37","102","1","51","0","0","0","0","Less Than 250 Miles"
"07:00 - 07:59","06:00 - 06:59","2023-02-20 00:00:00","2023-02-20 00:00:00","2023-02-20 00:00:00","2023-02-20 00:00:00","2023-02-20 00:00:00","2023-02-20 00:00:00","Fly Time","0","2023-02-20 00:00:00","6","7","1","2023-02-20 00:00:00","19393","WN","N8620H","2737","1288904","32211","LAS","Las Vegas, NV","NV","Nevada","1289208","32575","LAX","Los Angeles, CA","CA","California","16","18","6","9","70","63","236","1","0","0","0","0","0","Less Than 250 Miles"
"07:00 - 07:59","06:00 - 06:59","2023-02-20 00:00:00","2023-02-20 00:00:00","2023-02-20 00:00:00","2023-02-20 00:00:00","2023-02-20 00:00:00","2023-02-20 00:00:00","Fly Time","0","2023-02-20 00:00:00","6","7","1","2023-02-20 00:00:00","19393","WN","N8774Q","1058","1217305","32134","HNL","Honolulu, HI","HI","Hawaii","1298202","32982","LIH","Lihue, HI","HI","Hawaii","5","17","4","4","45","44","102","1","0","0","0","0","0","Less Than 250 Miles"
"07:00 - 07:59","06:00 - 06:59","2023-02-20 00:00:00","2023-02-20 00:00:00","2023-02-20 00:00:00","2023-02-20 00:00:00","2023-02-20 00:00:00","2023-02-20 00:00:00","Fly Time","0","2023-02-20 00:00:00","6","7","1","2023-02-20 00:00:00","19393","WN","N1806U","1228","1240203","32402","ITO","Hilo, HI","HI","Hawaii","1217305","32134","HNL","Honolulu, HI","HI","Hawaii","11","14","5","12","55","56","216","1","0","0","0","0","0","Less Than 250 Miles"
"08:00 - 08:59","06:00 - 06:59","2023-02-20 00:00:00","2023-02-20 00:00:00","2023-02-20 00:00:00","2023-02-20 00:00:00","2023-02-20 00:00:00","2023-02-20 00:00:00","Fly Time","0","2023-02-20 00:00:00","6","8","1","2023-02-20 00:00:00","19393","WN","N202WN","429","1457002","34570","RNO","Reno, NV","NV","Nevada","1379609","32457","OAK","Oakland, CA","CA","California","6","18","6","-6","70","58","181","1","0","0","0","0","0","Less Than 250 Miles"
"08:00 - 08:59","07:00 - 07:59","2023-02-20 00:00:00","2023-02-20 00:00:00","2023-02-20 00:00:00","2023-02-20 00:00:00","2023-02-20 00:00:00","2023-02-20 00:00:00","Fly Time","0","2023-02-20 00:00:00","7","8","1","2023-02-20 00:00:00","19393","WN","N933WN","2513","1288904","32211","LAS","Las Vegas, NV","NV","Nevada","1389101","32575","ONT","Ontario, CA","CA","California","10","14","4","4","60","54","197","1","0","0","0","0","0","Less Than 250 Miles"
"08:00 - 08:59","07:00 - 07:59","2023-02-20 00:00:00","2023-02-20 00:00:00","2023-02-20 00:00:00","2023-02-20 00:00:00","2023-02-20 00:00:00","2023-02-20 00:00:00","Fly Time","0","2023-02-20 00:00:00","7","8","1","2023-02-20 00:00:00","19393","WN","N8508W","2704","1125904","30194","DAL","Dallas, TX","TX","Texas","1226603","31453","IAH","Houston, TX","TX","Texas","0","24","7","4","70","74","216","1","0","0","0","0","0","Less Than 250 Miles"
"09:00 - 09:59","08:00 - 08:59","2023-02-20 00:00:00","2023-02-20 00:00:00","2023-02-20 00:00:00","2023-02-20 00:00:00","2023-02-20 00:00:00","2023-02-20 00:00:00","Fly Time","0","2023-02-20 00:00:00","8","9","1","2023-02-20 00:00:00","19393","WN","N7879A","814","1288904","32211","LAS","Las Vegas, NV","NV","Nevada","1289208","32575","LAX","Los Angeles, CA","CA","California","17","14","13","12","70","65","236","1","0","0","0","0","0","Less Than 250 Miles"
"09:00 - 09:59","08:00 - 08:59","2023-02-20 00:00:00","2023-02-20 00:00:00","2023-02-20 00:00:00","2023-02-20 00:00:00","2023-02-20 00:00:00","2023-02-20 00:00:00","Fly Time","0","2023-02-20 00:00:00","8","9","1","2023-02-20 00:00:00","19393","WN","N960WN","2374","1295407","32575","LGB","Long Beach, CA","CA","California","1288904","32211","LAS","Las Vegas, NV","NV","Nevada","4","9","4","4","65","65","231","1","0","0","0","0","0","Less Than 250 Miles"
"09:00 - 09:59","08:00 - 08:59","2023-02-20 00:00:00","2023-02-20 00:00:00","2023-02-20 00:00:00","2023-02-20 00:00:00","2023-02-20 00:00:00","2023-02-20 00:00:00","Fly Time","0","2023-02-20 00:00:00","8","9","1","2023-02-20 00:00:00","19393","WN","N226WN","1697","1219103","31453","HOU","Houston, TX","TX","Texas","1042302","30423","AUS","Austin, TX","TX","Texas","21","13","4","7","60","46","148","1","0","0","0","0","0","Less Than 250 Miles"
"10:00 - 10:59","08:00 - 08:59","2023-02-20 00:00:00","2023-02-20 00:00:00","2023-02-20 00:00:00","2023-02-20 00:00:00","2023-02-20 00:00:00","2023-02-20 00:00:00","Carrier","37","2023-02-20 00:00:00","8","10","1","2023-02-20 00:00:00","19393","WN","N7883A","1278","1069302","30693","BNA","Nashville, TN","TN","Tennessee","1039707","30397","ATL","Atlanta, GA","GA","Georgia","55","9","6","37","70","52","214","1","37","0","0","0","0","Less Than 250 Miles"
"10:00 - 10:59","08:00 - 08:59","2023-02-20 00:00:00","2023-02-20 00:00:00","2023-02-20 00:00:00","2023-02-20 00:00:00","2023-02-20 00:00:00","2023-02-20 00:00:00","Fly Time","0","2023-02-20 00:00:00","8","10","1","2023-02-20 00:00:00","19393","WN","N1802U","2654","1323202","30977","MDW","Chicago, IL","IL","Illinois","1143302","31295","DTW","Detroit, MI","MI","Michigan","4","12","5","-7","65","54","228","1","0","0","0","0","0","Less Than 250 Miles"
"10:00 - 10:59","09:00 - 09:59","2023-02-20 00:00:00","2023-02-20 00:00:00","2023-02-20 00:00:00","2023-02-20 00:00:00","2023-02-20 00:00:00","2023-02-20 00:00:00","Fly Time","0","2023-02-20 00:00:00","9","10","1","2023-02-20 00:00:00","19393","WN","N261WN","2751","1288904","32211","LAS","Las Vegas, NV","NV","Nevada","1490803","32575","SNA","Santa Ana, CA","CA","California","1","16","3","-9","65","55","226","1","0","0","0","0","0","Less Than 250 Miles"
"10:00 - 10:59","09:00 - 09:59","2023-02-20 00:00:00","2023-02-20 00:00:00","2023-02-20 00:00:00","2023-02-20 00:00:00","2023-02-20 00:00:00","2023-02-20 00:00:00","Carrier","32","2023-02-20 00:00:00","9","10","1","2023-02-20 00:00:00","19393","WN","N461WN","357","1288904","32211","LAS","Las Vegas, NV","NV","Nevada","1389101","32575","ONT","Ontario, CA","CA","California","35","20","3","32","60","57","197","1","22","0","0","0","10","Less Than 250 Miles"
"10:00 - 10:59","09:00 - 09:59","2023-02-20 00:00:00","2023-02-20 00:00:00","2023-02-20 00:00:00","2023-02-20 00:00:00","2023-02-20 00:00:00","2023-02-20 00:00:00","Fly Time","0","2023-02-20 00:00:00","9","10","1","2023-02-20 00:00:00","19393","WN","N228WN","2978","1129202","30325","DEN","Denver, CO","CO","Colorado","1209402","34699","HDN","Hayden, CO","CO","Colorado","11","19","2","4","55","48","141","1","0","0","0","0","0","Less Than 250 Miles"
"10:00 - 10:59","09:00 - 09:59","2023-02-20 00:00:00","2023-02-20 00:00:00","2023-02-20 00:00:00","2023-02-20 00:00:00","2023-02-20 00:00:00","2023-02-20 00:00:00","Fly Time","0","2023-02-20 00:00:00","9","10","1","2023-02-20 00:00:00","19393","WN","N8774Q","1060","1217305","32134","HNL","Honolulu, HI","HI","Hawaii","1298202","32982","LIH","Lihue, HI","HI","Hawaii","0","21","4","3","45","48","102","1","0","0","0","0","0","Less Than 250 Miles"
"10:00 - 10:59","09:00 - 09:59","2023-02-20 00:00:00","2023-02-20 00:00:00","2023-02-20 00:00:00","2023-02-20 00:00:00","2023-02-20 00:00:00","2023-02-20 00:00:00","Fly Time","0","2023-02-20 00:00:00","9","10","1","2023-02-20 00:00:00","19393","WN","N436WN","5589","1125904","30194","DAL","Dallas, TX","TX","Texas","1042302","30423","AUS","Austin, TX","TX","Texas","21","9","3","0","65","44","189","1","0","0","0","0","0","Less Than 250 Miles"
"10:00 - 10:59","09:00 - 09:59","2023-02-20 00:00:00","2023-02-20 00:00:00","2023-02-20 00:00:00","2023-02-20 00:00:00","2023-02-20 00:00:00","2023-02-20 00:00:00","Fly Time","0","2023-02-20 00:00:00","9","10","1","2023-02-20 00:00:00","19393","WN","N8606C","14","1219103","31453","HOU","Houston, TX","TX","Texas","1125904","30194","DAL","Dallas, TX","TX","Texas","5","10","6","-7","70","58","239","1","0","0","0","0","0","Less Than 250 Miles"
"11:00 - 11:59","10:00 - 10:59","2023-02-20 00:00:00","2023-02-20 00:00:00","2023-02-20 00:00:00","2023-02-20 00:00:00","2023-02-20 00:00:00","2023-02-20 00:00:00","Fly Time","0","2023-02-20 00:00:00","10","11","1","2023-02-20 00:00:00","19393","WN","N965WN","1175","1288904","32211","LAS","Las Vegas, NV","NV","Nevada","1080003","32575","BUR","Burbank, CA","CA","California","8","13","3","-1","65","56","223","1","0","0","0","0","0","Less Than 250 Miles"
"11:00 - 11:59","10:00 - 10:59","2023-02-20 00:00:00","2023-02-20 00:00:00","2023-02-20 00:00:00","2023-02-20 00:00:00","2023-02-20 00:00:00","2023-02-20 00:00:00","Late Aircraft","16","2023-02-20 00:00:00","10","11","1","2023-02-20 00:00:00","19393","WN","N8620H","1285","1288904","32211","LAS","Las Vegas, NV","NV","Nevada","1289208","32575","LAX","Los Angeles, CA","CA","California","21","19","7","16","75","70","236","1","0","0","0","0","16","Less Than 250 Miles"
"11:00 - 11:59","10:00 - 10:59","2023-02-20 00:00:00","2023-02-20 00:00:00","2023-02-20 00:00:00","2023-02-20 00:00:00","2023-02-20 00:00:00","2023-02-20 00:00:00","Fly Time","0","2023-02-20 00:00:00","10","11","1","2023-02-20 00:00:00","19393","WN","N228WN","2953","1209402","34699","HDN","Hayden, CO","CO","Colorado","1129202","30325","DEN","Denver, CO","CO","Colorado","11","13","7","5","55","49","141","1","0","0","0","0","0","Less Than 250 Miles"
"11:00 - 11:59","10:00 - 10:59","2023-02-20 00:00:00","2023-02-20 00:00:00","2023-02-20 00:00:00","2023-02-20 00:00:00","2023-02-20 00:00:00","2023-02-20 00:00:00","Carrier","17","2023-02-20 00:00:00","10","11","1","2023-02-20 00:00:00","19393","WN","N950WN","1968","1080003","32575","BUR","Burbank, CA","CA","California","1288904","32211","LAS","Las Vegas, NV","NV","Nevada","19","13","2","17","65","63","223","1","17","0","0","0","0","Less Than 250 Miles"
"11:00 - 11:59","10:00 - 10:59","2023-02-20 00:00:00","2023-02-20 00:00:00","2023-02-20 00:00:00","2023-02-20 00:00:00","2023-02-20 00:00:00","2023-02-20 00:00:00","Airport System","21","2023-02-20 00:00:00","10","11","1","2023-02-20 00:00:00","19393","WN","N786SW","2324","1426204","34262","PSP","Palm Springs, CA","CA","California","1288904","32211","LAS","Las Vegas, NV","NV","Nevada","10","27","2","21","60","71","173","1","7","0","11","0","3","Less Than 250 Miles"
"11:00 - 11:59","11:00 - 11:59","2023-02-20 00:00:00","2023-02-20 00:00:00","2023-02-20 00:00:00","2023-02-20 00:00:00","2023-02-20 00:00:00","2023-02-20 00:00:00","Fly Time","0","2023-02-20 00:00:00","11","11","1","2023-02-20 00:00:00","19393","WN","N8750Q","1078","1217305","32134","HNL","Honolulu, HI","HI","Hawaii","1383002","33830","OGG","Kahului, HI","HI","Hawaii","3","15","4","-2","45","40","100","1","0","0","0","0","0","Less Than 250 Miles"
"12:00 - 12:59","11:00 - 11:59","2023-02-20 00:00:00","2023-02-20 00:00:00","2023-02-20 00:00:00","2023-02-20 00:00:00","2023-02-20 00:00:00","2023-02-20 00:00:00","Fly Time","0","2023-02-20 00:00:00","11","12","1","2023-02-20 00:00:00","19393","WN","N950WN","2752","1288904","32211","LAS","Las Vegas, NV","NV","Nevada","1389101","32575","ONT","Ontario, CA","CA","California","17","9","3","-2","65","46","197","1","0","0","0","0","0","Less Than 250 Miles"
"12:00 - 12:59","11:00 - 11:59","2023-02-20 00:00:00","2023-02-20 00:00:00","2023-02-20 00:00:00","2023-02-20 00:00:00","2023-02-20 00:00:00","2023-02-20 00:00:00","Fly Time","0","2023-02-20 00:00:00","11","12","1","2023-02-20 00:00:00","19393","WN","N8774Q","1061","1298202","32982","LIH","Lihue, HI","HI","Hawaii","1217305","32134","HNL","Honolulu, HI","HI","Hawaii","3","8","5","0","40","37","102","1","0","0","0","0","0","Less Than 250 Miles"
"12:00 - 12:59","11:00 - 11:59","2023-02-20 00:00:00","2023-02-20 00:00:00","2023-02-20 00:00:00","2023-02-20 00:00:00","2023-02-20 00:00:00","2023-02-20 00:00:00","Fly Time","0","2023-02-20 00:00:00","11","12","1","2023-02-20 00:00:00","19393","WN","N8507C","1841","1125904","30194","DAL","Dallas, TX","TX","Texas","1042302","30423","AUS","Austin, TX","TX","Texas","11","7","3","-10","65","44","189","1","0","0","0","0","0","Less Than 250 Miles"
"12:00 - 12:59","11:00 - 11:59","2023-02-20 00:00:00","2023-02-20 00:00:00","2023-02-20 00:00:00","2023-02-20 00:00:00","2023-02-20 00:00:00","2023-02-20 00:00:00","Fly Time","0","2023-02-20 00:00:00","11","12","1","2023-02-20 00:00:00","19393","WN","N436WN","2214","1042302","30423","AUS","Austin, TX","TX","Texas","1125904","30194","DAL","Dallas, TX","TX","Texas","1","8","3","-11","60","48","189","1","0","0","0","0","0","Less Than 250 Miles"
"13:00 - 13:59","11:00 - 11:59","2023-02-20 00:00:00","2023-02-20 00:00:00","2023-02-20 00:00:00","2023-02-20 00:00:00","2023-02-20 00:00:00","2023-02-20 00:00:00","Fly Time","0","2023-02-20 00:00:00","11","13","1","2023-02-20 00:00:00","19393","WN","N8698B","2409","1288904","32211","LAS","Las Vegas, NV","NV","Nevada","1295407","32575","LGB","Long Beach, CA","CA","California","10","18","4","0","70","60","231","1","0","0","0","0","0","Less Than 250 Miles"
"13:00 - 13:59","12:00 - 12:59","2023-02-20 00:00:00","2023-02-20 00:00:00","2023-02-20 00:00:00","2023-02-20 00:00:00","2023-02-20 00:00:00","2023-02-20 00:00:00","Fly Time","0","2023-02-20 00:00:00","12","13","1","2023-02-20 00:00:00","19393","WN","N7845A","975","1288904","32211","LAS","Las Vegas, NV","NV","Nevada","1080003","32575","BUR","Burbank, CA","CA","California","1","8","2","-23","75","51","223","1","0","0","0","0","0","Less Than 250 Miles"
"13:00 - 13:59","12:00 - 12:59","2023-02-20 00:00:00","2023-02-20 00:00:00","2023-02-20 00:00:00","2023-02-20 00:00:00","2023-02-20 00:00:00","2023-02-20 00:00:00","Fly Time","0","2023-02-20 00:00:00","12","13","1","2023-02-20 00:00:00","19393","WN","N237WN","2368","1110902","30189","COS","Colorado Springs, CO","CO","Colorado","1129202","30325","DEN","Denver, CO","CO","Colorado","13","9","4","-8","50","29","73","1","0","0","0","0","0","Less Than 250 Miles"
"13:00 - 13:59","12:00 - 12:59","2023-02-20 00:00:00","2023-02-20 00:00:00","2023-02-20 00:00:00","2023-02-20 00:00:00","2023-02-20 00:00:00","2023-02-20 00:00:00","Fly Time","0","2023-02-20 00:00:00","12","13","1","2023-02-20 00:00:00","19393","WN","N8301J","1070","1217305","32134","HNL","Honolulu, HI","HI","Hawaii","1383002","33830","OGG","Kahului, HI","HI","Hawaii","5","13","16","10","45","50","100","1","0","0","0","0","0","Less Than 250 Miles"
"13:00 - 13:59","12:00 - 12:59","2023-02-20 00:00:00","2023-02-20 00:00:00","2023-02-20 00:00:00","2023-02-20 00:00:00","2023-02-20 00:00:00","2023-02-20 00:00:00","Fly Time","0","2023-02-20 00:00:00","12","13","1","2023-02-20 00:00:00","19393","WN","N275WN","1317","1490803","32575","SNA","Santa Ana, CA","CA","California","1288904","32211","LAS","Las Vegas, NV","NV","Nevada","3","16","3","6","70","73","226","1","0","0","0","0","0","Less Than 250 Miles"
"13:00 - 13:59","12:00 - 12:59","2023-02-20 00:00:00","2023-02-20 00:00:00","2023-02-20 00:00:00","2023-02-20 00:00:00","2023-02-20 00:00:00","2023-02-20 00:00:00","Fly Time","0","2023-02-20 00:00:00","12","13","1","2023-02-20 00:00:00","19393","WN","N8620H","1286","1289208","32575","LAX","Los Angeles, CA","CA","California","1288904","32211","LAS","Las Vegas, NV","NV","Nevada","19","8","4","13","70","64","236","1","0","0","0","0","0","Less Than 250 Miles"
"13:00 - 13:59","12:00 - 12:59","2023-02-20 00:00:00","2023-02-20 00:00:00","2023-02-20 00:00:00","2023-02-20 00:00:00","2023-02-20 00:00:00","2023-02-20 00:00:00","Fly Time","0","2023-02-20 00:00:00","12","13","1","2023-02-20 00:00:00","19393","WN","N8320J","2903","1125904","30194","DAL","Dallas, TX","TX","Texas","1537002","34653","TUL","Tulsa, OK","OK","Oklahoma","1","9","5","-15","70","54","238","1","0","0","0","0","0","Less Than 250 Miles"
"13:00 - 13:59","12:00 - 12:59","2023-02-20 00:00:00","2023-02-20 00:00:00","2023-02-20 00:00:00","2023-02-20 00:00:00","2023-02-20 00:00:00","2023-02-20 00:00:00","Fly Time","0","2023-02-20 00:00:00","12","13","1","2023-02-20 00:00:00","19393","WN","N561WN","5871","1468305","33214","SAT","San Antonio, TX","TX","Texas","1125904","30194","DAL","Dallas, TX","TX","Texas","5","10","4","0","65","60","247","1","0","0","0","0","0","Less Than 250 Miles"
"13:00 - 13:59","13:00 - 13:59","2023-02-20 00:00:00","2023-02-20 00:00:00","2023-02-20 00:00:00","2023-02-20 00:00:00","2023-02-20 00:00:00","2023-02-20 00:00:00","Fly Time","0","2023-02-20 00:00:00","13","13","1","2023-02-20 00:00:00","19393","WN","N208WN","443","1119302","33105","CVG","Cincinnati, OH","KY","Kentucky","1323202","30977","MDW","Chicago, IL","IL","Illinois","4","8","2","-9","70","57","249","1","0","0","0","0","0","Less Than 250 Miles"
"13:00 - 13:59","13:00 - 13:59","2023-02-20 00:00:00","2023-02-20 00:00:00","2023-02-20 00:00:00","2023-02-20 00:00:00","2023-02-20 00:00:00","2023-02-20 00:00:00","Fly Time","0","2023-02-20 00:00:00","13","13","1","2023-02-20 00:00:00","19393","WN","N8329B","767","1143302","31295","DTW","Detroit, MI","MI","Michigan","1323202","30977","MDW","Chicago, IL","IL","Illinois","5","11","5","-3","70","62","228","1","0","0","0","0","0","Less Than 250 Miles"
"14:00 - 14:59","12:00 - 12:59","2023-02-20 00:00:00","2023-02-20 00:00:00","2023-02-20 00:00:00","2023-02-20 00:00:00","2023-02-20 00:00:00","2023-02-20 00:00:00","Fly Time","0","2023-02-20 00:00:00","12","14","1","2023-02-20 00:00:00","19393","WN","N8614M","848","1323202","30977","MDW","Chicago, IL","IL","Illinois","1119302","33105","CVG","Cincinnati, OH","KY","Kentucky","1","20","4","0","65","64","249","1","0","0","0","0","0","Less Than 250 Miles"
"14:00 - 14:59","13:00 - 13:59","2023-02-20 00:00:00","2023-02-20 00:00:00","2023-02-20 00:00:00","2023-02-20 00:00:00","2023-02-20 00:00:00","2023-02-20 00:00:00","Airport System","18","2023-02-20 00:00:00","13","14","1","2023-02-20 00:00:00","19393","WN","N260WN","955","1129202","30325","DEN","Denver, CO","CO","Colorado","1350202","33502","MTJ","Montrose/Delta, CO","CO","Colorado","4","15","6","18","55","69","196","1","0","0","18","0","0","Less Than 250 Miles"
"14:00 - 14:59","13:00 - 13:59","2023-02-20 00:00:00","2023-02-20 00:00:00","2023-02-20 00:00:00","2023-02-20 00:00:00","2023-02-20 00:00:00","2023-02-20 00:00:00","Fly Time","0","2023-02-20 00:00:00","13","14","1","2023-02-20 00:00:00","19393","WN","N7828A","593","1209402","34699","HDN","Hayden, CO","CO","Colorado","1129202","30325","DEN","Denver, CO","CO","Colorado","14","18","6","7","60","53","141","1","0","0","0","0","0","Less Than 250 Miles"
"14:00 - 14:59","13:00 - 13:59","2023-02-20 00:00:00","2023-02-20 00:00:00","2023-02-20 00:00:00","2023-02-20 00:00:00","2023-02-20 00:00:00","2023-02-20 00:00:00","Fly Time","0","2023-02-20 00:00:00","13","14","1","2023-02-20 00:00:00","19393","WN","N8756S","2347","1217305","32134","HNL","Honolulu, HI","HI","Hawaii","1240203","32402","ITO","Hilo, HI","HI","Hawaii","9","15","3","5","60","56","216","1","0","0","0","0","0","Less Than 250 Miles"
"14:00 - 14:59","13:00 - 13:59","2023-02-20 00:00:00","2023-02-20 00:00:00","2023-02-20 00:00:00","2023-02-20 00:00:00","2023-02-20 00:00:00","2023-02-20 00:00:00","Late Aircraft","32","2023-02-20 00:00:00","13","14","1","2023-02-20 00:00:00","19393","WN","N8701Q","1357","1275804","32758","KOA","Kona, HI","HI","Hawaii","1217305","32134","HNL","Honolulu, HI","HI","Hawaii","25","12","6","32","50","57","163","1","0","0","7","0","25","Less Than 250 Miles"
"14:00 - 14:59","13:00 - 13:59","2023-02-20 00:00:00","2023-02-20 00:00:00","2023-02-20 00:00:00","2023-02-20 00:00:00","2023-02-20 00:00:00","2023-02-20 00:00:00","Fly Time","0","2023-02-20 00:00:00","13","14","1","2023-02-20 00:00:00","19393","WN","N950WN","1970","1389101","32575","ONT","Ontario, CA","CA","California","1288904","32211","LAS","Las Vegas, NV","NV","Nevada","8","9","5","3","65","60","197","1","0","0","0","0","0","Less Than 250 Miles"
"14:00 - 14:59","13:00 - 13:59","2023-02-20 00:00:00","2023-02-20 00:00:00","2023-02-20 00:00:00","2023-02-20 00:00:00","2023-02-20 00:00:00","2023-02-20 00:00:00","Fly Time","0","2023-02-20 00:00:00","13","14","1","2023-02-20 00:00:00","19393","WN","N7733B","1370","1125904","30194","DAL","Dallas, TX","TX","Texas","1468305","33214","SAT","San Antonio, TX","TX","Texas","8","7","2","-14","75","53","247","1","0","0","0","0","0","Less Than 250 Miles"
"14:00 - 14:59","13:00 - 13:59","2023-02-20 00:00:00","2023-02-20 00:00:00","2023-02-20 00:00:00","2023-02-20 00:00:00","2023-02-20 00:00:00","2023-02-20 00:00:00","Carrier","29","2023-02-20 00:00:00","13","14","1","2023-02-20 00:00:00","19393","WN","N486WN","27","1125904","30194","DAL","Dallas, TX","TX","Texas","1219103","31453","HOU","Houston, TX","TX","Texas","32","23","3","29","75","72","239","1","28","0","0","0","1","Less Than 250 Miles"
"14:00 - 14:59","13:00 - 13:59","2023-02-20 00:00:00","2023-02-20 00:00:00","2023-02-20 00:00:00","2023-02-20 00:00:00","2023-02-20 00:00:00","2023-02-20 00:00:00","Fly Time","0","2023-02-20 00:00:00","13","14","1","2023-02-20 00:00:00","19393","WN","N8557Q","1846","1125904","30194","DAL","Dallas, TX","TX","Texas","1042302","30423","AUS","Austin, TX","TX","Texas","2","11","4","-13","65","50","189","1","0","0","0","0","0","Less Than 250 Miles"
"15:00 - 15:59","14:00 - 14:59","2023-02-20 00:00:00","2023-02-20 00:00:00","2023-02-20 00:00:00","2023-02-20 00:00:00","2023-02-20 00:00:00","2023-02-20 00:00:00","Fly Time","0","2023-02-20 00:00:00","14","15","1","2023-02-20 00:00:00","19393","WN","N7882B","1838","1288904","32211","LAS","Las Vegas, NV","NV","Nevada","1080003","32575","BUR","Burbank, CA","CA","California","12","24","3","8","75","71","223","1","0","0","0","0","0","Less Than 250 Miles"
"15:00 - 15:59","14:00 - 14:59","2023-02-20 00:00:00","2023-02-20 00:00:00","2023-02-20 00:00:00","2023-02-20 00:00:00","2023-02-20 00:00:00","2023-02-20 00:00:00","Fly Time","0","2023-02-20 00:00:00","14","15","1","2023-02-20 00:00:00","19393","WN","N8545V","1301","1288904","32211","LAS","Las Vegas, NV","NV","Nevada","1289208","32575","LAX","Los Angeles, CA","CA","California","9","33","5","9","75","75","236","1","0","0","0","0","0","Less Than 250 Miles"
"15:00 - 15:59","14:00 - 14:59","2023-02-20 00:00:00","2023-02-20 00:00:00","2023-02-20 00:00:00","2023-02-20 00:00:00","2023-02-20 00:00:00","2023-02-20 00:00:00","Fly Time","0","2023-02-20 00:00:00","14","15","1","2023-02-20 00:00:00","19393","WN","N260WN","1620","1350202","33502","MTJ","Montrose/Delta, CO","CO","Colorado","1129202","30325","DEN","Denver, CO","CO","Colorado","22","9","7","1","70","49","196","1","0","0","0","0","0","Less Than 250 Miles"
"15:00 - 15:59","14:00 - 14:59","2023-02-20 00:00:00","2023-02-20 00:00:00","2023-02-20 00:00:00","2023-02-20 00:00:00","2023-02-20 00:00:00","2023-02-20 00:00:00","Carrier","30","2023-02-20 00:00:00","14","15","1","2023-02-20 00:00:00","19393","WN","N8763L","1269","1275804","32758","KOA","Kona, HI","HI","Hawaii","1383002","33830","OGG","Kahului, HI","HI","Hawaii","29","14","4","30","35","36","84","1","25","0","1","0","4","Less Than 250 Miles"
"15:00 - 15:59","14:00 - 14:59","2023-02-20 00:00:00","2023-02-20 00:00:00","2023-02-20 00:00:00","2023-02-20 00:00:00","2023-02-20 00:00:00","2023-02-20 00:00:00","Fly Time","0","2023-02-20 00:00:00","14","15","1","2023-02-20 00:00:00","19393","WN","N927WN","1329","1289208","32575","LAX","Los Angeles, CA","CA","California","1288904","32211","LAS","Las Vegas, NV","NV","Nevada","3","8","3","-2","65","60","236","1","0","0","0","0","0","Less Than 250 Miles"
"15:00 - 15:59","14:00 - 14:59","2023-02-20 00:00:00","2023-02-20 00:00:00","2023-02-20 00:00:00","2023-02-20 00:00:00","2023-02-20 00:00:00","2023-02-20 00:00:00","Fly Time","0","2023-02-20 00:00:00","14","15","1","2023-02-20 00:00:00","19393","WN","N8675A","2166","1125904","30194","DAL","Dallas, TX","TX","Texas","1537002","34653","TUL","Tulsa, OK","OK","Oklahoma","15","22","4","11","65","61","238","1","0","0","0","0","0","Less Than 250 Miles"
"15:00 - 15:59","14:00 - 14:59","2023-02-20 00:00:00","2023-02-20 00:00:00","2023-02-20 00:00:00","2023-02-20 00:00:00","2023-02-20 00:00:00","2023-02-20 00:00:00","Fly Time","0","2023-02-20 00:00:00","14","15","1","2023-02-20 00:00:00","19393","WN","N8320J","1508","1537002","34653","TUL","Tulsa, OK","OK","Oklahoma","1125904","30194","DAL","Dallas, TX","TX","Texas","2","11","3","-4","65","59","238","1","0","0","0","0","0","Less Than 250 Miles"
"15:00 - 15:59","14:00 - 14:59","2023-02-20 00:00:00","2023-02-20 00:00:00","2023-02-20 00:00:00","2023-02-20 00:00:00","2023-02-20 00:00:00","2023-02-20 00:00:00","Fly Time","0","2023-02-20 00:00:00","14","15","1","2023-02-20 00:00:00","19393","WN","N8687A","42","1114008","31140","CRP","Corpus Christi, TX","TX","Texas","1219103","31453","HOU","Houston, TX","TX","Texas","4","7","3","-8","60","48","187","1","0","0","0","0","0","Less Than 250 Miles"
"15:00 - 15:59","14:00 - 14:59","2023-02-20 00:00:00","2023-02-20 00:00:00","2023-02-20 00:00:00","2023-02-20 00:00:00","2023-02-20 00:00:00","2023-02-20 00:00:00","Carrier","45","2023-02-20 00:00:00","14","15","1","2023-02-20 00:00:00","19393","WN","N8667D","1967","1042302","30423","AUS","Austin, TX","TX","Texas","1219103","31453","HOU","Houston, TX","TX","Texas","35","28","3","45","60","70","148","1","35","0","10","0","0","Less Than 250 Miles"
"15:00 - 15:59","14:00 - 14:59","2023-02-20 00:00:00","2023-02-20 00:00:00","2023-02-20 00:00:00","2023-02-20 00:00:00","2023-02-20 00:00:00","2023-02-20 00:00:00","Fly Time","0","2023-02-20 00:00:00","14","15","1","2023-02-20 00:00:00","19393","WN","N456WN","2102","1125904","30194","DAL","Dallas, TX","TX","Texas","1226603","31453","IAH","Houston, TX","TX","Texas","2","28","6","2","75","75","216","1","0","0","0","0","0","Less Than 250 Miles"
"15:00 - 15:59","15:00 - 15:59","2023-02-20 00:00:00","2023-02-20 00:00:00","2023-02-20 00:00:00","2023-02-20 00:00:00","2023-02-20 00:00:00","2023-02-20 00:00:00","Fly Time","0","2023-02-20 00:00:00","15","15","1","2023-02-20 00:00:00","19393","WN","N8301J","1071","1383002","33830","OGG","Kahului, HI","HI","Hawaii","1217305","32134","HNL","Honolulu, HI","HI","Hawaii","0","22","4","9","45","54","100","1","0","0","0","0","0","Less Than 250 Miles"
"16:00 - 16:59","14:00 - 14:59","2023-02-20 00:00:00","2023-02-20 00:00:00","2023-02-20 00:00:00","2023-02-20 00:00:00","2023-02-20 00:00:00","2023-02-20 00:00:00","Fly Time","0","2023-02-20 00:00:00","14","16","1","2023-02-20 00:00:00","19393","WN","N8646B","1702","1226603","31453","IAH","Houston, TX","TX","Texas","1125904","30194","DAL","Dallas, TX","TX","Texas","1","10","34","10","75","84","216","1","0","0","0","0","0","Less Than 250 Miles"
"16:00 - 16:59","15:00 - 15:59","2023-02-20 00:00:00","2023-02-20 00:00:00","2023-02-20 00:00:00","2023-02-20 00:00:00","2023-02-20 00:00:00","2023-02-20 00:00:00","Fly Time","0","2023-02-20 00:00:00","15","16","1","2023-02-20 00:00:00","19393","WN","N8313F","1644","1288904","32211","LAS","Las Vegas, NV","NV","Nevada","1289208","32575","LAX","Los Angeles, CA","CA","California","16","17","4","6","70","60","236","1","0","0","0","0","0","Less Than 250 Miles"
"06:00 - 06:59","00:01 - 05:59","2023-10-23 00:00:00","2023-10-23 00:00:00","2023-10-23 00:00:00","2023-10-23 00:00:00","2023-10-23 00:00:00","2023-10-23 00:00:00","Carrier","64","2023-10-23 00:00:00","0","6","1","2023-10-23 00:00:00","19393","WN","N8748Q","2182","1288904","32211","LAS","Las Vegas, NV","NV","Nevada","1289208","32575","LAX","Los Angeles, CA","CA","California","54","25","9","64","65","75","236","1","54","0","10","0","0","Less Than 250 Miles"
"06:00 - 06:59","00:01 - 05:59","2023-10-30 00:00:00","2023-10-30 00:00:00","2023-10-30 00:00:00","2023-10-30 00:00:00","2023-10-30 00:00:00","2023-10-30 00:00:00","Fly Time","0","2023-10-30 00:00:00","0","6","1","2023-10-30 00:00:00","19393","WN","N282WN","321","1289208","32575","LAX","Los Angeles, CA","CA","California","1288904","32211","LAS","Las Vegas, NV","NV","Nevada","1","15","5","-8","70","61","236","1","0","0","0","0","0","Less Than 250 Miles"
"06:00 - 06:59","00:01 - 05:59","2023-10-31 00:00:00","2023-10-31 00:00:00","2023-10-30 00:00:00","2023-10-31 00:00:00","2023-10-30 00:00:00","2023-10-30 00:00:00","Fly Time","0","2023-10-30 00:00:00","0","6","1","2023-10-30 00:00:00","19393","WN","N8756S","2182","1288904","32211","LAS","Las Vegas, NV","NV","Nevada","1289208","32575","LAX","Los Angeles, CA","CA","California","-3","18","5","3","65","71","236","1","0","0","0","0","0","Less Than 250 Miles"
"06:00 - 06:59","06:00 - 06:59","2023-10-30 00:00:00","2023-10-30 00:00:00","2023-10-30 00:00:00","2023-10-30 00:00:00","2023-10-30 00:00:00","2023-10-30 00:00:00","Airport System","21","2023-10-30 00:00:00","6","6","1","2023-10-30 00:00:00","19393","WN","N1810U","425","1110902","30189","COS","Colorado Springs, CO","CO","Colorado","1129202","30325","DEN","Denver, CO","CO","Colorado","8","32","8","21","50","63","73","1","8","0","13","0","0","Less Than 250 Miles"
"06:00 - 06:59","00:01 - 05:59","2023-11-06 00:00:00","2023-11-06 00:00:00","2023-11-06 00:00:00","2023-11-06 00:00:00","2023-11-06 00:00:00","2023-11-06 00:00:00","Fly Time","0","2023-11-06 00:00:00","0","6","1","2023-11-06 00:00:00","19393","WN","N8759Q","1169","1042302","30423","AUS","Austin, TX","TX","Texas","1125904","30194","DAL","Dallas, TX","TX","Texas","2","12","4","-10","65","53","189","1","0","0","0","0","0","Less Than 250 Miles"
"07:00 - 07:59","06:00 - 06:59","2023-10-23 00:00:00","2023-10-23 00:00:00","2023-10-23 00:00:00","2023-10-23 00:00:00","2023-10-23 00:00:00","2023-10-23 00:00:00","Carrier","40","2023-10-23 00:00:00","6","7","1","2023-10-23 00:00:00","19393","WN","N478WN","507","1288904","32211","LAS","Las Vegas, NV","NV","Nevada","1080003","32575","BUR","Burbank, CA","CA","California","44","16","2","40","70","66","223","1","40","0","0","0","0","Less Than 250 Miles"
"07:00 - 07:59","06:00 - 06:59","2023-10-23 00:00:00","2023-10-23 00:00:00","2023-10-23 00:00:00","2023-10-23 00:00:00","2023-10-23 00:00:00","2023-10-23 00:00:00","Fly Time","0","2023-10-23 00:00:00","6","7","1","2023-10-23 00:00:00","19393","WN","N8617E","550","1199603","31871","GSP","Greer, SC","SC","South Carolina","1039707","30397","ATL","Atlanta, GA","GA","Georgia","6","12","9","-2","65","57","153","1","0","0","0","0","0","Less Than 250 Miles"
"07:00 - 07:59","06:00 - 06:59","2023-10-23 00:00:00","2023-10-23 00:00:00","2023-10-23 00:00:00","2023-10-23 00:00:00","2023-10-23 00:00:00","2023-10-23 00:00:00","Fly Time","0","2023-10-23 00:00:00","6","7","1","2023-10-23 00:00:00","19393","WN","N8724J","621","1240203","32402","ITO","Hilo, HI","HI","Hawaii","1217305","32134","HNL","Honolulu, HI","HI","Hawaii","9","13","10","14","55","60","216","1","0","0","0","0","0","Less Than 250 Miles"
"07:00 - 07:59","06:00 - 06:59","2023-10-23 00:00:00","2023-10-23 00:00:00","2023-10-23 00:00:00","2023-10-23 00:00:00","2023-10-23 00:00:00","2023-10-23 00:00:00","Fly Time","0","2023-10-23 00:00:00","6","7","1","2023-10-23 00:00:00","19393","WN","N8707P","1141","1319801","33198","MCI","Kansas City, MO","MO","Missouri","1501606","31123","STL","St. Louis, MO","MO","Missouri","11","11","7","-1","65","53","237","1","0","0","0","0","0","Less Than 250 Miles"
"07:00 - 07:59","06:00 - 06:59","2023-10-23 00:00:00","2023-10-23 00:00:00","2023-10-23 00:00:00","2023-10-23 00:00:00","2023-10-23 00:00:00","2023-10-23 00:00:00","Fly Time","0","2023-10-23 00:00:00","6","7","1","2023-10-23 00:00:00","19393","WN","N476WN","498","1042302","30423","AUS","Austin, TX","TX","Texas","1219103","31453","HOU","Houston, TX","TX","Texas","2","14","3","-10","60","48","148","1","0","0","0","0","0","Less Than 250 Miles"
"07:00 - 07:59","06:00 - 06:59","2023-10-23 00:00:00","2023-10-23 00:00:00","2023-10-23 00:00:00","2023-10-23 00:00:00","2023-10-23 00:00:00","2023-10-23 00:00:00","Fly Time","0","2023-10-23 00:00:00","6","7","1","2023-10-23 00:00:00","19393","WN","N448WN","441","1226603","31453","IAH","Houston, TX","TX","Texas","1125904","30194","DAL","Dallas, TX","TX","Texas","5","12","4","-5","65","55","216","1","0","0","0","0","0","Less Than 250 Miles"
"07:00 - 07:59","06:00 - 06:59","2023-10-23 00:00:00","2023-10-23 00:00:00","2023-10-23 00:00:00","2023-10-23 00:00:00","2023-10-23 00:00:00","2023-10-23 00:00:00","Fly Time","0","2023-10-23 00:00:00","6","7","1","2023-10-23 00:00:00","19393","WN","N765SW","522","1468305","33214","SAT","San Antonio, TX","TX","Texas","1219103","31453","HOU","Houston, TX","TX","Texas","2","11","6","-4","55","49","192","1","0","0","0","0","0","Less Than 250 Miles"
"07:00 - 07:59","06:00 - 06:59","2023-10-23 00:00:00","2023-10-23 00:00:00","2023-10-23 00:00:00","2023-10-23 00:00:00","2023-10-23 00:00:00","2023-10-23 00:00:00","Fly Time","0","2023-10-23 00:00:00","6","7","1","2023-10-23 00:00:00","19393","WN","N8844Q","2609","1042302","30423","AUS","Austin, TX","TX","Texas","1125904","30194","DAL","Dallas, TX","TX","Texas","7","13","9","9","60","62","189","1","0","0","0","0","0","Less Than 250 Miles"
"07:00 - 07:59","06:00 - 06:59","2023-10-24 00:00:00","2023-10-24 00:00:00","2023-10-23 00:00:00","2023-10-24 00:00:00","2023-10-23 00:00:00","2023-10-23 00:00:00","Fly Time","0","2023-10-23 00:00:00","6","7","1","2023-10-23 00:00:00","19393","WN","N8706W","570","1217305","32134","HNL","Honolulu, HI","HI","Hawaii","1383002","33830","OGG","Kahului, HI","HI","Hawaii","-1","21","2","1","45","47","100","1","0","0","0","0","0","Less Than 250 Miles"
"07:00 - 07:59","06:00 - 06:59","2023-10-30 00:00:00","2023-10-30 00:00:00","2023-10-30 00:00:00","2023-10-30 00:00:00","2023-10-30 00:00:00","2023-10-30 00:00:00","Carrier","91","2023-10-30 00:00:00","6","7","1","2023-10-30 00:00:00","19393","WN","N7867A","3045","1412202","30198","PIT","Pittsburgh, PA","PA","Pennsylvania","1082106","30852","BWI","Baltimore, MD","MD","Maryland","92","10","12","91","65","64","210","1","91","0","0","0","0","Less Than 250 Miles"
"07:00 - 07:59","06:00 - 06:59","2023-10-30 00:00:00","2023-10-30 00:00:00","2023-10-30 00:00:00","2023-10-30 00:00:00","2023-10-30 00:00:00","2023-10-30 00:00:00","Fly Time","0","2023-10-30 00:00:00","6","7","1","2023-10-30 00:00:00","19393","WN","N8307K","1141","1319801","33198","MCI","Kansas City, MO","MO","Missouri","1501606","31123","STL","St. Louis, MO","MO","Missouri","1","25","4","2","65","66","237","1","0","0","0","0","0","Less Than 250 Miles"
"07:00 - 07:59","06:00 - 06:59","2023-10-30 00:00:00","2023-10-30 00:00:00","2023-10-30 00:00:00","2023-10-30 00:00:00","2023-10-30 00:00:00","2023-10-30 00:00:00","Carrier","15","2023-10-30 00:00:00","6","7","1","2023-10-30 00:00:00","19393","WN","N8630B","2609","1042302","30423","AUS","Austin, TX","TX","Texas","1125904","30194","DAL","Dallas, TX","TX","Texas","19","12","7","15","60","56","189","1","15","0","0","0","0","Less Than 250 Miles"
"07:00 - 07:59","06:00 - 06:59","2023-10-31 00:00:00","2023-10-31 00:00:00","2023-10-30 00:00:00","2023-10-31 00:00:00","2023-10-30 00:00:00","2023-10-30 00:00:00","Fly Time","0","2023-10-30 00:00:00","6","7","1","2023-10-30 00:00:00","19393","WN","N429WN","522","1468305","33214","SAT","San Antonio, TX","TX","Texas","1219103","31453","HOU","Houston, TX","TX","Texas","-4","23","4","9","55","68","192","1","0","0","0","0","0","Less Than 250 Miles"
"07:00 - 07:59","06:00 - 06:59","2023-10-31 00:00:00","2023-10-31 00:00:00","2023-10-30 00:00:00","2023-10-31 00:00:00","2023-10-30 00:00:00","2023-10-30 00:00:00","Fly Time","0","2023-10-30 00:00:00","6","7","1","2023-10-30 00:00:00","19393","WN","N458WN","10","1114008","31140","CRP","Corpus Christi, TX","TX","Texas","1219103","31453","HOU","Houston, TX","TX","Texas","-3","25","4","3","60","66","187","1","0","0","0","0","0","Less Than 250 Miles"
"07:00 - 07:59","06:00 - 06:59","2023-10-31 00:00:00","2023-10-31 00:00:00","2023-10-30 00:00:00","2023-10-31 00:00:00","2023-10-30 00:00:00","2023-10-30 00:00:00","Fly Time","0","2023-10-30 00:00:00","6","7","1","2023-10-30 00:00:00","19393","WN","N8654B","1628","1125904","30194","DAL","Dallas, TX","TX","Texas","1219103","31453","HOU","Houston, TX","TX","Texas","-1","10","7","1","65","67","239","1","0","0","0","0","0","Less Than 250 Miles"
"07:00 - 07:59","06:00 - 06:59","2023-10-31 00:00:00","2023-10-31 00:00:00","2023-10-30 00:00:00","2023-10-31 00:00:00","2023-10-30 00:00:00","2023-10-30 00:00:00","Airport System","16","2023-10-30 00:00:00","6","7","1","2023-10-30 00:00:00","19393","WN","N8886C","1636","1219103","31453","HOU","Houston, TX","TX","Texas","1125904","30194","DAL","Dallas, TX","TX","Texas","-5","12","15","16","65","86","239","1","0","0","16","0","0","Less Than 250 Miles"
"07:00 - 07:59","06:00 - 06:59","2023-11-06 00:00:00","2023-11-06 00:00:00","2023-11-06 00:00:00","2023-11-06 00:00:00","2023-11-06 00:00:00","2023-11-06 00:00:00","Weather","33","2023-11-06 00:00:00","6","7","1","2023-11-06 00:00:00","19393","WN","N7875A","4630","1288904","32211","LAS","Las Vegas, NV","NV","Nevada","1490803","32575","SNA","Santa Ana, CA","CA","California","51","12","4","33","75","57","226","1","0","33","0","0","0","Less Than 250 Miles"
"07:00 - 07:59","06:00 - 06:59","2023-11-06 00:00:00","2023-11-06 00:00:00","2023-11-06 00:00:00","2023-11-06 00:00:00","2023-11-06 00:00:00","2023-11-06 00:00:00","Fly Time","0","2023-11-06 00:00:00","6","7","1","2023-11-06 00:00:00","19393","WN","N8707P","616","1240203","32402","ITO","Hilo, HI","HI","Hawaii","1217305","32134","HNL","Honolulu, HI","HI","Hawaii","3","10","3","0","55","52","216","1","0","0","0","0","0","Less Than 250 Miles"
"07:00 - 07:59","06:00 - 06:59","2023-11-06 00:00:00","2023-11-06 00:00:00","2023-11-06 00:00:00","2023-11-06 00:00:00","2023-11-06 00:00:00","2023-11-06 00:00:00","Fly Time","0","2023-11-06 00:00:00","6","7","1","2023-11-06 00:00:00","19393","WN","N1809U","595","1217305","32134","HNL","Honolulu, HI","HI","Hawaii","1383002","33830","OGG","Kahului, HI","HI","Hawaii","1","14","4","-2","45","42","100","1","0","0","0","0","0","Less Than 250 Miles"
"07:00 - 07:59","06:00 - 06:59","2023-11-06 00:00:00","2023-11-06 00:00:00","2023-11-06 00:00:00","2023-11-06 00:00:00","2023-11-06 00:00:00","2023-11-06 00:00:00","Fly Time","0","2023-11-06 00:00:00","6","7","1","2023-11-06 00:00:00","19393","WN","N8675A","1942","1468305","33214","SAT","San Antonio, TX","TX","Texas","1125904","30194","DAL","Dallas, TX","TX","Texas","2","11","3","-7","70","61","247","1","0","0","0","0","0","Less Than 250 Miles"
"07:00 - 07:59","06:00 - 06:59","2023-11-06 00:00:00","2023-11-06 00:00:00","2023-11-06 00:00:00","2023-11-06 00:00:00","2023-11-06 00:00:00","2023-11-06 00:00:00","Fly Time","0","2023-11-06 00:00:00","6","7","1","2023-11-06 00:00:00","19393","WN","N967WN","369","1042302","30423","AUS","Austin, TX","TX","Texas","1219103","31453","HOU","Houston, TX","TX","Texas","1","8","6","-11","55","43","148","1","0","0","0","0","0","Less Than 250 Miles"
"08:00 - 08:59","07:00 - 07:59","2023-10-23 00:00:00","2023-10-23 00:00:00","2023-10-23 00:00:00","2023-10-23 00:00:00","2023-10-23 00:00:00","2023-10-23 00:00:00","Fly Time","0","2023-10-23 00:00:00","7","8","1","2023-10-23 00:00:00","19393","WN","N785SW","344","1288904","32211","LAS","Las Vegas, NV","NV","Nevada","1080003","32575","BUR","Burbank, CA","CA","California","21","13","2","10","70","59","223","1","0","0","0","0","0","Less Than 250 Miles"
"08:00 - 08:59","07:00 - 07:59","2023-10-23 00:00:00","2023-10-23 00:00:00","2023-10-23 00:00:00","2023-10-23 00:00:00","2023-10-23 00:00:00","2023-10-23 00:00:00","Fly Time","0","2023-10-23 00:00:00","7","8","1","2023-10-23 00:00:00","19393","WN","N409WN","204","1288904","32211","LAS","Las Vegas, NV","NV","Nevada","1490803","32575","SNA","Santa Ana, CA","CA","California","5","15","3","0","65","60","226","1","0","0","0","0","0","Less Than 250 Miles"
"08:00 - 08:59","07:00 - 07:59","2023-10-23 00:00:00","2023-10-23 00:00:00","2023-10-23 00:00:00","2023-10-23 00:00:00","2023-10-23 00:00:00","2023-10-23 00:00:00","Fly Time","0","2023-10-23 00:00:00","7","8","1","2023-10-23 00:00:00","19393","WN","N290WN","939","1288904","32211","LAS","Las Vegas, NV","NV","Nevada","1289208","32575","LAX","Los Angeles, CA","CA","California","5","22","11","10","70","75","236","1","0","0","0","0","0","Less Than 250 Miles"
"08:00 - 08:59","07:00 - 07:59","2023-10-24 00:00:00","2023-10-24 00:00:00","2023-10-23 00:00:00","2023-10-24 00:00:00","2023-10-23 00:00:00","2023-10-23 00:00:00","Fly Time","0","2023-10-23 00:00:00","7","8","1","2023-10-23 00:00:00","19393","WN","N235WN","1","1125904","30194","DAL","Dallas, TX","TX","Texas","1219103","31453","HOU","Houston, TX","TX","Texas","-5","10","18","1","65","71","239","1","0","0","0","0","0","Less Than 250 Miles"
"08:00 - 08:59","08:00 - 08:59","2023-10-24 00:00:00","2023-10-24 00:00:00","2023-10-23 00:00:00","2023-10-24 00:00:00","2023-10-23 00:00:00","2023-10-23 00:00:00","Fly Time","0","2023-10-23 00:00:00","8","8","1","2023-10-23 00:00:00","19393","WN","N8704Q","1147","1298202","32982","LIH","Lihue, HI","HI","Hawaii","1217305","32134","HNL","Honolulu, HI","HI","Hawaii","-5","10","11","2","40","47","102","1","0","0","0","0","0","Less Than 250 Miles"
"08:00 - 08:59","07:00 - 07:59","2023-10-30 00:00:00","2023-10-30 00:00:00","2023-10-30 00:00:00","2023-10-30 00:00:00","2023-10-30 00:00:00","2023-10-30 00:00:00","Fly Time","0","2023-10-30 00:00:00","7","8","1","2023-10-30 00:00:00","19393","WN","N481WN","204","1288904","32211","LAS","Las Vegas, NV","NV","Nevada","1490803","32575","SNA","Santa Ana, CA","CA","California","2","19","2","0","65","63","226","1","0","0","0","0","0","Less Than 250 Miles"
"08:00 - 08:59","07:00 - 07:59","2023-10-30 00:00:00","2023-10-30 00:00:00","2023-10-30 00:00:00","2023-10-30 00:00:00","2023-10-30 00:00:00","2023-10-30 00:00:00","Carrier","73","2023-10-30 00:00:00","7","8","1","2023-10-30 00:00:00","19393","WN","N947WN","3556","1288904","32211","LAS","Las Vegas, NV","NV","Nevada","1389101","32575","ONT","Ontario, CA","CA","California","80","19","2","73","65","58","197","1","37","0","0","0","36","Less Than 250 Miles"
"08:00 - 08:59","07:00 - 07:59","2023-10-30 00:00:00","2023-10-30 00:00:00","2023-10-30 00:00:00","2023-10-30 00:00:00","2023-10-30 00:00:00","2023-10-30 00:00:00","Fly Time","0","2023-10-30 00:00:00","7","8","1","2023-10-30 00:00:00","19393","WN","N218WN","344","1288904","32211","LAS","Las Vegas, NV","NV","Nevada","1080003","32575","BUR","Burbank, CA","CA","California","1","23","2","-1","70","68","223","1","0","0","0","0","0","Less Than 250 Miles"
"08:00 - 08:59","07:00 - 07:59","2023-10-30 00:00:00","2023-10-30 00:00:00","2023-10-30 00:00:00","2023-10-30 00:00:00","2023-10-30 00:00:00","2023-10-30 00:00:00","Fly Time","0","2023-10-30 00:00:00","7","8","1","2023-10-30 00:00:00","19393","WN","N8733M","910","1295407","32575","LGB","Long Beach, CA","CA","California","1288904","32211","LAS","Las Vegas, NV","NV","Nevada","15","12","8","6","70","61","231","1","0","0","0","0","0","Less Than 250 Miles"
"08:00 - 08:59","07:00 - 07:59","2023-10-30 00:00:00","2023-10-30 00:00:00","2023-10-30 00:00:00","2023-10-30 00:00:00","2023-10-30 00:00:00","2023-10-30 00:00:00","Carrier","126","2023-10-30 00:00:00","7","8","1","2023-10-30 00:00:00","19393","WN","N7746C","1","1125904","30194","DAL","Dallas, TX","TX","Texas","1219103","31453","HOU","Houston, TX","TX","Texas","127","12","3","126","65","64","239","1","126","0","0","0","0","Less Than 250 Miles"
"08:00 - 08:59","07:00 - 07:59","2023-10-30 00:00:00","2023-10-30 00:00:00","2023-10-30 00:00:00","2023-10-30 00:00:00","2023-10-30 00:00:00","2023-10-30 00:00:00","Fly Time","0","2023-10-30 00:00:00","7","8","1","2023-10-30 00:00:00","19393","WN","N1808U","1452","1125904","30194","DAL","Dallas, TX","TX","Texas","1042302","30423","AUS","Austin, TX","TX","Texas","3","9","11","-4","65","58","189","1","0","0","0","0","0","Less Than 250 Miles"
"08:00 - 08:59","07:00 - 07:59","2023-10-31 00:00:00","2023-10-31 00:00:00","2023-10-30 00:00:00","2023-10-31 00:00:00","2023-10-30 00:00:00","2023-10-30 00:00:00","Airport System","20","2023-10-30 00:00:00","7","8","1","2023-10-30 00:00:00","19393","WN","N8583Z","8","1219103","31453","HOU","Houston, TX","TX","Texas","1125904","30194","DAL","Dallas, TX","TX","Texas","-1","24","10","20","70","91","239","1","0","0","20","0","0","Less Than 250 Miles"
"08:00 - 08:59","08:00 - 08:59","2023-10-30 00:00:00","2023-10-30 00:00:00","2023-10-30 00:00:00","2023-10-30 00:00:00","2023-10-30 00:00:00","2023-10-30 00:00:00","Fly Time","0","2023-10-30 00:00:00","8","8","1","2023-10-30 00:00:00","19393","WN","N8754S","1147","1298202","32982","LIH","Lihue, HI","HI","Hawaii","1217305","32134","HNL","Honolulu, HI","HI","Hawaii","13","8","3","5","40","32","102","1","0","0","0","0","0","Less Than 250 Miles"
"08:00 - 08:59","06:00 - 06:59","2023-11-06 00:00:00","2023-11-06 00:00:00","2023-11-06 00:00:00","2023-11-06 00:00:00","2023-11-06 00:00:00","2023-11-06 00:00:00","Fly Time","0","2023-11-06 00:00:00","6","8","1","2023-11-06 00:00:00","19393","WN","N566WN","1749","1288904","32211","LAS","Las Vegas, NV","NV","Nevada","1080003","32575","BUR","Burbank, CA","CA","California","13","17","2","6","70","63","223","1","0","0","0","0","0","Less Than 250 Miles"
"08:00 - 08:59","07:00 - 07:59","2023-11-06 00:00:00","2023-11-06 00:00:00","2023-11-06 00:00:00","2023-11-06 00:00:00","2023-11-06 00:00:00","2023-11-06 00:00:00","Fly Time","0","2023-11-06 00:00:00","7","8","1","2023-11-06 00:00:00","19393","WN","N8656B","2146","1288904","32211","LAS","Las Vegas, NV","NV","Nevada","1295407","32575","LGB","Long Beach, CA","CA","California","9","18","3","-1","75","65","231","1","0","0","0","0","0","Less Than 250 Miles"
"08:00 - 08:59","07:00 - 07:59","2023-11-06 00:00:00","2023-11-06 00:00:00","2023-11-06 00:00:00","2023-11-06 00:00:00","2023-11-06 00:00:00","2023-11-06 00:00:00","Fly Time","0","2023-11-06 00:00:00","7","8","1","2023-11-06 00:00:00","19393","WN","N7751A","1833","1288904","32211","LAS","Las Vegas, NV","NV","Nevada","1389101","32575","ONT","Ontario, CA","CA","California","0","20","3","1","60","61","197","1","0","0","0","0","0","Less Than 250 Miles"
"08:00 - 08:59","07:00 - 07:59","2023-11-06 00:00:00","2023-11-06 00:00:00","2023-11-06 00:00:00","2023-11-06 00:00:00","2023-11-06 00:00:00","2023-11-06 00:00:00","Carrier","42","2023-11-06 00:00:00","7","8","1","2023-11-06 00:00:00","19393","WN","N8305E","1369","1288904","32211","LAS","Las Vegas, NV","NV","Nevada","1289208","32575","LAX","Los Angeles, CA","CA","California","35","17","16","42","70","77","236","1","35","0","7","0","0","Less Than 250 Miles"
"08:00 - 08:59","07:00 - 07:59","2023-11-06 00:00:00","2023-11-06 00:00:00","2023-11-06 00:00:00","2023-11-06 00:00:00","2023-11-06 00:00:00","2023-11-06 00:00:00","Fly Time","0","2023-11-06 00:00:00","7","8","1","2023-11-06 00:00:00","19393","WN","N273WN","965","1080003","32575","BUR","Burbank, CA","CA","California","1288904","32211","LAS","Las Vegas, NV","NV","Nevada","0","14","16","1","70","71","223","1","0","0","0","0","0","Less Than 250 Miles"
"08:00 - 08:59","07:00 - 07:59","2023-11-06 00:00:00","2023-11-06 00:00:00","2023-11-06 00:00:00","2023-11-06 00:00:00","2023-11-06 00:00:00","2023-11-06 00:00:00","Fly Time","0","2023-11-06 00:00:00","7","8","1","2023-11-06 00:00:00","19393","WN","N8855Q","2447","1042302","30423","AUS","Austin, TX","TX","Texas","1125904","30194","DAL","Dallas, TX","TX","Texas","3","11","5","0","60","57","189","1","0","0","0","0","0","Less Than 250 Miles"
"08:00 - 08:59","07:00 - 07:59","2023-11-06 00:00:00","2023-11-06 00:00:00","2023-11-06 00:00:00","2023-11-06 00:00:00","2023-11-06 00:00:00","2023-11-06 00:00:00","Fly Time","0","2023-11-06 00:00:00","7","8","1","2023-11-06 00:00:00","19393","WN","N216WR","1","1125904","30194","DAL","Dallas, TX","TX","Texas","1219103","31453","HOU","Houston, TX","TX","Texas","6","9","6","0","65","59","239","1","0","0","0","0","0","Less Than 250 Miles"
"08:00 - 08:59","07:00 - 07:59","2023-11-07 00:00:00","2023-11-07 00:00:00","2023-11-06 00:00:00","2023-11-07 00:00:00","2023-11-06 00:00:00","2023-11-06 00:00:00","Fly Time","0","2023-11-06 00:00:00","7","8","1","2023-11-06 00:00:00","19393","WN","N8531Q","159","1110902","30189","COS","Colorado Springs, CO","CO","Colorado","1129202","30325","DEN","Denver, CO","CO","Colorado","-2","31","5","2","55","59","73","1","0","0","0","0","0","Less Than 250 Miles"
"08:00 - 08:59","07:00 - 07:59","2023-11-07 00:00:00","2023-11-07 00:00:00","2023-11-06 00:00:00","2023-11-07 00:00:00","2023-11-06 00:00:00","2023-11-06 00:00:00","Fly Time","0","2023-11-06 00:00:00","7","8","1","2023-11-06 00:00:00","19393","WN","N219WN","449","1295407","32575","LGB","Long Beach, CA","CA","California","1288904","32211","LAS","Las Vegas, NV","NV","Nevada","-3","28","3","4","70","77","231","1","0","0","0","0","0","Less Than 250 Miles"
"09:00 - 09:59","07:00 - 07:59","2023-10-23 00:00:00","2023-10-23 00:00:00","2023-10-23 00:00:00","2023-10-23 00:00:00","2023-10-23 00:00:00","2023-10-23 00:00:00","Fly Time","0","2023-10-23 00:00:00","7","9","1","2023-10-23 00:00:00","19393","WN","N1804U","1030","1069302","30693","BNA","Nashville, TN","TN","Tennessee","1039707","30397","ATL","Atlanta, GA","GA","Georgia","4","26","9","11","70","77","214","1","0","0","0","0","0","Less Than 250 Miles"
"09:00 - 09:59","08:00 - 08:59","2023-10-23 00:00:00","2023-10-23 00:00:00","2023-10-23 00:00:00","2023-10-23 00:00:00","2023-10-23 00:00:00","2023-10-23 00:00:00","Fly Time","0","2023-10-23 00:00:00","8","9","1","2023-10-23 00:00:00","19393","WN","N7847A","2311","1288904","32211","LAS","Las Vegas, NV","NV","Nevada","1080003","32575","BUR","Burbank, CA","CA","California","3","13","7","0","70","67","223","1","0","0","0","0","0","Less Than 250 Miles"
"09:00 - 09:59","08:00 - 08:59","2023-10-23 00:00:00","2023-10-23 00:00:00","2023-10-23 00:00:00","2023-10-23 00:00:00","2023-10-23 00:00:00","2023-10-23 00:00:00","Fly Time","0","2023-10-23 00:00:00","8","9","1","2023-10-23 00:00:00","19393","WN","N871HK","1278","1288904","32211","LAS","Las Vegas, NV","NV","Nevada","1289208","32575","LAX","Los Angeles, CA","CA","California","3","29","9","14","70","81","236","1","0","0","0","0","0","Less Than 250 Miles"
"09:00 - 09:59","08:00 - 08:59","2023-10-23 00:00:00","2023-10-23 00:00:00","2023-10-23 00:00:00","2023-10-23 00:00:00","2023-10-23 00:00:00","2023-10-23 00:00:00","Carrier","163","2023-10-23 00:00:00","8","9","1","2023-10-23 00:00:00","19393","WN","N493WN","459","1389101","32575","ONT","Ontario, CA","CA","California","1288904","32211","LAS","Las Vegas, NV","NV","Nevada","154","31","5","163","65","74","197","1","154","0","9","0","0","Less Than 250 Miles"
"09:00 - 09:59","08:00 - 08:59","2023-10-23 00:00:00","2023-10-23 00:00:00","2023-10-23 00:00:00","2023-10-23 00:00:00","2023-10-23 00:00:00","2023-10-23 00:00:00","Fly Time","0","2023-10-23 00:00:00","8","9","1","2023-10-23 00:00:00","19393","WN","N917WN","3608","1490803","32575","SNA","Santa Ana, CA","CA","California","1288904","32211","LAS","Las Vegas, NV","NV","Nevada","2","25","16","14","70","82","226","1","0","0","0","0","0","Less Than 250 Miles"
"09:00 - 09:59","08:00 - 08:59","2023-10-23 00:00:00","2023-10-23 00:00:00","2023-10-23 00:00:00","2023-10-23 00:00:00","2023-10-23 00:00:00","2023-10-23 00:00:00","Carrier","36","2023-10-23 00:00:00","8","9","1","2023-10-23 00:00:00","19393","WN","N8518R","2950","1125904","30194","DAL","Dallas, TX","TX","Texas","1537002","34653","TUL","Tulsa, OK","OK","Oklahoma","39","12","3","36","60","57","238","1","36","0","0","0","0","Less Than 250 Miles"
"09:00 - 09:59","08:00 - 08:59","2023-10-23 00:00:00","2023-10-23 00:00:00","2023-10-23 00:00:00","2023-10-23 00:00:00","2023-10-23 00:00:00","2023-10-23 00:00:00","Fly Time","0","2023-10-23 00:00:00","8","9","1","2023-10-23 00:00:00","19393","WN","N229WN","1153","1537002","34653","TUL","Tulsa, OK","OK","Oklahoma","1125904","30194","DAL","Dallas, TX","TX","Texas","3","10","4","-3","65","59","238","1","0","0","0","0","0","Less Than 250 Miles"
"09:00 - 09:59","08:00 - 08:59","2023-10-23 00:00:00","2023-10-23 00:00:00","2023-10-23 00:00:00","2023-10-23 00:00:00","2023-10-23 00:00:00","2023-10-23 00:00:00","Fly Time","0","2023-10-23 00:00:00","8","9","1","2023-10-23 00:00:00","19393","WN","N8324A","7","1125904","30194","DAL","Dallas, TX","TX","Texas","1219103","31453","HOU","Houston, TX","TX","Texas","4","10","3","-5","65","56","239","1","0","0","0","0","0","Less Than 250 Miles"
"09:00 - 09:59","08:00 - 08:59","2023-10-23 00:00:00","2023-10-23 00:00:00","2023-10-23 00:00:00","2023-10-23 00:00:00","2023-10-23 00:00:00","2023-10-23 00:00:00","Fly Time","0","2023-10-23 00:00:00","8","9","1","2023-10-23 00:00:00","19393","WN","N281WN","1638","1042302","30423","AUS","Austin, TX","TX","Texas","1125904","30194","DAL","Dallas, TX","TX","Texas","5","12","3","-9","70","56","189","1","0","0","0","0","0","Less Than 250 Miles"
"09:00 - 09:59","08:00 - 08:59","2023-10-23 00:00:00","2023-10-23 00:00:00","2023-10-23 00:00:00","2023-10-23 00:00:00","2023-10-23 00:00:00","2023-10-23 00:00:00","Fly Time","0","2023-10-23 00:00:00","8","9","1","2023-10-23 00:00:00","19393","WN","N8858K","3400","1219103","31453","HOU","Houston, TX","TX","Texas","1042302","30423","AUS","Austin, TX","TX","Texas","1","23","7","9","55","63","148","1","0","0","0","0","0","Less Than 250 Miles"
"09:00 - 09:59","09:00 - 09:59","2023-10-24 00:00:00","2023-10-24 00:00:00","2023-10-23 00:00:00","2023-10-24 00:00:00","2023-10-23 00:00:00","2023-10-23 00:00:00","Fly Time","0","2023-10-23 00:00:00","9","9","1","2023-10-23 00:00:00","19393","WN","N8702L","3253","1383002","33830","OGG","Kahului, HI","HI","Hawaii","1217305","32134","HNL","Honolulu, HI","HI","Hawaii","-4","25","10","11","45","60","100","1","0","0","0","0","0","Less Than 250 Miles"
"09:00 - 09:59","08:00 - 08:59","2023-10-30 00:00:00","2023-10-30 00:00:00","2023-10-30 00:00:00","2023-10-30 00:00:00","2023-10-30 00:00:00","2023-10-30 00:00:00","Fly Time","0","2023-10-30 00:00:00","8","9","1","2023-10-30 00:00:00","19393","WN","N950WN","2311","1288904","32211","LAS","Las Vegas, NV","NV","Nevada","1080003","32575","BUR","Burbank, CA","CA","California","9","24","2","9","70","70","223","1","0","0","0","0","0","Less Than 250 Miles"
"06:00 - 06:59","00:01 - 05:59","2023-08-07 00:00:00","2023-08-07 00:00:00","2023-08-07 00:00:00","2023-08-07 00:00:00","2023-08-07 00:00:00","2023-08-07 00:00:00","Fly Time","0","2023-08-07 00:00:00","0","6","1","2023-08-07 00:00:00","19393","WN","N8319F","671","1110902","30189","COS","Colorado Springs, CO","CO","Colorado","1129202","30325","DEN","Denver, CO","CO","Colorado","4","13","6","-1","45","40","73","1","0","0","0","0","0","Less Than 250 Miles"
"06:00 - 06:59","00:01 - 05:59","2023-08-07 00:00:00","2023-08-07 00:00:00","2023-08-07 00:00:00","2023-08-07 00:00:00","2023-08-07 00:00:00","2023-08-07 00:00:00","Fly Time","0","2023-08-07 00:00:00","0","6","1","2023-08-07 00:00:00","19393","WN","N910WN","3085","1169706","32467","FLL","Fort Lauderdale, FL","FL","Florida","1530402","33195","TPA","Tampa, FL","FL","Florida","2","11","6","-12","65","51","197","1","0","0","0","0","0","Less Than 250 Miles"
"06:00 - 06:59","00:01 - 05:59","2023-08-07 00:00:00","2023-08-07 00:00:00","2023-08-07 00:00:00","2023-08-07 00:00:00","2023-08-07 00:00:00","2023-08-07 00:00:00","Fly Time","0","2023-08-07 00:00:00","0","6","1","2023-08-07 00:00:00","19393","WN","N926WN","3230","1239103","31703","ISP","Islip, NY","NY","New York","1082106","30852","BWI","Baltimore, MD","MD","Maryland","0","14","6","1","70","71","220","1","0","0","0","0","0","Less Than 250 Miles"
"06:00 - 06:59","00:01 - 05:59","2023-08-07 00:00:00","2023-08-07 00:00:00","2023-08-07 00:00:00","2023-08-07 00:00:00","2023-08-07 00:00:00","2023-08-07 00:00:00","Fly Time","0","2023-08-07 00:00:00","0","6","1","2023-08-07 00:00:00","19393","WN","N767SW","3454","1289208","32575","LAX","Los Angeles, CA","CA","California","1288904","32211","LAS","Las Vegas, NV","NV","Nevada","8","11","2","-6","70","56","236","1","0","0","0","0","0","Less Than 250 Miles"
"06:00 - 06:59","06:00 - 06:59","2023-08-07 00:00:00","2023-08-07 00:00:00","2023-08-07 00:00:00","2023-08-07 00:00:00","2023-08-07 00:00:00","2023-08-07 00:00:00","Fly Time","0","2023-08-07 00:00:00","6","6","1","2023-08-07 00:00:00","19393","WN","N228WN","1587","1119302","33105","CVG","Cincinnati, OH","KY","Kentucky","1323202","30977","MDW","Chicago, IL","IL","Illinois","4","10","3","-3","65","58","249","1","0","0","0","0","0","Less Than 250 Miles"
"06:00 - 06:59","06:00 - 06:59","2023-08-07 00:00:00","2023-08-07 00:00:00","2023-08-07 00:00:00","2023-08-07 00:00:00","2023-08-07 00:00:00","2023-08-07 00:00:00","Fly Time","0","2023-08-07 00:00:00","6","6","1","2023-08-07 00:00:00","19393","WN","N289CT","694","1125904","30194","DAL","Dallas, TX","TX","Texas","1042302","30423","AUS","Austin, TX","TX","Texas","1","15","7","1","55","55","189","1","0","0","0","0","0","Less Than 250 Miles"
"07:00 - 07:59","06:00 - 06:59","2023-08-07 00:00:00","2023-08-07 00:00:00","2023-08-07 00:00:00","2023-08-07 00:00:00","2023-08-07 00:00:00","2023-08-07 00:00:00","Fly Time","0","2023-08-07 00:00:00","6","7","1","2023-08-07 00:00:00","19393","WN","N478WN","3066","1199603","31871","GSP","Greer, SC","SC","South Carolina","1039707","30397","ATL","Atlanta, GA","GA","Georgia","5","9","5","-10","60","45","153","1","0","0","0","0","0","Less Than 250 Miles"
"07:00 - 07:59","06:00 - 06:59","2023-08-07 00:00:00","2023-08-07 00:00:00","2023-08-07 00:00:00","2023-08-07 00:00:00","2023-08-07 00:00:00","2023-08-07 00:00:00","Fly Time","0","2023-08-07 00:00:00","6","7","1","2023-08-07 00:00:00","19393","WN","N8726H","3908","1217305","32134","HNL","Honolulu, HI","HI","Hawaii","1383002","33830","OGG","Kahului, HI","HI","Hawaii","5","12","4","0","45","40","100","1","0","0","0","0","0","Less Than 250 Miles"
"07:00 - 07:59","06:00 - 06:59","2023-08-07 00:00:00","2023-08-07 00:00:00","2023-08-07 00:00:00","2023-08-07 00:00:00","2023-08-07 00:00:00","2023-08-07 00:00:00","Fly Time","0","2023-08-07 00:00:00","6","7","1","2023-08-07 00:00:00","19393","WN","N8711Q","2104","1383002","33830","OGG","Kahului, HI","HI","Hawaii","1217305","32134","HNL","Honolulu, HI","HI","Hawaii","1","9","6","0","45","44","100","1","0","0","0","0","0","Less Than 250 Miles"
"07:00 - 07:59","06:00 - 06:59","2023-08-07 00:00:00","2023-08-07 00:00:00","2023-08-07 00:00:00","2023-08-07 00:00:00","2023-08-07 00:00:00","2023-08-07 00:00:00","Fly Time","0","2023-08-07 00:00:00","6","7","1","2023-08-07 00:00:00","19393","WN","N7828A","3559","1319801","33198","MCI","Kansas City, MO","MO","Missouri","1501606","31123","STL","St. Louis, MO","MO","Missouri","5","9","6","2","60","57","237","1","0","0","0","0","0","Less Than 250 Miles"
"07:00 - 07:59","06:00 - 06:59","2023-08-07 00:00:00","2023-08-07 00:00:00","2023-08-07 00:00:00","2023-08-07 00:00:00","2023-08-07 00:00:00","2023-08-07 00:00:00","Fly Time","0","2023-08-07 00:00:00","6","7","1","2023-08-07 00:00:00","19393","WN","N786SW","2979","1289208","32575","LAX","Los Angeles, CA","CA","California","1288904","32211","LAS","Las Vegas, NV","NV","Nevada","12","8","3","-1","70","57","236","1","0","0","0","0","0","Less Than 250 Miles"
"08:00 - 08:59","07:00 - 07:59","2023-08-07 00:00:00","2023-08-07 00:00:00","2023-08-07 00:00:00","2023-08-07 00:00:00","2023-08-07 00:00:00","2023-08-07 00:00:00","Carrier","30","2023-08-07 00:00:00","7","8","1","2023-08-07 00:00:00","19393","WN","N7814B","1419","1288904","32211","LAS","Las Vegas, NV","NV","Nevada","1080003","32575","BUR","Burbank, CA","CA","California","37","9","4","30","65","58","223","1","30","0","0","0","0","Less Than 250 Miles"
"08:00 - 08:59","07:00 - 07:59","2023-08-07 00:00:00","2023-08-07 00:00:00","2023-08-07 00:00:00","2023-08-07 00:00:00","2023-08-07 00:00:00","2023-08-07 00:00:00","Fly Time","0","2023-08-07 00:00:00","7","8","1","2023-08-07 00:00:00","19393","WN","N7736A","2313","1288904","32211","LAS","Las Vegas, NV","NV","Nevada","1289208","32575","LAX","Los Angeles, CA","CA","California","7","12","15","6","70","69","236","1","0","0","0","0","0","Less Than 250 Miles"
"08:00 - 08:59","07:00 - 07:59","2023-08-07 00:00:00","2023-08-07 00:00:00","2023-08-07 00:00:00","2023-08-07 00:00:00","2023-08-07 00:00:00","2023-08-07 00:00:00","Carrier","17","2023-08-07 00:00:00","7","8","1","2023-08-07 00:00:00","19393","WN","N8734Q","1189","1217305","32134","HNL","Honolulu, HI","HI","Hawaii","1383002","33830","OGG","Kahului, HI","HI","Hawaii","11","19","9","17","45","51","100","1","11","0","6","0","0","Less Than 250 Miles"
"08:00 - 08:59","07:00 - 07:59","2023-08-07 00:00:00","2023-08-07 00:00:00","2023-08-07 00:00:00","2023-08-07 00:00:00","2023-08-07 00:00:00","2023-08-07 00:00:00","Airport System","19","2023-08-07 00:00:00","7","8","1","2023-08-07 00:00:00","19393","WN","N946WN","2867","1537002","34653","TUL","Tulsa, OK","OK","Oklahoma","1125904","30194","DAL","Dallas, TX","TX","Texas","3","2","4","19","65","81","238","1","0","0","19","0","0","Less Than 250 Miles"
"08:00 - 08:59","07:00 - 07:59","2023-08-07 00:00:00","2023-08-07 00:00:00","2023-08-07 00:00:00","2023-08-07 00:00:00","2023-08-07 00:00:00","2023-08-07 00:00:00","Fly Time","0","2023-08-07 00:00:00","7","8","1","2023-08-07 00:00:00","19393","WN","N277WN","4","1219103","31453","HOU","Houston, TX","TX","Texas","1125904","30194","DAL","Dallas, TX","TX","Texas","8","7","4","1","60","53","239","1","0","0","0","0","0","Less Than 250 Miles"
"08:00 - 08:59","07:00 - 07:59","2023-08-07 00:00:00","2023-08-07 00:00:00","2023-08-07 00:00:00","2023-08-07 00:00:00","2023-08-07 00:00:00","2023-08-07 00:00:00","Carrier","17","2023-08-07 00:00:00","7","8","1","2023-08-07 00:00:00","19393","WN","N8318F","1628","1219103","31453","HOU","Houston, TX","TX","Texas","1114008","31140","CRP","Corpus Christi, TX","TX","Texas","24","12","4","17","55","48","187","1","17","0","0","0","0","Less Than 250 Miles"
"09:00 - 09:59","07:00 - 07:59","2023-08-07 00:00:00","2023-08-07 00:00:00","2023-08-07 00:00:00","2023-08-07 00:00:00","2023-08-07 00:00:00","2023-08-07 00:00:00","Fly Time","0","2023-08-07 00:00:00","7","9","1","2023-08-07 00:00:00","19393","WN","N555LV","3325","1490803","32575","SNA","Santa Ana, CA","CA","California","1288904","32211","LAS","Las Vegas, NV","NV","Nevada","12","13","6","-2","80","66","226","1","0","0","0","0","0","Less Than 250 Miles"
"09:00 - 09:59","08:00 - 08:59","2023-08-07 00:00:00","2023-08-07 00:00:00","2023-08-07 00:00:00","2023-08-07 00:00:00","2023-08-07 00:00:00","2023-08-07 00:00:00","Fly Time","0","2023-08-07 00:00:00","8","9","1","2023-08-07 00:00:00","19393","WN","N7821L","960","1288904","32211","LAS","Las Vegas, NV","NV","Nevada","1490803","32575","SNA","Santa Ana, CA","CA","California","5","19","3","3","65","63","226","1","0","0","0","0","0","Less Than 250 Miles"
"09:00 - 09:59","08:00 - 08:59","2023-08-07 00:00:00","2023-08-07 00:00:00","2023-08-07 00:00:00","2023-08-07 00:00:00","2023-08-07 00:00:00","2023-08-07 00:00:00","Carrier","27","2023-08-07 00:00:00","8","9","1","2023-08-07 00:00:00","19393","WN","N8511K","534","1129202","30325","DEN","Denver, CO","CO","Colorado","1110902","30189","COS","Colorado Springs, CO","CO","Colorado","36","10","6","27","45","36","73","1","27","0","0","0","0","Less Than 250 Miles"
"09:00 - 09:59","08:00 - 08:59","2023-08-07 00:00:00","2023-08-07 00:00:00","2023-08-07 00:00:00","2023-08-07 00:00:00","2023-08-07 00:00:00","2023-08-07 00:00:00","Fly Time","0","2023-08-07 00:00:00","8","9","1","2023-08-07 00:00:00","19393","WN","N8740A","1165","1240203","32402","ITO","Hilo, HI","HI","Hawaii","1217305","32134","HNL","Honolulu, HI","HI","Hawaii","22","9","4","11","60","49","216","1","0","0","0","0","0","Less Than 250 Miles"
"09:00 - 09:59","08:00 - 08:59","2023-08-07 00:00:00","2023-08-07 00:00:00","2023-08-07 00:00:00","2023-08-07 00:00:00","2023-08-07 00:00:00","2023-08-07 00:00:00","Fly Time","0","2023-08-07 00:00:00","8","9","1","2023-08-07 00:00:00","19393","WN","N468WN","2913","1379610","32457","OAK","Oakland, CA","CA","California","1457002","34570","RNO","Reno, NV","NV","Nevada","2","9","6","-10","60","48","181","1","0","0","0","0","0","Less Than 250 Miles"
"09:00 - 09:59","08:00 - 08:59","2023-08-07 00:00:00","2023-08-07 00:00:00","2023-08-07 00:00:00","2023-08-07 00:00:00","2023-08-07 00:00:00","2023-08-07 00:00:00","Fly Time","0","2023-08-07 00:00:00","8","9","1","2023-08-07 00:00:00","19393","WN","N250WN","363","1125904","30194","DAL","Dallas, TX","TX","Texas","1537002","34653","TUL","Tulsa, OK","OK","Oklahoma","9","10","3","4","65","60","238","1","0","0","0","0","0","Less Than 250 Miles"
"09:00 - 09:59","08:00 - 08:59","2023-08-07 00:00:00","2023-08-07 00:00:00","2023-08-07 00:00:00","2023-08-07 00:00:00","2023-08-07 00:00:00","2023-08-07 00:00:00","Fly Time","0","2023-08-07 00:00:00","8","9","1","2023-08-07 00:00:00","19393","WN","N7817J","191","1125904","30194","DAL","Dallas, TX","TX","Texas","1042302","30423","AUS","Austin, TX","TX","Texas","18","7","3","6","55","43","189","1","0","0","0","0","0","Less Than 250 Miles"
"09:00 - 09:59","08:00 - 08:59","2023-08-07 00:00:00","2023-08-07 00:00:00","2023-08-07 00:00:00","2023-08-07 00:00:00","2023-08-07 00:00:00","2023-08-07 00:00:00","Carrier","25","2023-08-07 00:00:00","8","9","1","2023-08-07 00:00:00","19393","WN","N8739L","901","1125904","30194","DAL","Dallas, TX","TX","Texas","1468305","33214","SAT","San Antonio, TX","TX","Texas","27","12","3","25","60","58","247","1","25","0","0","0","0","Less Than 250 Miles"
"09:00 - 09:59","08:00 - 08:59","2023-08-07 00:00:00","2023-08-07 00:00:00","2023-08-07 00:00:00","2023-08-07 00:00:00","2023-08-07 00:00:00","2023-08-07 00:00:00","Fly Time","0","2023-08-07 00:00:00","8","9","1","2023-08-07 00:00:00","19393","WN","N500WR","1700","1042302","30423","AUS","Austin, TX","TX","Texas","1125904","30194","DAL","Dallas, TX","TX","Texas","17","9","4","10","60","53","189","1","0","0","0","0","0","Less Than 250 Miles"
"09:00 - 09:59","08:00 - 08:59","2023-08-07 00:00:00","2023-08-07 00:00:00","2023-08-07 00:00:00","2023-08-07 00:00:00","2023-08-07 00:00:00","2023-08-07 00:00:00","Fly Time","0","2023-08-07 00:00:00","8","9","1","2023-08-07 00:00:00","19393","WN","N8813Q","794","1468305","33214","SAT","San Antonio, TX","TX","Texas","1125904","30194","DAL","Dallas, TX","TX","Texas","1","12","5","-4","70","65","247","1","0","0","0","0","0","Less Than 250 Miles"
"09:00 - 09:59","08:00 - 08:59","2023-08-07 00:00:00","2023-08-07 00:00:00","2023-08-07 00:00:00","2023-08-07 00:00:00","2023-08-07 00:00:00","2023-08-07 00:00:00","Fly Time","0","2023-08-07 00:00:00","8","9","1","2023-08-07 00:00:00","19393","WN","N8638A","7","1125904","30194","DAL","Dallas, TX","TX","Texas","1219103","31453","HOU","Houston, TX","TX","Texas","2","12","6","-4","65","59","239","1","0","0","0","0","0","Less Than 250 Miles"
"09:00 - 09:59","08:00 - 08:59","2023-08-07 00:00:00","2023-08-07 00:00:00","2023-08-07 00:00:00","2023-08-07 00:00:00","2023-08-07 00:00:00","2023-08-07 00:00:00","Fly Time","0","2023-08-07 00:00:00","8","9","1","2023-08-07 00:00:00","19393","WN","N8329B","1931","1219103","31453","HOU","Houston, TX","TX","Texas","1042302","30423","AUS","Austin, TX","TX","Texas","8","11","7","3","50","45","148","1","0","0","0","0","0","Less Than 250 Miles"
"09:00 - 09:59","08:00 - 08:59","2023-08-07 00:00:00","2023-08-07 00:00:00","2023-08-07 00:00:00","2023-08-07 00:00:00","2023-08-07 00:00:00","2023-08-07 00:00:00","Carrier","74","2023-08-07 00:00:00","8","9","1","2023-08-07 00:00:00","19393","WN","N8630B","3727","1082106","30852","BWI","Baltimore, MD","MD","Maryland","1393102","33667","ORF","Norfolk, VA","VA","Virginia","81","12","4","74","55","48","159","1","74","0","0","0","0","Less Than 250 Miles"
"10:00 - 10:59","08:00 - 08:59","2023-08-07 00:00:00","2023-08-07 00:00:00","2023-08-07 00:00:00","2023-08-07 00:00:00","2023-08-07 00:00:00","2023-08-07 00:00:00","Fly Time","0","2023-08-07 00:00:00","8","10","1","2023-08-07 00:00:00","19393","WN","N8702L","2780","1288904","32211","LAS","Las Vegas, NV","NV","Nevada","1295407","32575","LGB","Long Beach, CA","CA","California","2","21","7","8","65","71","231","1","0","0","0","0","0","Less Than 250 Miles"
"10:00 - 10:59","08:00 - 08:59","2023-08-07 00:00:00","2023-08-07 00:00:00","2023-08-07 00:00:00","2023-08-07 00:00:00","2023-08-07 00:00:00","2023-08-07 00:00:00","Fly Time","0","2023-08-07 00:00:00","8","10","1","2023-08-07 00:00:00","19393","WN","N904WN","3202","1069302","30693","BNA","Nashville, TN","TN","Tennessee","1039707","30397","ATL","Atlanta, GA","GA","Georgia","2","11","9","-7","70","61","214","1","0","0","0","0","0","Less Than 250 Miles"
"10:00 - 10:59","09:00 - 09:59","2023-08-07 00:00:00","2023-08-07 00:00:00","2023-08-07 00:00:00","2023-08-07 00:00:00","2023-08-07 00:00:00","2023-08-07 00:00:00","Fly Time","0","2023-08-07 00:00:00","9","10","1","2023-08-07 00:00:00","19393","WN","N247WN","1906","1288904","32211","LAS","Las Vegas, NV","NV","Nevada","1080003","32575","BUR","Burbank, CA","CA","California","9","12","4","-1","70","60","223","1","0","0","0","0","0","Less Than 250 Miles"
"10:00 - 10:59","09:00 - 09:59","2023-08-07 00:00:00","2023-08-07 00:00:00","2023-08-07 00:00:00","2023-08-07 00:00:00","2023-08-07 00:00:00","2023-08-07 00:00:00","Fly Time","0","2023-08-07 00:00:00","9","10","1","2023-08-07 00:00:00","19393","WN","N8734Q","1190","1383002","33830","OGG","Kahului, HI","HI","Hawaii","1217305","32134","HNL","Honolulu, HI","HI","Hawaii","4","8","4","0","50","46","100","1","0","0","0","0","0","Less Than 250 Miles"
"10:00 - 10:59","09:00 - 09:59","2023-08-07 00:00:00","2023-08-07 00:00:00","2023-08-07 00:00:00","2023-08-07 00:00:00","2023-08-07 00:00:00","2023-08-07 00:00:00","Fly Time","0","2023-08-07 00:00:00","9","10","1","2023-08-07 00:00:00","19393","WN","N8726H","1184","1217305","32134","HNL","Honolulu, HI","HI","Hawaii","1298202","32982","LIH","Lihue, HI","HI","Hawaii","1","10","4","-14","50","35","102","1","0","0","0","0","0","Less Than 250 Miles"
"10:00 - 10:59","09:00 - 09:59","2023-08-07 00:00:00","2023-08-07 00:00:00","2023-08-07 00:00:00","2023-08-07 00:00:00","2023-08-07 00:00:00","2023-08-07 00:00:00","Late Aircraft","69","2023-08-07 00:00:00","9","10","1","2023-08-07 00:00:00","19393","WN","N8630B","382","1393102","33667","ORF","Norfolk, VA","VA","Virginia","1082106","30852","BWI","Baltimore, MD","MD","Maryland","77","10","4","69","60","52","159","1","2","0","0","0","67","Less Than 250 Miles"
"10:00 - 10:59","09:00 - 09:59","2023-08-07 00:00:00","2023-08-07 00:00:00","2023-08-07 00:00:00","2023-08-07 00:00:00","2023-08-07 00:00:00","2023-08-07 00:00:00","Fly Time","0","2023-08-07 00:00:00","9","10","1","2023-08-07 00:00:00","19393","WN","N7736A","4636","1289208","32575","LAX","Los Angeles, CA","CA","California","1288904","32211","LAS","Las Vegas, NV","NV","Nevada","16","12","5","1","75","60","236","1","0","0","0","0","0","Less Than 250 Miles"
"10:00 - 10:59","09:00 - 09:59","2023-08-07 00:00:00","2023-08-07 00:00:00","2023-08-07 00:00:00","2023-08-07 00:00:00","2023-08-07 00:00:00","2023-08-07 00:00:00","Fly Time","0","2023-08-07 00:00:00","9","10","1","2023-08-07 00:00:00","19393","WN","N7889A","3313","1080003","32575","BUR","Burbank, CA","CA","California","1288904","32211","LAS","Las Vegas, NV","NV","Nevada","1","15","5","-7","70","62","223","1","0","0","0","0","0","Less Than 250 Miles"
"10:00 - 10:59","09:00 - 09:59","2023-08-07 00:00:00","2023-08-07 00:00:00","2023-08-07 00:00:00","2023-08-07 00:00:00","2023-08-07 00:00:00","2023-08-07 00:00:00","Fly Time","0","2023-08-07 00:00:00","9","10","1","2023-08-07 00:00:00","19393","WN","N8318F","736","1114008","31140","CRP","Corpus Christi, TX","TX","Texas","1219103","31453","HOU","Houston, TX","TX","Texas","2","14","6","-5","60","53","187","1","0","0","0","0","0","Less Than 250 Miles"
"10:00 - 10:59","10:00 - 10:59","2023-08-07 00:00:00","2023-08-07 00:00:00","2023-08-07 00:00:00","2023-08-07 00:00:00","2023-08-07 00:00:00","2023-08-07 00:00:00","Fly Time","0","2023-08-07 00:00:00","10","10","1","2023-08-07 00:00:00","19393","WN","N7876A","1799","1119302","33105","CVG","Cincinnati, OH","KY","Kentucky","1323202","30977","MDW","Chicago, IL","IL","Illinois","5","9","4","1","70","66","249","1","0","0","0","0","0","Less Than 250 Miles"
"11:00 - 11:59","09:00 - 09:59","2023-08-07 00:00:00","2023-08-07 00:00:00","2023-08-07 00:00:00","2023-08-07 00:00:00","2023-08-07 00:00:00","2023-08-07 00:00:00","Fly Time","0","2023-08-07 00:00:00","9","11","1","2023-08-07 00:00:00","19393","WN","N414WN","3299","1288904","32211","LAS","Las Vegas, NV","NV","Nevada","1289208","32575","LAX","Los Angeles, CA","CA","California","1","15","6","-6","70","63","236","1","0","0","0","0","0","Less Than 250 Miles"
"11:00 - 11:59","09:00 - 09:59","2023-08-07 00:00:00","2023-08-07 00:00:00","2023-08-07 00:00:00","2023-08-07 00:00:00","2023-08-07 00:00:00","2023-08-07 00:00:00","Fly Time","0","2023-08-07 00:00:00","9","11","1","2023-08-07 00:00:00","19393","WN","N7878A","1873","1323202","30977","MDW","Chicago, IL","IL","Illinois","1198603","31986","GRR","Grand Rapids, MI","MI","Michigan","7","10","3","-5","55","43","137","1","0","0","0","0","0","Less Than 250 Miles"
"11:00 - 11:59","10:00 - 10:59","2023-08-07 00:00:00","2023-08-07 00:00:00","2023-08-07 00:00:00","2023-08-07 00:00:00","2023-08-07 00:00:00","2023-08-07 00:00:00","Fly Time","0","2023-08-07 00:00:00","10","11","1","2023-08-07 00:00:00","19393","WN","N8727M","2711","1288904","32211","LAS","Las Vegas, NV","NV","Nevada","1295407","32575","LGB","Long Beach, CA","CA","California","4","23","3","8","65","69","231","1","0","0","0","0","0","Less Than 250 Miles"
"11:00 - 11:59","10:00 - 10:59","2023-08-07 00:00:00","2023-08-07 00:00:00","2023-08-07 00:00:00","2023-08-07 00:00:00","2023-08-07 00:00:00","2023-08-07 00:00:00","Fly Time","0","2023-08-07 00:00:00","10","11","1","2023-08-07 00:00:00","19393","WN","N570WN","3018","1288904","32211","LAS","Las Vegas, NV","NV","Nevada","1389101","32575","ONT","Ontario, CA","CA","California","1","28","4","9","60","68","197","1","0","0","0","0","0","Less Than 250 Miles"
"11:00 - 11:59","10:00 - 10:59","2023-08-07 00:00:00","2023-08-07 00:00:00","2023-08-07 00:00:00","2023-08-07 00:00:00","2023-08-07 00:00:00","2023-08-07 00:00:00","Fly Time","0","2023-08-07 00:00:00","10","11","1","2023-08-07 00:00:00","19393","WN","N8582Z","1079","1289208","32575","LAX","Los Angeles, CA","CA","California","1288904","32211","LAS","Las Vegas, NV","NV","Nevada","12","13","5","5","70","63","236","1","0","0","0","0","0","Less Than 250 Miles"
"11:00 - 11:59","10:00 - 10:59","2023-08-07 00:00:00","2023-08-07 00:00:00","2023-08-07 00:00:00","2023-08-07 00:00:00","2023-08-07 00:00:00","2023-08-07 00:00:00","Carrier","16","2023-08-07 00:00:00","10","11","1","2023-08-07 00:00:00","19393","WN","N906WN","2789","1490803","32575","SNA","Santa Ana, CA","CA","California","1288904","32211","LAS","Las Vegas, NV","NV","Nevada","17","13","6","16","65","64","226","1","8","0","0","0","8","Less Than 250 Miles"
"11:00 - 11:59","10:00 - 10:59","2023-08-07 00:00:00","2023-08-07 00:00:00","2023-08-07 00:00:00","2023-08-07 00:00:00","2023-08-07 00:00:00","2023-08-07 00:00:00","Fly Time","0","2023-08-07 00:00:00","10","11","1","2023-08-07 00:00:00","19393","WN","N951WN","874","1082106","30852","BWI","Baltimore, MD","MD","Maryland","1412202","30198","PIT","Pittsburgh, PA","PA","Pennsylvania","7","13","6","3","60","56","210","1","0","0","0","0","0","Less Than 250 Miles"
"11:00 - 11:59","10:00 - 10:59","2023-08-07 00:00:00","2023-08-07 00:00:00","2023-08-07 00:00:00","2023-08-07 00:00:00","2023-08-07 00:00:00","2023-08-07 00:00:00","Airport System","16","2023-08-07 00:00:00","10","11","1","2023-08-07 00:00:00","19393","WN","N250WN","3395","1537002","34653","TUL","Tulsa, OK","OK","Oklahoma","1125904","30194","DAL","Dallas, TX","TX","Texas","0","13","11","16","65","81","238","1","0","0","16","0","0","Less Than 250 Miles"
"11:00 - 11:59","10:00 - 10:59","2023-08-07 00:00:00","2023-08-07 00:00:00","2023-08-07 00:00:00","2023-08-07 00:00:00","2023-08-07 00:00:00","2023-08-07 00:00:00","Fly Time","0","2023-08-07 00:00:00","10","11","1","2023-08-07 00:00:00","19393","WN","N8739L","714","1468305","33214","SAT","San Antonio, TX","TX","Texas","1219103","31453","HOU","Houston, TX","TX","Texas","19","10","5","9","60","50","192","1","0","0","0","0","0","Less Than 250 Miles"
"12:00 - 12:59","11:00 - 11:59","2023-08-07 00:00:00","2023-08-07 00:00:00","2023-08-07 00:00:00","2023-08-07 00:00:00","2023-08-07 00:00:00","2023-08-07 00:00:00","Fly Time","0","2023-08-07 00:00:00","11","12","1","2023-08-07 00:00:00","19393","WN","N8574Z","2886","1288904","32211","LAS","Las Vegas, NV","NV","Nevada","1426204","34262","PSP","Palm Springs, CA","CA","California","24","10","3","11","60","47","173","1","0","0","0","0","0","Less Than 250 Miles"
"12:00 - 12:59","11:00 - 11:59","2023-08-07 00:00:00","2023-08-07 00:00:00","2023-08-07 00:00:00","2023-08-07 00:00:00","2023-08-07 00:00:00","2023-08-07 00:00:00","Carrier","30","2023-08-07 00:00:00","11","12","1","2023-08-07 00:00:00","19393","WN","N8821S","2325","1288904","32211","LAS","Las Vegas, NV","NV","Nevada","1289208","32575","LAX","Los Angeles, CA","CA","California","43","13","8","30","75","62","236","1","19","0","0","0","11","Less Than 250 Miles"
"12:00 - 12:59","11:00 - 11:59","2023-08-07 00:00:00","2023-08-07 00:00:00","2023-08-07 00:00:00","2023-08-07 00:00:00","2023-08-07 00:00:00","2023-08-07 00:00:00","Fly Time","0","2023-08-07 00:00:00","11","12","1","2023-08-07 00:00:00","19393","WN","N940WN","2224","1129202","30325","DEN","Denver, CO","CO","Colorado","1110902","30189","COS","Colorado Springs, CO","CO","Colorado","7","17","6","-5","50","38","73","1","0","0","0","0","0","Less Than 250 Miles"
"12:00 - 12:59","11:00 - 11:59","2023-08-07 00:00:00","2023-08-07 00:00:00","2023-08-07 00:00:00","2023-08-07 00:00:00","2023-08-07 00:00:00","2023-08-07 00:00:00","Fly Time","0","2023-08-07 00:00:00","11","12","1","2023-08-07 00:00:00","19393","WN","N922WN","2117","1110902","30189","COS","Colorado Springs, CO","CO","Colorado","1129202","30325","DEN","Denver, CO","CO","Colorado","13","12","7","4","50","41","73","1","0","0","0","0","0","Less Than 250 Miles"
"12:00 - 12:59","11:00 - 11:59","2023-08-07 00:00:00","2023-08-07 00:00:00","2023-08-07 00:00:00","2023-08-07 00:00:00","2023-08-07 00:00:00","2023-08-07 00:00:00","Fly Time","0","2023-08-07 00:00:00","11","12","1","2023-08-07 00:00:00","19393","WN","N950WN","2950","1501606","31123","STL","St. Louis, MO","MO","Missouri","1319801","33198","MCI","Kansas City, MO","MO","Missouri","17","8","6","9","65","57","237","1","0","0","0","0","0","Less Than 250 Miles"
"12:00 - 12:59","11:00 - 11:59","2023-08-07 00:00:00","2023-08-07 00:00:00","2023-08-07 00:00:00","2023-08-07 00:00:00","2023-08-07 00:00:00","2023-08-07 00:00:00","Airport System","25","2023-08-07 00:00:00","11","12","1","2023-08-07 00:00:00","19393","WN","N763SW","2594","1295407","32575","LGB","Long Beach, CA","CA","California","1288904","32211","LAS","Las Vegas, NV","NV","Nevada","9","34","3","25","65","81","231","1","6","0","16","0","3","Less Than 250 Miles"
"12:00 - 12:59","11:00 - 11:59","2023-08-07 00:00:00","2023-08-07 00:00:00","2023-08-07 00:00:00","2023-08-07 00:00:00","2023-08-07 00:00:00","2023-08-07 00:00:00","Late Aircraft","34","2023-08-07 00:00:00","11","12","1","2023-08-07 00:00:00","19393","WN","N437WN","1687","1389101","32575","ONT","Ontario, CA","CA","California","1288904","32211","LAS","Las Vegas, NV","NV","Nevada","18","38","3","34","65","81","197","1","0","0","16","0","18","Less Than 250 Miles"
"12:00 - 12:59","11:00 - 11:59","2023-08-07 00:00:00","2023-08-07 00:00:00","2023-08-07 00:00:00","2023-08-07 00:00:00","2023-08-07 00:00:00","2023-08-07 00:00:00","Fly Time","0","2023-08-07 00:00:00","11","12","1","2023-08-07 00:00:00","19393","WN","N8809L","19","1125904","30194","DAL","Dallas, TX","TX","Texas","1219103","31453","HOU","Houston, TX","TX","Texas","11","10","6","4","65","58","239","1","0","0","0","0","0","Less Than 250 Miles"
"12:00 - 12:59","11:00 - 11:59","2023-08-07 00:00:00","2023-08-07 00:00:00","2023-08-07 00:00:00","2023-08-07 00:00:00","2023-08-07 00:00:00","2023-08-07 00:00:00","Late Aircraft","22","2023-08-07 00:00:00","11","12","1","2023-08-07 00:00:00","19393","WN","N969WN","20","1219103","31453","HOU","Houston, TX","TX","Texas","1125904","30194","DAL","Dallas, TX","TX","Texas","25","11","8","22","65","62","239","1","0","0","0","0","22","Less Than 250 Miles"
"12:00 - 12:59","11:00 - 11:59","2023-08-07 00:00:00","2023-08-07 00:00:00","2023-08-07 00:00:00","2023-08-07 00:00:00","2023-08-07 00:00:00","2023-08-07 00:00:00","Fly Time","0","2023-08-07 00:00:00","11","12","1","2023-08-07 00:00:00","19393","WN","N8749Q","2210","1082106","30852","BWI","Baltimore, MD","MD","Maryland","1393102","33667","ORF","Norfolk, VA","VA","Virginia","4","11","4","-5","55","46","159","1","0","0","0","0","0","Less Than 250 Miles"
"12:00 - 12:59","12:00 - 12:59","2023-08-07 00:00:00","2023-08-07 00:00:00","2023-08-07 00:00:00","2023-08-07 00:00:00","2023-08-07 00:00:00","2023-08-07 00:00:00","Late Aircraft","16","2023-08-07 00:00:00","12","12","1","2023-08-07 00:00:00","19393","WN","N8720L","2899","1217305","32134","HNL","Honolulu, HI","HI","Hawaii","1298202","32982","LIH","Lihue, HI","HI","Hawaii","20","16","9","16","50","46","102","1","0","0","0","0","16","Less Than 250 Miles"
"12:00 - 12:59","11:00 - 11:59","2023-02-06 00:00:00","2023-02-06 00:00:00","2023-02-06 00:00:00","2023-02-06 00:00:00","2023-02-06 00:00:00","2023-02-06 00:00:00","Fly Time","0","2023-02-06 00:00:00","11","12","1","2023-02-06 00:00:00","19393","WN","N453WN","2470","1288904","32211","LAS","Las Vegas, NV","NV","Nevada","1289208","32575","LAX","Los Angeles, CA","CA","California","19","11","5","-1","75","55","236","1","0","0","0","0","0","Less Than 250 Miles"
"12:00 - 12:59","11:00 - 11:59","2023-02-06 00:00:00","2023-02-06 00:00:00","2023-02-06 00:00:00","2023-02-06 00:00:00","2023-02-06 00:00:00","2023-02-06 00:00:00","Fly Time","0","2023-02-06 00:00:00","11","12","1","2023-02-06 00:00:00","19393","WN","N776WN","2364","1080003","32575","BUR","Burbank, CA","CA","California","1288904","32211","LAS","Las Vegas, NV","NV","Nevada","14","16","4","2","75","63","223","1","0","0","0","0","0","Less Than 250 Miles"
"12:00 - 12:59","11:00 - 11:59","2023-02-06 00:00:00","2023-02-06 00:00:00","2023-02-06 00:00:00","2023-02-06 00:00:00","2023-02-06 00:00:00","2023-02-06 00:00:00","Fly Time","0","2023-02-06 00:00:00","11","12","1","2023-02-06 00:00:00","19393","WN","N495WN","1141","1490803","32575","SNA","Santa Ana, CA","CA","California","1288904","32211","LAS","Las Vegas, NV","NV","Nevada","3","12","5","-12","75","60","226","1","0","0","0","0","0","Less Than 250 Miles"
"12:00 - 12:59","11:00 - 11:59","2023-02-06 00:00:00","2023-02-06 00:00:00","2023-02-06 00:00:00","2023-02-06 00:00:00","2023-02-06 00:00:00","2023-02-06 00:00:00","Fly Time","0","2023-02-06 00:00:00","11","12","1","2023-02-06 00:00:00","19393","WN","N8832H","1841","1125904","30194","DAL","Dallas, TX","TX","Texas","1042302","30423","AUS","Austin, TX","TX","Texas","1","11","3","-15","65","49","189","1","0","0","0","0","0","Less Than 250 Miles"
"12:00 - 12:59","11:00 - 11:59","2023-02-13 00:00:00","2023-02-13 00:00:00","2023-02-13 00:00:00","2023-02-13 00:00:00","2023-02-13 00:00:00","2023-02-13 00:00:00","Airport System","29","2023-02-13 00:00:00","11","12","1","2023-02-13 00:00:00","19393","WN","N224WN","2752","1288904","32211","LAS","Las Vegas, NV","NV","Nevada","1389101","32575","ONT","Ontario, CA","CA","California","5","52","3","29","65","89","197","1","0","0","29","0","0","Less Than 250 Miles"
"12:00 - 12:59","11:00 - 11:59","2023-02-13 00:00:00","2023-02-13 00:00:00","2023-02-13 00:00:00","2023-02-13 00:00:00","2023-02-13 00:00:00","2023-02-13 00:00:00","Airport System","26","2023-02-13 00:00:00","11","12","1","2023-02-13 00:00:00","19393","WN","N7849A","2470","1288904","32211","LAS","Las Vegas, NV","NV","Nevada","1289208","32575","LAX","Los Angeles, CA","CA","California","10","46","6","26","75","91","236","1","8","0","16","0","2","Less Than 250 Miles"
"12:00 - 12:59","11:00 - 11:59","2023-02-13 00:00:00","2023-02-13 00:00:00","2023-02-13 00:00:00","2023-02-13 00:00:00","2023-02-13 00:00:00","2023-02-13 00:00:00","Carrier","46","2023-02-13 00:00:00","11","12","1","2023-02-13 00:00:00","19393","WN","N8767M","1905","1217305","32134","HNL","Honolulu, HI","HI","Hawaii","1275804","32758","KOA","Kona, HI","HI","Hawaii","57","12","4","46","55","44","163","1","44","0","0","0","2","Less Than 250 Miles"
"12:00 - 12:59","11:00 - 11:59","2023-02-13 00:00:00","2023-02-13 00:00:00","2023-02-13 00:00:00","2023-02-13 00:00:00","2023-02-13 00:00:00","2023-02-13 00:00:00","Airport System","38","2023-02-13 00:00:00","11","12","1","2023-02-13 00:00:00","19393","WN","N441WN","1141","1490803","32575","SNA","Santa Ana, CA","CA","California","1288904","32211","LAS","Las Vegas, NV","NV","Nevada","15","41","4","38","75","98","226","1","0","0","38","0","0","Less Than 250 Miles"
"12:00 - 12:59","11:00 - 11:59","2023-02-13 00:00:00","2023-02-13 00:00:00","2023-02-13 00:00:00","2023-02-13 00:00:00","2023-02-13 00:00:00","2023-02-13 00:00:00","Fly Time","0","2023-02-13 00:00:00","11","12","1","2023-02-13 00:00:00","19393","WN","N8646B","1258","1082106","30852","BWI","Baltimore, MD","MD","Maryland","1412202","30198","PIT","Pittsburgh, PA","PA","Pennsylvania","9","18","6","4","65","60","210","1","0","0","0","0","0","Less Than 250 Miles"
"13:00 - 13:59","11:00 - 11:59","2023-02-06 00:00:00","2023-02-06 00:00:00","2023-02-06 00:00:00","2023-02-06 00:00:00","2023-02-06 00:00:00","2023-02-06 00:00:00","Late Aircraft","20","2023-02-06 00:00:00","11","13","1","2023-02-06 00:00:00","19393","WN","N8705Q","2409","1288904","32211","LAS","Las Vegas, NV","NV","Nevada","1295407","32575","LGB","Long Beach, CA","CA","California","32","14","3","20","70","58","231","1","0","0","0","0","20","Less Than 250 Miles"
"13:00 - 13:59","12:00 - 12:59","2023-02-06 00:00:00","2023-02-06 00:00:00","2023-02-06 00:00:00","2023-02-06 00:00:00","2023-02-06 00:00:00","2023-02-06 00:00:00","Fly Time","0","2023-02-06 00:00:00","12","13","1","2023-02-06 00:00:00","19393","WN","N256WN","1147","1288904","32211","LAS","Las Vegas, NV","NV","Nevada","1490803","32575","SNA","Santa Ana, CA","CA","California","9","21","3","8","65","64","226","1","0","0","0","0","0","Less Than 250 Miles"
"13:00 - 13:59","12:00 - 12:59","2023-02-06 00:00:00","2023-02-06 00:00:00","2023-02-06 00:00:00","2023-02-06 00:00:00","2023-02-06 00:00:00","2023-02-06 00:00:00","Fly Time","0","2023-02-06 00:00:00","12","13","1","2023-02-06 00:00:00","19393","WN","N8744B","969","1240203","32402","ITO","Hilo, HI","HI","Hawaii","1217305","32134","HNL","Honolulu, HI","HI","Hawaii","10","11","4","7","60","57","216","1","0","0","0","0","0","Less Than 250 Miles"
"13:00 - 13:59","12:00 - 12:59","2023-02-06 00:00:00","2023-02-06 00:00:00","2023-02-06 00:00:00","2023-02-06 00:00:00","2023-02-06 00:00:00","2023-02-06 00:00:00","Fly Time","0","2023-02-06 00:00:00","12","13","1","2023-02-06 00:00:00","19393","WN","N1809U","1070","1217305","32134","HNL","Honolulu, HI","HI","Hawaii","1383002","33830","OGG","Kahului, HI","HI","Hawaii","4","14","5","3","45","44","100","1","0","0","0","0","0","Less Than 250 Miles"
"13:00 - 13:59","12:00 - 12:59","2023-02-06 00:00:00","2023-02-06 00:00:00","2023-02-06 00:00:00","2023-02-06 00:00:00","2023-02-06 00:00:00","2023-02-06 00:00:00","Fly Time","0","2023-02-06 00:00:00","12","13","1","2023-02-06 00:00:00","19393","WN","N8548P","1286","1289208","32575","LAX","Los Angeles, CA","CA","California","1288904","32211","LAS","Las Vegas, NV","NV","Nevada","6","12","7","1","70","65","236","1","0","0","0","0","0","Less Than 250 Miles"
"13:00 - 13:59","12:00 - 12:59","2023-02-06 00:00:00","2023-02-06 00:00:00","2023-02-06 00:00:00","2023-02-06 00:00:00","2023-02-06 00:00:00","2023-02-06 00:00:00","Fly Time","0","2023-02-06 00:00:00","12","13","1","2023-02-06 00:00:00","19393","WN","N8790Q","15","1219103","31453","HOU","Houston, TX","TX","Texas","1114008","31140","CRP","Corpus Christi, TX","TX","Texas","15","10","4","2","60","47","187","1","0","0","0","0","0","Less Than 250 Miles"
"13:00 - 13:59","13:00 - 13:59","2023-02-06 00:00:00","2023-02-06 00:00:00","2023-02-06 00:00:00","2023-02-06 00:00:00","2023-02-06 00:00:00","2023-02-06 00:00:00","Fly Time","0","2023-02-06 00:00:00","13","13","1","2023-02-06 00:00:00","19393","WN","N449WN","443","1119302","33105","CVG","Cincinnati, OH","KY","Kentucky","1323202","30977","MDW","Chicago, IL","IL","Illinois","4","9","5","-7","70","59","249","1","0","0","0","0","0","Less Than 250 Miles"
"13:00 - 13:59","11:00 - 11:59","2023-02-14 00:00:00","2023-02-14 00:00:00","2023-02-13 00:00:00","2023-02-14 00:00:00","2023-02-13 00:00:00","2023-02-13 00:00:00","Airport System","35","2023-02-13 00:00:00","11","13","1","2023-02-13 00:00:00","19393","WN","N8743K","2409","1288904","32211","LAS","Las Vegas, NV","NV","Nevada","1295407","32575","LGB","Long Beach, CA","CA","California","-2","57","11","35","70","107","231","1","0","0","35","0","0","Less Than 250 Miles"
"13:00 - 13:59","12:00 - 12:59","2023-02-13 00:00:00","2023-02-13 00:00:00","2023-02-13 00:00:00","2023-02-13 00:00:00","2023-02-13 00:00:00","2023-02-13 00:00:00","Carrier","74","2023-02-13 00:00:00","12","13","1","2023-02-13 00:00:00","19393","WN","N7838A","975","1288904","32211","LAS","Las Vegas, NV","NV","Nevada","1080003","32575","BUR","Burbank, CA","CA","California","59","43","2","74","75","90","223","1","53","0","15","0","6","Less Than 250 Miles"
"13:00 - 13:59","12:00 - 12:59","2023-02-13 00:00:00","2023-02-13 00:00:00","2023-02-13 00:00:00","2023-02-13 00:00:00","2023-02-13 00:00:00","2023-02-13 00:00:00","Carrier","77","2023-02-13 00:00:00","12","13","1","2023-02-13 00:00:00","19393","WN","N489WN","1147","1288904","32211","LAS","Las Vegas, NV","NV","Nevada","1490803","32575","SNA","Santa Ana, CA","CA","California","52","48","4","77","65","90","226","1","48","0","25","0","4","Less Than 250 Miles"
"13:00 - 13:59","12:00 - 12:59","2023-02-13 00:00:00","2023-02-13 00:00:00","2023-02-13 00:00:00","2023-02-13 00:00:00","2023-02-13 00:00:00","2023-02-13 00:00:00","Fly Time","0","2023-02-13 00:00:00","12","13","1","2023-02-13 00:00:00","19393","WN","N292WN","2368","1110902","30189","COS","Colorado Springs, CO","CO","Colorado","1129202","30325","DEN","Denver, CO","CO","Colorado","14","14","8","12","50","48","73","1","0","0","0","0","0","Less Than 250 Miles"
"13:00 - 13:59","12:00 - 12:59","2023-02-13 00:00:00","2023-02-13 00:00:00","2023-02-13 00:00:00","2023-02-13 00:00:00","2023-02-13 00:00:00","2023-02-13 00:00:00","Fly Time","0","2023-02-13 00:00:00","12","13","1","2023-02-13 00:00:00","19393","WN","N8772M","1062","1217305","32134","HNL","Honolulu, HI","HI","Hawaii","1298202","32982","LIH","Lihue, HI","HI","Hawaii","4","17","4","2","45","43","102","1","0","0","0","0","0","Less Than 250 Miles"
"13:00 - 13:59","12:00 - 12:59","2023-02-13 00:00:00","2023-02-13 00:00:00","2023-02-13 00:00:00","2023-02-13 00:00:00","2023-02-13 00:00:00","2023-02-13 00:00:00","Late Aircraft","82","2023-02-13 00:00:00","12","13","1","2023-02-13 00:00:00","19393","WN","N8783L","1079","1383002","33830","OGG","Kahului, HI","HI","Hawaii","1217305","32134","HNL","Honolulu, HI","HI","Hawaii","75","17","4","82","45","52","100","1","0","0","7","0","75","Less Than 250 Miles"
"13:00 - 13:59","12:00 - 12:59","2023-02-13 00:00:00","2023-02-13 00:00:00","2023-02-13 00:00:00","2023-02-13 00:00:00","2023-02-13 00:00:00","2023-02-13 00:00:00","Carrier","21","2023-02-13 00:00:00","12","13","1","2023-02-13 00:00:00","19393","WN","N8724J","1070","1217305","32134","HNL","Honolulu, HI","HI","Hawaii","1383002","33830","OGG","Kahului, HI","HI","Hawaii","16","17","8","21","45","50","100","1","16","0","5","0","0","Less Than 250 Miles"
"13:00 - 13:59","12:00 - 12:59","2023-02-13 00:00:00","2023-02-13 00:00:00","2023-02-13 00:00:00","2023-02-13 00:00:00","2023-02-13 00:00:00","2023-02-13 00:00:00","Airport System","92","2023-02-13 00:00:00","12","13","1","2023-02-13 00:00:00","19393","WN","N8802Q","1286","1289208","32575","LAX","Los Angeles, CA","CA","California","1288904","32211","LAS","Las Vegas, NV","NV","Nevada","68","42","4","92","70","94","236","1","0","0","59","0","33","Less Than 250 Miles"
"13:00 - 13:59","12:00 - 12:59","2023-02-13 00:00:00","2023-02-13 00:00:00","2023-02-13 00:00:00","2023-02-13 00:00:00","2023-02-13 00:00:00","2023-02-13 00:00:00","Airport System","82","2023-02-13 00:00:00","12","13","1","2023-02-13 00:00:00","19393","WN","N969WN","2054","1080003","32575","BUR","Burbank, CA","CA","California","1288904","32211","LAS","Las Vegas, NV","NV","Nevada","86","9","4","82","65","61","223","1","0","0","82","0","0","Less Than 250 Miles"
"13:00 - 13:59","12:00 - 12:59","2023-02-13 00:00:00","2023-02-13 00:00:00","2023-02-13 00:00:00","2023-02-13 00:00:00","2023-02-13 00:00:00","2023-02-13 00:00:00","Weather","81","2023-02-13 00:00:00","12","13","1","2023-02-13 00:00:00","19393","WN","N419WN","1317","1490803","32575","SNA","Santa Ana, CA","CA","California","1288904","32211","LAS","Las Vegas, NV","NV","Nevada","69","29","5","81","70","82","226","1","0","56","12","0","13","Less Than 250 Miles"
"13:00 - 13:59","12:00 - 12:59","2023-02-13 00:00:00","2023-02-13 00:00:00","2023-02-13 00:00:00","2023-02-13 00:00:00","2023-02-13 00:00:00","2023-02-13 00:00:00","Airport System","78","2023-02-13 00:00:00","12","13","1","2023-02-13 00:00:00","19393","WN","N910WN","352","1295407","32575","LGB","Long Beach, CA","CA","California","1288904","32211","LAS","Las Vegas, NV","NV","Nevada","66","21","8","78","70","82","231","1","0","0","78","0","0","Less Than 250 Miles"
"13:00 - 13:59","12:00 - 12:59","2023-02-13 00:00:00","2023-02-13 00:00:00","2023-02-13 00:00:00","2023-02-13 00:00:00","2023-02-13 00:00:00","2023-02-13 00:00:00","Fly Time","0","2023-02-13 00:00:00","12","13","1","2023-02-13 00:00:00","19393","WN","N8805L","2903","1125904","30194","DAL","Dallas, TX","TX","Texas","1537002","34653","TUL","Tulsa, OK","OK","Oklahoma","4","13","4","-8","70","58","238","1","0","0","0","0","0","Less Than 250 Miles"
"13:00 - 13:59","12:00 - 12:59","2023-02-14 00:00:00","2023-02-14 00:00:00","2023-02-13 00:00:00","2023-02-14 00:00:00","2023-02-13 00:00:00","2023-02-13 00:00:00","Airport System","21","2023-02-13 00:00:00","12","13","1","2023-02-13 00:00:00","19393","WN","N7732A","1423","1288904","32211","LAS","Las Vegas, NV","NV","Nevada","1426204","34262","PSP","Palm Springs, CA","CA","California","-7","51","3","21","60","88","173","1","0","0","21","0","0","Less Than 250 Miles"
"13:00 - 13:59","12:00 - 12:59","2023-02-14 00:00:00","2023-02-14 00:00:00","2023-02-13 00:00:00","2023-02-14 00:00:00","2023-02-13 00:00:00","2023-02-13 00:00:00","Fly Time","0","2023-02-13 00:00:00","12","13","1","2023-02-13 00:00:00","19393","WN","N7823A","26","1219103","31453","HOU","Houston, TX","TX","Texas","1125904","30194","DAL","Dallas, TX","TX","Texas","-2","24","6","9","65","76","239","1","0","0","0","0","0","Less Than 250 Miles"
"13:00 - 13:59","13:00 - 13:59","2023-02-13 00:00:00","2023-02-13 00:00:00","2023-02-13 00:00:00","2023-02-13 00:00:00","2023-02-13 00:00:00","2023-02-13 00:00:00","Fly Time","0","2023-02-13 00:00:00","13","13","1","2023-02-13 00:00:00","19393","WN","N472WN","443","1119302","33105","CVG","Cincinnati, OH","KY","Kentucky","1323202","30977","MDW","Chicago, IL","IL","Illinois","10","7","6","3","70","63","249","1","0","0","0","0","0","Less Than 250 Miles"
"14:00 - 14:59","13:00 - 13:59","2023-02-06 00:00:00","2023-02-06 00:00:00","2023-02-06 00:00:00","2023-02-06 00:00:00","2023-02-06 00:00:00","2023-02-06 00:00:00","Fly Time","0","2023-02-06 00:00:00","13","14","1","2023-02-06 00:00:00","19393","WN","N448WN","955","1129202","30325","DEN","Denver, CO","CO","Colorado","1350202","33502","MTJ","Montrose/Delta, CO","CO","Colorado","4","12","3","-3","55","48","196","1","0","0","0","0","0","Less Than 250 Miles"
"14:00 - 14:59","13:00 - 13:59","2023-02-06 00:00:00","2023-02-06 00:00:00","2023-02-06 00:00:00","2023-02-06 00:00:00","2023-02-06 00:00:00","2023-02-06 00:00:00","Fly Time","0","2023-02-06 00:00:00","13","14","1","2023-02-06 00:00:00","19393","WN","N7844A","1704","1080003","32575","BUR","Burbank, CA","CA","California","1288904","32211","LAS","Las Vegas, NV","NV","Nevada","13","8","9","7","65","59","223","1","0","0","0","0","0","Less Than 250 Miles"
"14:00 - 14:59","13:00 - 13:59","2023-02-07 00:00:00","2023-02-07 00:00:00","2023-02-06 00:00:00","2023-02-07 00:00:00","2023-02-06 00:00:00","2023-02-06 00:00:00","Airport System","20","2023-02-06 00:00:00","13","14","1","2023-02-06 00:00:00","19393","WN","N952WN","593","1209402","34699","HDN","Hayden, CO","CO","Colorado","1129202","30325","DEN","Denver, CO","CO","Colorado","-6","47","6","20","60","86","141","1","0","0","20","0","0","Less Than 250 Miles"
"14:00 - 14:59","12:00 - 12:59","2023-02-13 00:00:00","2023-02-13 00:00:00","2023-02-13 00:00:00","2023-02-13 00:00:00","2023-02-13 00:00:00","2023-02-13 00:00:00","Carrier","52","2023-02-13 00:00:00","12","14","1","2023-02-13 00:00:00","19393","WN","N8786Q","2144","1323202","30977","MDW","Chicago, IL","IL","Illinois","1198603","31986","GRR","Grand Rapids, MI","MI","Michigan","60","10","3","52","50","42","137","1","52","0","0","0","0","Less Than 250 Miles"
"14:00 - 14:59","13:00 - 13:59","2023-02-13 00:00:00","2023-02-13 00:00:00","2023-02-13 00:00:00","2023-02-13 00:00:00","2023-02-13 00:00:00","2023-02-13 00:00:00","Fly Time","0","2023-02-13 00:00:00","13","14","1","2023-02-13 00:00:00","19393","WN","N273WN","593","1209402","34699","HDN","Hayden, CO","CO","Colorado","1129202","30325","DEN","Denver, CO","CO","Colorado","2","14","5","-12","60","46","141","1","0","0","0","0","0","Less Than 250 Miles"
"14:00 - 14:59","13:00 - 13:59","2023-02-13 00:00:00","2023-02-13 00:00:00","2023-02-13 00:00:00","2023-02-13 00:00:00","2023-02-13 00:00:00","2023-02-13 00:00:00","Fly Time","0","2023-02-13 00:00:00","13","14","1","2023-02-13 00:00:00","19393","WN","N8737L","1474","1383002","33830","OGG","Kahului, HI","HI","Hawaii","1217305","32134","HNL","Honolulu, HI","HI","Hawaii","3","17","3","7","45","49","100","1","0","0","0","0","0","Less Than 250 Miles"
"14:00 - 14:59","13:00 - 13:59","2023-02-13 00:00:00","2023-02-13 00:00:00","2023-02-13 00:00:00","2023-02-13 00:00:00","2023-02-13 00:00:00","2023-02-13 00:00:00","Fly Time","0","2023-02-13 00:00:00","13","14","1","2023-02-13 00:00:00","19393","WN","N8759Q","2347","1217305","32134","HNL","Honolulu, HI","HI","Hawaii","1240203","32402","ITO","Hilo, HI","HI","Hawaii","10","15","3","3","60","53","216","1","0","0","0","0","0","Less Than 250 Miles"
"14:00 - 14:59","13:00 - 13:59","2023-02-13 00:00:00","2023-02-13 00:00:00","2023-02-13 00:00:00","2023-02-13 00:00:00","2023-02-13 00:00:00","2023-02-13 00:00:00","Fly Time","0","2023-02-13 00:00:00","13","14","1","2023-02-13 00:00:00","19393","WN","N8780Q","145","1217305","32134","HNL","Honolulu, HI","HI","Hawaii","1275804","32758","KOA","Kona, HI","HI","Hawaii","4","11","4","-5","55","46","163","1","0","0","0","0","0","Less Than 250 Miles"
"14:00 - 14:59","13:00 - 13:59","2023-02-13 00:00:00","2023-02-13 00:00:00","2023-02-13 00:00:00","2023-02-13 00:00:00","2023-02-13 00:00:00","2023-02-13 00:00:00","Late Aircraft","44","2023-02-13 00:00:00","13","14","1","2023-02-13 00:00:00","19393","WN","N8767M","1357","1275804","32758","KOA","Kona, HI","HI","Hawaii","1217305","32134","HNL","Honolulu, HI","HI","Hawaii","36","25","6","44","50","58","163","1","0","0","8","0","36","Less Than 250 Miles"
"14:00 - 14:59","13:00 - 13:59","2023-02-13 00:00:00","2023-02-13 00:00:00","2023-02-13 00:00:00","2023-02-13 00:00:00","2023-02-13 00:00:00","2023-02-13 00:00:00","Weather","65","2023-02-13 00:00:00","13","14","1","2023-02-13 00:00:00","19393","WN","N291WN","1704","1080003","32575","BUR","Burbank, CA","CA","California","1288904","32211","LAS","Las Vegas, NV","NV","Nevada","47","26","8","65","65","83","223","1","0","47","18","0","0","Less Than 250 Miles"
"14:00 - 14:59","13:00 - 13:59","2023-02-13 00:00:00","2023-02-13 00:00:00","2023-02-13 00:00:00","2023-02-13 00:00:00","2023-02-13 00:00:00","2023-02-13 00:00:00","Airport System","81","2023-02-13 00:00:00","13","14","1","2023-02-13 00:00:00","19393","WN","N224WN","1970","1389101","32575","ONT","Ontario, CA","CA","California","1288904","32211","LAS","Las Vegas, NV","NV","Nevada","50","37","10","81","65","96","197","1","19","0","31","0","31","Less Than 250 Miles"
"15:00 - 15:59","14:00 - 14:59","2023-02-06 00:00:00","2023-02-06 00:00:00","2023-02-06 00:00:00","2023-02-06 00:00:00","2023-02-06 00:00:00","2023-02-06 00:00:00","Fly Time","0","2023-02-06 00:00:00","14","15","1","2023-02-06 00:00:00","19393","WN","N251WN","1838","1288904","32211","LAS","Las Vegas, NV","NV","Nevada","1080003","32575","BUR","Burbank, CA","CA","California","5","16","3","-6","75","64","223","1","0","0","0","0","0","Less Than 250 Miles"
"15:00 - 15:59","14:00 - 14:59","2023-02-06 00:00:00","2023-02-06 00:00:00","2023-02-06 00:00:00","2023-02-06 00:00:00","2023-02-06 00:00:00","2023-02-06 00:00:00","Fly Time","0","2023-02-06 00:00:00","14","15","1","2023-02-06 00:00:00","19393","WN","N8728Q","1301","1288904","32211","LAS","Las Vegas, NV","NV","Nevada","1289208","32575","LAX","Los Angeles, CA","CA","California","30","17","4","14","75","59","236","1","0","0","0","0","0","Less Than 250 Miles"
"15:00 - 15:59","14:00 - 14:59","2023-02-06 00:00:00","2023-02-06 00:00:00","2023-02-06 00:00:00","2023-02-06 00:00:00","2023-02-06 00:00:00","2023-02-06 00:00:00","Fly Time","0","2023-02-06 00:00:00","14","15","1","2023-02-06 00:00:00","19393","WN","N221WN","1899","1288904","32211","LAS","Las Vegas, NV","NV","Nevada","1295407","32575","LGB","Long Beach, CA","CA","California","2","12","4","-17","75","56","231","1","0","0","0","0","0","Less Than 250 Miles"
"15:00 - 15:59","14:00 - 14:59","2023-02-06 00:00:00","2023-02-06 00:00:00","2023-02-06 00:00:00","2023-02-06 00:00:00","2023-02-06 00:00:00","2023-02-06 00:00:00","Fly Time","0","2023-02-06 00:00:00","14","15","1","2023-02-06 00:00:00","19393","WN","N784SW","1329","1289208","32575","LAX","Los Angeles, CA","CA","California","1288904","32211","LAS","Las Vegas, NV","NV","Nevada","3","10","6","-3","65","59","236","1","0","0","0","0","0","Less Than 250 Miles"
"15:00 - 15:59","14:00 - 14:59","2023-02-07 00:00:00","2023-02-07 00:00:00","2023-02-06 00:00:00","2023-02-07 00:00:00","2023-02-06 00:00:00","2023-02-06 00:00:00","Fly Time","0","2023-02-06 00:00:00","14","15","1","2023-02-06 00:00:00","19393","WN","N8711Q","1269","1275804","32758","KOA","Kona, HI","HI","Hawaii","1383002","33830","OGG","Kahului, HI","HI","Hawaii","-3","10","9","1","35","39","84","1","0","0","0","0","0","Less Than 250 Miles"
"15:00 - 15:59","14:00 - 14:59","2023-02-07 00:00:00","2023-02-07 00:00:00","2023-02-06 00:00:00","2023-02-07 00:00:00","2023-02-06 00:00:00","2023-02-06 00:00:00","Fly Time","0","2023-02-06 00:00:00","14","15","1","2023-02-06 00:00:00","19393","WN","N500WR","1967","1042302","30423","AUS","Austin, TX","TX","Texas","1219103","31453","HOU","Houston, TX","TX","Texas","-5","9","35","12","60","77","148","1","0","0","0","0","0","Less Than 250 Miles"
"15:00 - 15:59","14:00 - 14:59","2023-02-13 00:00:00","2023-02-13 00:00:00","2023-02-13 00:00:00","2023-02-13 00:00:00","2023-02-13 00:00:00","2023-02-13 00:00:00","Late Aircraft","59","2023-02-13 00:00:00","14","15","1","2023-02-13 00:00:00","19393","WN","N490WN","1838","1288904","32211","LAS","Las Vegas, NV","NV","Nevada","1080003","32575","BUR","Burbank, CA","CA","California","62","27","1","59","75","72","223","1","0","0","0","0","59","Less Than 250 Miles"
"15:00 - 15:59","14:00 - 14:59","2023-02-13 00:00:00","2023-02-13 00:00:00","2023-02-13 00:00:00","2023-02-13 00:00:00","2023-02-13 00:00:00","2023-02-13 00:00:00","Late Aircraft","60","2023-02-13 00:00:00","14","15","1","2023-02-13 00:00:00","19393","WN","N499WN","1899","1288904","32211","LAS","Las Vegas, NV","NV","Nevada","1295407","32575","LGB","Long Beach, CA","CA","California","65","24","3","60","75","70","231","1","0","0","0","0","60","Less Than 250 Miles"
"15:00 - 15:59","14:00 - 14:59","2023-02-13 00:00:00","2023-02-13 00:00:00","2023-02-13 00:00:00","2023-02-13 00:00:00","2023-02-13 00:00:00","2023-02-13 00:00:00","Late Aircraft","51","2023-02-13 00:00:00","14","15","1","2023-02-13 00:00:00","19393","WN","N8579Z","1301","1288904","32211","LAS","Las Vegas, NV","NV","Nevada","1289208","32575","LAX","Los Angeles, CA","CA","California","50","29","7","51","75","76","236","1","1","0","1","0","49","Less Than 250 Miles"
"15:00 - 15:59","14:00 - 14:59","2023-02-13 00:00:00","2023-02-13 00:00:00","2023-02-13 00:00:00","2023-02-13 00:00:00","2023-02-13 00:00:00","2023-02-13 00:00:00","Airport System","42","2023-02-13 00:00:00","14","15","1","2023-02-13 00:00:00","19393","WN","N261WN","1620","1350202","33502","MTJ","Montrose/Delta, CO","CO","Colorado","1129202","30325","DEN","Denver, CO","CO","Colorado","7","59","6","42","70","105","196","1","7","0","35","0","0","Less Than 250 Miles"
"15:00 - 15:59","14:00 - 14:59","2023-02-13 00:00:00","2023-02-13 00:00:00","2023-02-13 00:00:00","2023-02-13 00:00:00","2023-02-13 00:00:00","2023-02-13 00:00:00","Late Aircraft","21","2023-02-13 00:00:00","14","15","1","2023-02-13 00:00:00","19393","WN","N8788L","1048","1217305","32134","HNL","Honolulu, HI","HI","Hawaii","1383002","33830","OGG","Kahului, HI","HI","Hawaii","21","18","3","21","45","45","100","1","4","0","0","0","17","Less Than 250 Miles"
"15:00 - 15:59","14:00 - 14:59","2023-02-13 00:00:00","2023-02-13 00:00:00","2023-02-13 00:00:00","2023-02-13 00:00:00","2023-02-13 00:00:00","2023-02-13 00:00:00","Late Aircraft","56","2023-02-13 00:00:00","14","15","1","2023-02-13 00:00:00","19393","WN","N8783L","1079","1217305","32134","HNL","Honolulu, HI","HI","Hawaii","1298202","32982","LIH","Lihue, HI","HI","Hawaii","66","10","3","56","45","35","102","1","0","0","0","0","56","Less Than 250 Miles"
"15:00 - 15:59","14:00 - 14:59","2023-02-13 00:00:00","2023-02-13 00:00:00","2023-02-13 00:00:00","2023-02-13 00:00:00","2023-02-13 00:00:00","2023-02-13 00:00:00","Late Aircraft","23","2023-02-13 00:00:00","14","15","1","2023-02-13 00:00:00","19393","WN","N872CB","1269","1275804","32758","KOA","Kona, HI","HI","Hawaii","1383002","33830","OGG","Kahului, HI","HI","Hawaii","22","13","4","23","35","36","84","1","0","0","1","0","22","Less Than 250 Miles"
"15:00 - 15:59","14:00 - 14:59","2023-02-13 00:00:00","2023-02-13 00:00:00","2023-02-13 00:00:00","2023-02-13 00:00:00","2023-02-13 00:00:00","2023-02-13 00:00:00","Fly Time","0","2023-02-13 00:00:00","14","15","1","2023-02-13 00:00:00","19393","WN","N8772M","1063","1298202","32982","LIH","Lihue, HI","HI","Hawaii","1217305","32134","HNL","Honolulu, HI","HI","Hawaii","5","9","5","4","40","39","102","1","0","0","0","0","0","Less Than 250 Miles"
"15:00 - 15:59","14:00 - 14:59","2023-02-13 00:00:00","2023-02-13 00:00:00","2023-02-13 00:00:00","2023-02-13 00:00:00","2023-02-13 00:00:00","2023-02-13 00:00:00","Fly Time","0","2023-02-13 00:00:00","14","15","1","2023-02-13 00:00:00","19393","WN","N7742B","1557","1501606","31123","STL","St. Louis, MO","MO","Missouri","1319801","33198","MCI","Kansas City, MO","MO","Missouri","7","7","3","-8","65","50","237","1","0","0","0","0","0","Less Than 250 Miles"
"15:00 - 15:59","14:00 - 14:59","2023-02-13 00:00:00","2023-02-13 00:00:00","2023-02-13 00:00:00","2023-02-13 00:00:00","2023-02-13 00:00:00","2023-02-13 00:00:00","Late Aircraft","84","2023-02-13 00:00:00","14","15","1","2023-02-13 00:00:00","19393","WN","N780SW","1329","1289208","32575","LAX","Los Angeles, CA","CA","California","1288904","32211","LAS","Las Vegas, NV","NV","Nevada","57","33","11","84","65","92","236","1","1","0","27","0","56","Less Than 250 Miles"
"15:00 - 15:59","14:00 - 14:59","2023-02-13 00:00:00","2023-02-13 00:00:00","2023-02-13 00:00:00","2023-02-13 00:00:00","2023-02-13 00:00:00","2023-02-13 00:00:00","Fly Time","0","2023-02-13 00:00:00","14","15","1","2023-02-13 00:00:00","19393","WN","N8712L","34","1219103","31453","HOU","Houston, TX","TX","Texas","1125904","30194","DAL","Dallas, TX","TX","Texas","3","16","4","4","65","66","239","1","0","0","0","0","0","Less Than 250 Miles"
"16:00 - 16:59","15:00 - 15:59","2023-02-06 00:00:00","2023-02-06 00:00:00","2023-02-06 00:00:00","2023-02-06 00:00:00","2023-02-06 00:00:00","2023-02-06 00:00:00","Fly Time","0","2023-02-06 00:00:00","15","16","1","2023-02-06 00:00:00","19393","WN","N250WN","250","1288904","32211","LAS","Las Vegas, NV","NV","Nevada","1490803","32575","SNA","Santa Ana, CA","CA","California","2","12","3","-6","65","57","226","1","0","0","0","0","0","Less Than 250 Miles"
"16:00 - 16:59","15:00 - 15:59","2023-02-06 00:00:00","2023-02-06 00:00:00","2023-02-06 00:00:00","2023-02-06 00:00:00","2023-02-06 00:00:00","2023-02-06 00:00:00","Fly Time","0","2023-02-06 00:00:00","15","16","1","2023-02-06 00:00:00","19393","WN","N8312C","1644","1288904","32211","LAS","Las Vegas, NV","NV","Nevada","1289208","32575","LAX","Los Angeles, CA","CA","California","3","18","12","2","70","69","236","1","0","0","0","0","0","Less Than 250 Miles"
"16:00 - 16:59","15:00 - 15:59","2023-02-06 00:00:00","2023-02-06 00:00:00","2023-02-06 00:00:00","2023-02-06 00:00:00","2023-02-06 00:00:00","2023-02-06 00:00:00","Fly Time","0","2023-02-06 00:00:00","15","16","1","2023-02-06 00:00:00","19393","WN","N7739A","1144","1129202","30325","DEN","Denver, CO","CO","Colorado","1209402","34699","HDN","Hayden, CO","CO","Colorado","1","13","3","-13","55","41","141","1","0","0","0","0","0","Less Than 250 Miles"
"16:00 - 16:59","15:00 - 15:59","2023-02-06 00:00:00","2023-02-06 00:00:00","2023-02-06 00:00:00","2023-02-06 00:00:00","2023-02-06 00:00:00","2023-02-06 00:00:00","Fly Time","0","2023-02-06 00:00:00","15","16","1","2023-02-06 00:00:00","19393","WN","N8725L","1196","1217305","32134","HNL","Honolulu, HI","HI","Hawaii","1383002","33830","OGG","Kahului, HI","HI","Hawaii","3","15","3","-1","45","41","100","1","0","0","0","0","0","Less Than 250 Miles"
"16:00 - 16:59","15:00 - 15:59","2023-02-06 00:00:00","2023-02-06 00:00:00","2023-02-06 00:00:00","2023-02-06 00:00:00","2023-02-06 00:00:00","2023-02-06 00:00:00","Carrier","45","2023-02-06 00:00:00","15","16","1","2023-02-06 00:00:00","19393","WN","N8310C","2348","1240203","32402","ITO","Hilo, HI","HI","Hawaii","1217305","32134","HNL","Honolulu, HI","HI","Hawaii","51","13","3","45","60","54","216","1","45","0","0","0","0","Less Than 250 Miles"
"16:00 - 16:59","15:00 - 15:59","2023-02-06 00:00:00","2023-02-06 00:00:00","2023-02-06 00:00:00","2023-02-06 00:00:00","2023-02-06 00:00:00","2023-02-06 00:00:00","Fly Time","0","2023-02-06 00:00:00","15","16","1","2023-02-06 00:00:00","19393","WN","N7868K","1615","1080003","32575","BUR","Burbank, CA","CA","California","1288904","32211","LAS","Las Vegas, NV","NV","Nevada","3","10","6","-10","70","57","223","1","0","0","0","0","0","Less Than 250 Miles"
"16:00 - 16:59","15:00 - 15:59","2023-02-06 00:00:00","2023-02-06 00:00:00","2023-02-06 00:00:00","2023-02-06 00:00:00","2023-02-06 00:00:00","2023-02-06 00:00:00","Fly Time","0","2023-02-06 00:00:00","15","16","1","2023-02-06 00:00:00","19393","WN","N237WN","1349","1490803","32575","SNA","Santa Ana, CA","CA","California","1288904","32211","LAS","Las Vegas, NV","NV","Nevada","9","12","7","4","70","65","226","1","0","0","0","0","0","Less Than 250 Miles"
"16:00 - 16:59","15:00 - 15:59","2023-02-06 00:00:00","2023-02-06 00:00:00","2023-02-06 00:00:00","2023-02-06 00:00:00","2023-02-06 00:00:00","2023-02-06 00:00:00","Fly Time","0","2023-02-06 00:00:00","15","16","1","2023-02-06 00:00:00","19393","WN","N945WN","2368","1426204","34262","PSP","Palm Springs, CA","CA","California","1288904","32211","LAS","Las Vegas, NV","NV","Nevada","3","18","12","13","60","70","173","1","0","0","0","0","0","Less Than 250 Miles"
"16:00 - 16:59","15:00 - 15:59","2023-02-06 00:00:00","2023-02-06 00:00:00","2023-02-06 00:00:00","2023-02-06 00:00:00","2023-02-06 00:00:00","2023-02-06 00:00:00","Fly Time","0","2023-02-06 00:00:00","15","16","1","2023-02-06 00:00:00","19393","WN","N8658A","1017","1219103","31453","HOU","Houston, TX","TX","Texas","1468305","33214","SAT","San Antonio, TX","TX","Texas","6","8","2","-11","65","48","192","1","0","0","0","0","0","Less Than 250 Miles"
"16:00 - 16:59","15:00 - 15:59","2023-02-06 00:00:00","2023-02-06 00:00:00","2023-02-06 00:00:00","2023-02-06 00:00:00","2023-02-06 00:00:00","2023-02-06 00:00:00","Fly Time","0","2023-02-06 00:00:00","15","16","1","2023-02-06 00:00:00","19393","WN","N228WN","1812","1125904","30194","DAL","Dallas, TX","TX","Texas","1042302","30423","AUS","Austin, TX","TX","Texas","2","21","3","-5","65","58","189","1","0","0","0","0","0","Less Than 250 Miles"
"16:00 - 16:59","16:00 - 16:59","2023-02-07 00:00:00","2023-02-07 00:00:00","2023-02-06 00:00:00","2023-02-07 00:00:00","2023-02-06 00:00:00","2023-02-06 00:00:00","Fly Time","0","2023-02-06 00:00:00","16","16","1","2023-02-06 00:00:00","19393","WN","N8761L","1080","1298202","32982","LIH","Lihue, HI","HI","Hawaii","1217305","32134","HNL","Honolulu, HI","HI","Hawaii","-4","11","4","3","40","47","102","1","0","0","0","0","0","Less Than 250 Miles"
"16:00 - 16:59","14:00 - 14:59","2023-02-13 00:00:00","2023-02-13 00:00:00","2023-02-13 00:00:00","2023-02-13 00:00:00","2023-02-13 00:00:00","2023-02-13 00:00:00","Fly Time","0","2023-02-13 00:00:00","14","16","1","2023-02-13 00:00:00","19393","WN","N8647A","1170","1323202","30977","MDW","Chicago, IL","IL","Illinois","1143302","31295","DTW","Detroit, MI","MI","Michigan","12","10","6","-1","65","52","228","1","0","0","0","0","0","Less Than 250 Miles"
"16:00 - 16:59","15:00 - 15:59","2023-02-13 00:00:00","2023-02-13 00:00:00","2023-02-13 00:00:00","2023-02-13 00:00:00","2023-02-13 00:00:00","2023-02-13 00:00:00","Late Aircraft","90","2023-02-13 00:00:00","15","16","1","2023-02-13 00:00:00","19393","WN","N224WN","250","1288904","32211","LAS","Las Vegas, NV","NV","Nevada","1490803","32575","SNA","Santa Ana, CA","CA","California","81","28","5","90","65","74","226","1","0","0","9","0","81","Less Than 250 Miles"
"16:00 - 16:59","15:00 - 15:59","2023-02-13 00:00:00","2023-02-13 00:00:00","2023-02-13 00:00:00","2023-02-13 00:00:00","2023-02-13 00:00:00","2023-02-13 00:00:00","Late Aircraft","46","2023-02-13 00:00:00","15","16","1","2023-02-13 00:00:00","19393","WN","N8695D","1644","1288904","32211","LAS","Las Vegas, NV","NV","Nevada","1289208","32575","LAX","Los Angeles, CA","CA","California","47","23","5","46","70","69","236","1","17","0","0","0","29","Less Than 250 Miles"
"16:00 - 16:59","15:00 - 15:59","2023-02-13 00:00:00","2023-02-13 00:00:00","2023-02-13 00:00:00","2023-02-13 00:00:00","2023-02-13 00:00:00","2023-02-13 00:00:00","Weather","15","2023-02-13 00:00:00","15","16","1","2023-02-13 00:00:00","19393","WN","N909WN","1751","1129202","30325","DEN","Denver, CO","CO","Colorado","1350202","33502","MTJ","Montrose/Delta, CO","CO","Colorado","26","10","4","15","60","49","196","1","0","13","0","0","2","Less Than 250 Miles"
"16:00 - 16:59","15:00 - 15:59","2023-02-13 00:00:00","2023-02-13 00:00:00","2023-02-13 00:00:00","2023-02-13 00:00:00","2023-02-13 00:00:00","2023-02-13 00:00:00","Fly Time","0","2023-02-13 00:00:00","15","16","1","2023-02-13 00:00:00","19393","WN","N8616C","2224","1320402","31454","MCO","Orlando, FL","FL","Florida","1463502","31714","RSW","Fort Myers, FL","FL","Florida","8","12","5","-4","60","48","133","1","0","0","0","0","0","Less Than 250 Miles"
"16:00 - 16:59","15:00 - 15:59","2023-02-13 00:00:00","2023-02-13 00:00:00","2023-02-13 00:00:00","2023-02-13 00:00:00","2023-02-13 00:00:00","2023-02-13 00:00:00","Fly Time","0","2023-02-13 00:00:00","15","16","1","2023-02-13 00:00:00","19393","WN","N8767M","1196","1217305","32134","HNL","Honolulu, HI","HI","Hawaii","1383002","33830","OGG","Kahului, HI","HI","Hawaii","15","15","6","14","45","44","100","1","0","0","0","0","0","Less Than 250 Miles"
"16:00 - 16:59","15:00 - 15:59","2023-02-13 00:00:00","2023-02-13 00:00:00","2023-02-13 00:00:00","2023-02-13 00:00:00","2023-02-13 00:00:00","2023-02-13 00:00:00","Late Aircraft","44","2023-02-13 00:00:00","15","16","1","2023-02-13 00:00:00","19393","WN","N901WN","1349","1490803","32575","SNA","Santa Ana, CA","CA","California","1288904","32211","LAS","Las Vegas, NV","NV","Nevada","31","29","5","44","70","83","226","1","1","0","13","0","30","Less Than 250 Miles"
"16:00 - 16:59","15:00 - 15:59","2023-02-13 00:00:00","2023-02-13 00:00:00","2023-02-13 00:00:00","2023-02-13 00:00:00","2023-02-13 00:00:00","2023-02-13 00:00:00","Fly Time","0","2023-02-13 00:00:00","15","16","1","2023-02-13 00:00:00","19393","WN","N7874B","1615","1080003","32575","BUR","Burbank, CA","CA","California","1288904","32211","LAS","Las Vegas, NV","NV","Nevada","4","21","10","12","70","78","223","1","0","0","0","0","0","Less Than 250 Miles"
"16:00 - 16:59","15:00 - 15:59","2023-02-13 00:00:00","2023-02-13 00:00:00","2023-02-13 00:00:00","2023-02-13 00:00:00","2023-02-13 00:00:00","2023-02-13 00:00:00","Fly Time","0","2023-02-13 00:00:00","15","16","1","2023-02-13 00:00:00","19393","WN","N8771D","1017","1219103","31453","HOU","Houston, TX","TX","Texas","1468305","33214","SAT","San Antonio, TX","TX","Texas","2","12","4","-10","65","53","192","1","0","0","0","0","0","Less Than 250 Miles"
"16:00 - 16:59","15:00 - 15:59","2023-02-13 00:00:00","2023-02-13 00:00:00","2023-02-13 00:00:00","2023-02-13 00:00:00","2023-02-13 00:00:00","2023-02-13 00:00:00","Fly Time","0","2023-02-13 00:00:00","15","16","1","2023-02-13 00:00:00","19393","WN","N8694E","1940","1042302","30423","AUS","Austin, TX","TX","Texas","1125904","30194","DAL","Dallas, TX","TX","Texas","0","34","4","13","65","78","189","1","0","0","0","0","0","Less Than 250 Miles"
"16:00 - 16:59","15:00 - 15:59","2023-02-14 00:00:00","2023-02-14 00:00:00","2023-02-13 00:00:00","2023-02-14 00:00:00","2023-02-13 00:00:00","2023-02-13 00:00:00","Fly Time","0","2023-02-13 00:00:00","15","16","1","2023-02-13 00:00:00","19393","WN","N455WN","2368","1426204","34262","PSP","Palm Springs, CA","CA","California","1288904","32211","LAS","Las Vegas, NV","NV","Nevada","-2","19","6","10","60","72","173","1","0","0","0","0","0","Less Than 250 Miles"
"16:00 - 16:59","15:00 - 15:59","2023-02-14 00:00:00","2023-02-14 00:00:00","2023-02-13 00:00:00","2023-02-14 00:00:00","2023-02-13 00:00:00","2023-02-13 00:00:00","Fly Time","0","2023-02-13 00:00:00","15","16","1","2023-02-13 00:00:00","19393","WN","N7867A","127","1295407","32575","LGB","Long Beach, CA","CA","California","1288904","32211","LAS","Las Vegas, NV","NV","Nevada","-6","28","10","12","65","83","231","1","0","0","0","0","0","Less Than 250 Miles"
"16:00 - 16:59","16:00 - 16:59","2023-02-13 00:00:00","2023-02-13 00:00:00","2023-02-13 00:00:00","2023-02-13 00:00:00","2023-02-13 00:00:00","2023-02-13 00:00:00","Late Aircraft","17","2023-02-13 00:00:00","16","16","1","2023-02-13 00:00:00","19393","WN","N8774Q","114","1383002","33830","OGG","Kahului, HI","HI","Hawaii","1275804","32758","KOA","Kona, HI","HI","Hawaii","19","10","3","17","35","33","84","1","0","0","0","0","17","Less Than 250 Miles"
"16:00 - 16:59","16:00 - 16:59","2023-02-13 00:00:00","2023-02-13 00:00:00","2023-02-13 00:00:00","2023-02-13 00:00:00","2023-02-13 00:00:00","2023-02-13 00:00:00","Late Aircraft","33","2023-02-13 00:00:00","16","16","1","2023-02-13 00:00:00","19393","WN","N8783L","1080","1298202","32982","LIH","Lihue, HI","HI","Hawaii","1217305","32134","HNL","Honolulu, HI","HI","Hawaii","29","8","5","33","40","44","102","1","0","0","4","0","29","Less Than 250 Miles"
"17:00 - 17:59","16:00 - 16:59","2023-02-06 00:00:00","2023-02-06 00:00:00","2023-02-06 00:00:00","2023-02-06 00:00:00","2023-02-06 00:00:00","2023-02-06 00:00:00","Fly Time","0","2023-02-06 00:00:00","16","17","1","2023-02-06 00:00:00","19393","WN","N7739A","2235","1209402","34699","HDN","Hayden, CO","CO","Colorado","1129202","30325","DEN","Denver, CO","CO","Colorado","6","8","7","-8","60","46","141","1","0","0","0","0","0","Less Than 250 Miles"
"17:00 - 17:59","16:00 - 16:59","2023-02-06 00:00:00","2023-02-06 00:00:00","2023-02-06 00:00:00","2023-02-06 00:00:00","2023-02-06 00:00:00","2023-02-06 00:00:00","Fly Time","0","2023-02-06 00:00:00","16","17","1","2023-02-06 00:00:00","19393","WN","N8780Q","1936","1383002","33830","OGG","Kahului, HI","HI","Hawaii","1217305","32134","HNL","Honolulu, HI","HI","Hawaii","1","8","4","-2","40","37","100","1","0","0","0","0","0","Less Than 250 Miles"
"17:00 - 17:59","16:00 - 16:59","2023-02-06 00:00:00","2023-02-06 00:00:00","2023-02-06 00:00:00","2023-02-06 00:00:00","2023-02-06 00:00:00","2023-02-06 00:00:00","Airport System","15","2023-02-06 00:00:00","16","17","1","2023-02-06 00:00:00","19393","WN","N570WN","586","1389101","32575","ONT","Ontario, CA","CA","California","1288904","32211","LAS","Las Vegas, NV","NV","Nevada","13","16","6","15","60","62","197","1","0","0","15","0","0","Less Than 250 Miles"
"17:00 - 17:59","16:00 - 16:59","2023-02-06 00:00:00","2023-02-06 00:00:00","2023-02-06 00:00:00","2023-02-06 00:00:00","2023-02-06 00:00:00","2023-02-06 00:00:00","Fly Time","0","2023-02-06 00:00:00","16","17","1","2023-02-06 00:00:00","19393","WN","N7836A","488","1490803","32575","SNA","Santa Ana, CA","CA","California","1288904","32211","LAS","Las Vegas, NV","NV","Nevada","7","10","10","1","70","64","226","1","0","0","0","0","0","Less Than 250 Miles"
"17:00 - 17:59","16:00 - 16:59","2023-02-06 00:00:00","2023-02-06 00:00:00","2023-02-06 00:00:00","2023-02-06 00:00:00","2023-02-06 00:00:00","2023-02-06 00:00:00","Fly Time","0","2023-02-06 00:00:00","16","17","1","2023-02-06 00:00:00","19393","WN","N8723Q","1508","1125904","30194","DAL","Dallas, TX","TX","Texas","1468305","33214","SAT","San Antonio, TX","TX","Texas","3","10","3","-9","70","58","247","1","0","0","0","0","0","Less Than 250 Miles"
"17:00 - 17:59","16:00 - 16:59","2023-02-06 00:00:00","2023-02-06 00:00:00","2023-02-06 00:00:00","2023-02-06 00:00:00","2023-02-06 00:00:00","2023-02-06 00:00:00","Fly Time","0","2023-02-06 00:00:00","16","17","1","2023-02-06 00:00:00","19393","WN","N238WN","1958","1219103","31453","HOU","Houston, TX","TX","Texas","1114008","31140","CRP","Corpus Christi, TX","TX","Texas","1","10","4","-16","65","48","187","1","0","0","0","0","0","Less Than 250 Miles"
"17:00 - 17:59","16:00 - 16:59","2023-02-13 00:00:00","2023-02-13 00:00:00","2023-02-13 00:00:00","2023-02-13 00:00:00","2023-02-13 00:00:00","2023-02-13 00:00:00","Late Aircraft","28","2023-02-13 00:00:00","16","17","1","2023-02-13 00:00:00","19393","WN","N7814B","2010","1288904","32211","LAS","Las Vegas, NV","NV","Nevada","1389101","32575","ONT","Ontario, CA","CA","California","28","28","3","28","65","65","197","1","1","0","0","0","27","Less Than 250 Miles"
"17:00 - 17:59","16:00 - 16:59","2023-02-13 00:00:00","2023-02-13 00:00:00","2023-02-13 00:00:00","2023-02-13 00:00:00","2023-02-13 00:00:00","2023-02-13 00:00:00","Late Aircraft","25","2023-02-13 00:00:00","16","17","1","2023-02-13 00:00:00","19393","WN","N872CB","1269","1383002","33830","OGG","Kahului, HI","HI","Hawaii","1298202","32982","LIH","Lihue, HI","HI","Hawaii","25","10","4","25","50","50","201","1","0","0","0","0","25","Less Than 250 Miles"
"17:00 - 17:59","16:00 - 16:59","2023-02-13 00:00:00","2023-02-13 00:00:00","2023-02-13 00:00:00","2023-02-13 00:00:00","2023-02-13 00:00:00","2023-02-13 00:00:00","Fly Time","0","2023-02-13 00:00:00","16","17","1","2023-02-13 00:00:00","19393","WN","N8788L","1936","1383002","33830","OGG","Kahului, HI","HI","Hawaii","1217305","32134","HNL","Honolulu, HI","HI","Hawaii","10","10","4","10","40","40","100","1","0","0","0","0","0","Less Than 250 Miles"
"17:00 - 17:59","16:00 - 16:59","2023-02-13 00:00:00","2023-02-13 00:00:00","2023-02-13 00:00:00","2023-02-13 00:00:00","2023-02-13 00:00:00","2023-02-13 00:00:00","Late Aircraft","16","2023-02-13 00:00:00","16","17","1","2023-02-13 00:00:00","19393","WN","N7843A","488","1490803","32575","SNA","Santa Ana, CA","CA","California","1288904","32211","LAS","Las Vegas, NV","NV","Nevada","16","13","4","16","70","70","226","1","0","0","0","0","16","Less Than 250 Miles"
"18:00 - 18:59","17:00 - 17:59","2023-02-06 00:00:00","2023-02-06 00:00:00","2023-02-06 00:00:00","2023-02-06 00:00:00","2023-02-06 00:00:00","2023-02-06 00:00:00","Fly Time","0","2023-02-06 00:00:00","17","18","1","2023-02-06 00:00:00","19393","WN","N225WN","2250","1288904","32211","LAS","Las Vegas, NV","NV","Nevada","1080003","32575","BUR","Burbank, CA","CA","California","27","10","3","14","70","57","223","1","0","0","0","0","0","Less Than 250 Miles"
"18:00 - 18:59","17:00 - 17:59","2023-02-06 00:00:00","2023-02-06 00:00:00","2023-02-06 00:00:00","2023-02-06 00:00:00","2023-02-06 00:00:00","2023-02-06 00:00:00","Fly Time","0","2023-02-06 00:00:00","17","18","1","2023-02-06 00:00:00","19393","WN","N966WN","2342","1288904","32211","LAS","Las Vegas, NV","NV","Nevada","1490803","32575","SNA","Santa Ana, CA","CA","California","8","9","3","-5","65","52","226","1","0","0","0","0","0","Less Than 250 Miles"
"18:00 - 18:59","17:00 - 17:59","2023-02-06 00:00:00","2023-02-06 00:00:00","2023-02-06 00:00:00","2023-02-06 00:00:00","2023-02-06 00:00:00","2023-02-06 00:00:00","Fly Time","0","2023-02-06 00:00:00","17","18","1","2023-02-06 00:00:00","19393","WN","N8779Q","318","1288904","32211","LAS","Las Vegas, NV","NV","Nevada","1289208","32575","LAX","Los Angeles, CA","CA","California","10","16","8","3","70","63","236","1","0","0","0","0","0","Less Than 250 Miles"
"18:00 - 18:59","17:00 - 17:59","2023-02-06 00:00:00","2023-02-06 00:00:00","2023-02-06 00:00:00","2023-02-06 00:00:00","2023-02-06 00:00:00","2023-02-06 00:00:00","Carrier","38","2023-02-06 00:00:00","17","18","1","2023-02-06 00:00:00","19393","WN","N1807U","2233","1217305","32134","HNL","Honolulu, HI","HI","Hawaii","1240203","32402","ITO","Hilo, HI","HI","Hawaii","36","17","4","38","60","62","216","1","36","0","2","0","0","Less Than 250 Miles"
"18:00 - 18:59","17:00 - 17:59","2023-02-06 00:00:00","2023-02-06 00:00:00","2023-02-06 00:00:00","2023-02-06 00:00:00","2023-02-06 00:00:00","2023-02-06 00:00:00","Fly Time","0","2023-02-06 00:00:00","17","18","1","2023-02-06 00:00:00","19393","WN","N8312C","1645","1289208","32575","LAX","Los Angeles, CA","CA","California","1288904","32211","LAS","Las Vegas, NV","NV","Nevada","1","21","9","0","75","74","236","1","0","0","0","0","0","Less Than 250 Miles"
"18:00 - 18:59","17:00 - 17:59","2023-02-07 00:00:00","2023-02-07 00:00:00","2023-02-06 00:00:00","2023-02-07 00:00:00","2023-02-06 00:00:00","2023-02-06 00:00:00","Fly Time","0","2023-02-06 00:00:00","17","18","1","2023-02-06 00:00:00","19393","WN","N7883A","1752","1350202","33502","MTJ","Montrose/Delta, CO","CO","Colorado","1129202","30325","DEN","Denver, CO","CO","Colorado","-8","36","8","7","65","80","196","1","0","0","0","0","0","Less Than 250 Miles"
"18:00 - 18:59","17:00 - 17:59","2023-02-07 00:00:00","2023-02-07 00:00:00","2023-02-06 00:00:00","2023-02-07 00:00:00","2023-02-06 00:00:00","2023-02-06 00:00:00","Fly Time","0","2023-02-06 00:00:00","17","18","1","2023-02-06 00:00:00","19393","WN","N8543Z","2713","1468305","33214","SAT","San Antonio, TX","TX","Texas","1219103","31453","HOU","Houston, TX","TX","Texas","-7","27","7","11","55","73","192","1","0","0","0","0","0","Less Than 250 Miles"
"18:00 - 18:59","17:00 - 17:59","2023-02-13 00:00:00","2023-02-13 00:00:00","2023-02-13 00:00:00","2023-02-13 00:00:00","2023-02-13 00:00:00","2023-02-13 00:00:00","Fly Time","0","2023-02-13 00:00:00","17","18","1","2023-02-13 00:00:00","19393","WN","N7848A","2250","1288904","32211","LAS","Las Vegas, NV","NV","Nevada","1080003","32575","BUR","Burbank, CA","CA","California","3","23","3","0","70","67","223","1","0","0","0","0","0","Less Than 250 Miles"
"18:00 - 18:59","17:00 - 17:59","2023-02-13 00:00:00","2023-02-13 00:00:00","2023-02-13 00:00:00","2023-02-13 00:00:00","2023-02-13 00:00:00","2023-02-13 00:00:00","Fly Time","0","2023-02-13 00:00:00","17","18","1","2023-02-13 00:00:00","19393","WN","N468WN","2342","1288904","32211","LAS","Las Vegas, NV","NV","Nevada","1490803","32575","SNA","Santa Ana, CA","CA","California","5","23","3","5","65","65","226","1","0","0","0","0","0","Less Than 250 Miles"
"18:00 - 18:59","17:00 - 17:59","2023-02-13 00:00:00","2023-02-13 00:00:00","2023-02-13 00:00:00","2023-02-13 00:00:00","2023-02-13 00:00:00","2023-02-13 00:00:00","Late Aircraft","51","2023-02-13 00:00:00","17","18","1","2023-02-13 00:00:00","19393","WN","N901WN","920","1288904","32211","LAS","Las Vegas, NV","NV","Nevada","1426204","34262","PSP","Palm Springs, CA","CA","California","52","23","4","51","60","59","173","1","6","0","0","0","45","Less Than 250 Miles"
"18:00 - 18:59","17:00 - 17:59","2023-02-13 00:00:00","2023-02-13 00:00:00","2023-02-13 00:00:00","2023-02-13 00:00:00","2023-02-13 00:00:00","2023-02-13 00:00:00","Fly Time","0","2023-02-13 00:00:00","17","18","1","2023-02-13 00:00:00","19393","WN","N8562Z","318","1288904","32211","LAS","Las Vegas, NV","NV","Nevada","1289208","32575","LAX","Los Angeles, CA","CA","California","3","22","5","-2","70","65","236","1","0","0","0","0","0","Less Than 250 Miles"
"18:00 - 18:59","17:00 - 17:59","2023-02-13 00:00:00","2023-02-13 00:00:00","2023-02-13 00:00:00","2023-02-13 00:00:00","2023-02-13 00:00:00","2023-02-13 00:00:00","Fly Time","0","2023-02-13 00:00:00","17","18","1","2023-02-13 00:00:00","19393","WN","N266WN","1179","1129202","30325","DEN","Denver, CO","CO","Colorado","1110902","30189","COS","Colorado Springs, CO","CO","Colorado","7","10","4","-1","45","37","73","1","0","0","0","0","0","Less Than 250 Miles"
"18:00 - 18:59","17:00 - 17:59","2023-02-13 00:00:00","2023-02-13 00:00:00","2023-02-13 00:00:00","2023-02-13 00:00:00","2023-02-13 00:00:00","2023-02-13 00:00:00","Fly Time","0","2023-02-13 00:00:00","17","18","1","2023-02-13 00:00:00","19393","WN","N909WN","1752","1350202","33502","MTJ","Montrose/Delta, CO","CO","Colorado","1129202","30325","DEN","Denver, CO","CO","Colorado","14","8","10","7","65","58","196","1","0","0","0","0","0","Less Than 250 Miles"
"18:00 - 18:59","17:00 - 17:59","2023-02-13 00:00:00","2023-02-13 00:00:00","2023-02-13 00:00:00","2023-02-13 00:00:00","2023-02-13 00:00:00","2023-02-13 00:00:00","Fly Time","0","2023-02-13 00:00:00","17","18","1","2023-02-13 00:00:00","19393","WN","N8759Q","2233","1217305","32134","HNL","Honolulu, HI","HI","Hawaii","1240203","32402","ITO","Hilo, HI","HI","Hawaii","20","14","4","13","60","53","216","1","0","0","0","0","0","Less Than 250 Miles"
"18:00 - 18:59","17:00 - 17:59","2023-02-13 00:00:00","2023-02-13 00:00:00","2023-02-13 00:00:00","2023-02-13 00:00:00","2023-02-13 00:00:00","2023-02-13 00:00:00","Late Aircraft","41","2023-02-13 00:00:00","17","18","1","2023-02-13 00:00:00","19393","WN","N8695D","1645","1289208","32575","LAX","Los Angeles, CA","CA","California","1288904","32211","LAS","Las Vegas, NV","NV","Nevada","40","21","5","41","75","76","236","1","0","0","1","0","40","Less Than 250 Miles"
"18:00 - 18:59","17:00 - 17:59","2023-02-13 00:00:00","2023-02-13 00:00:00","2023-02-13 00:00:00","2023-02-13 00:00:00","2023-02-13 00:00:00","2023-02-13 00:00:00","Fly Time","0","2023-02-13 00:00:00","17","18","1","2023-02-13 00:00:00","19393","WN","N941WN","310","1042302","30423","AUS","Austin, TX","TX","Texas","1125904","30194","DAL","Dallas, TX","TX","Texas","5","9","3","-11","65","49","189","1","0","0","0","0","0","Less Than 250 Miles"
"18:00 - 18:59","17:00 - 17:59","2023-02-13 00:00:00","2023-02-13 00:00:00","2023-02-13 00:00:00","2023-02-13 00:00:00","2023-02-13 00:00:00","2023-02-13 00:00:00","Fly Time","0","2023-02-13 00:00:00","17","18","1","2023-02-13 00:00:00","19393","WN","N8583Z","43","1125904","30194","DAL","Dallas, TX","TX","Texas","1219103","31453","HOU","Houston, TX","TX","Texas","9","11","5","-7","75","59","239","1","0","0","0","0","0","Less Than 250 Miles"
"18:00 - 18:59","17:00 - 17:59","2023-02-14 00:00:00","2023-02-14 00:00:00","2023-02-13 00:00:00","2023-02-14 00:00:00","2023-02-13 00:00:00","2023-02-13 00:00:00","Fly Time","0","2023-02-13 00:00:00","17","18","1","2023-02-13 00:00:00","19393","WN","N8602F","2713","1468305","33214","SAT","San Antonio, TX","TX","Texas","1219103","31453","HOU","Houston, TX","TX","Texas","-3","20","6","2","55","60","192","1","0","0","0","0","0","Less Than 250 Miles"
"18:00 - 18:59","18:00 - 18:59","2023-02-13 00:00:00","2023-02-13 00:00:00","2023-02-13 00:00:00","2023-02-13 00:00:00","2023-02-13 00:00:00","2023-02-13 00:00:00","Fly Time","0","2023-02-13 00:00:00","18","18","1","2023-02-13 00:00:00","19393","WN","N8772M","1065","1298202","32982","LIH","Lihue, HI","HI","Hawaii","1217305","32134","HNL","Honolulu, HI","HI","Hawaii","6","10","4","6","35","35","102","1","0","0","0","0","0","Less Than 250 Miles"
"19:00 - 19:59","18:00 - 18:59","2023-02-06 00:00:00","2023-02-06 00:00:00","2023-02-06 00:00:00","2023-02-06 00:00:00","2023-02-06 00:00:00","2023-02-06 00:00:00","Fly Time","0","2023-02-06 00:00:00","18","19","1","2023-02-06 00:00:00","19393","WN","N8780Q","1081","1217305","32134","HNL","Honolulu, HI","HI","Hawaii","1275804","32758","KOA","Kona, HI","HI","Hawaii","7","16","3","4","50","47","163","1","0","0","0","0","0","Less Than 250 Miles"
"19:00 - 19:59","18:00 - 18:59","2023-02-06 00:00:00","2023-02-06 00:00:00","2023-02-06 00:00:00","2023-02-06 00:00:00","2023-02-06 00:00:00","2023-02-06 00:00:00","Fly Time","0","2023-02-06 00:00:00","18","19","1","2023-02-06 00:00:00","19393","WN","N8786Q","1761","1217305","32134","HNL","Honolulu, HI","HI","Hawaii","1298202","32982","LIH","Lihue, HI","HI","Hawaii","2","13","4","-6","45","37","102","1","0","0","0","0","0","Less Than 250 Miles"
"19:00 - 19:59","18:00 - 18:59","2023-02-06 00:00:00","2023-02-06 00:00:00","2023-02-06 00:00:00","2023-02-06 00:00:00","2023-02-06 00:00:00","2023-02-06 00:00:00","Fly Time","0","2023-02-06 00:00:00","18","19","1","2023-02-06 00:00:00","19393","WN","N8808Q","2016","1289208","32575","LAX","Los Angeles, CA","CA","California","1288904","32211","LAS","Las Vegas, NV","NV","Nevada","0","18","5","5","65","70","236","1","0","0","0","0","0","Less Than 250 Miles"
"19:00 - 19:59","18:00 - 18:59","2023-02-06 00:00:00","2023-02-06 00:00:00","2023-02-06 00:00:00","2023-02-06 00:00:00","2023-02-06 00:00:00","2023-02-06 00:00:00","Fly Time","0","2023-02-06 00:00:00","18","19","1","2023-02-06 00:00:00","19393","WN","N7729A","49","1125904","30194","DAL","Dallas, TX","TX","Texas","1219103","31453","HOU","Houston, TX","TX","Texas","10","9","6","-5","75","60","239","1","0","0","0","0","0","Less Than 250 Miles"
"19:00 - 19:59","17:00 - 17:59","2023-02-13 00:00:00","2023-02-13 00:00:00","2023-02-13 00:00:00","2023-02-13 00:00:00","2023-02-13 00:00:00","2023-02-13 00:00:00","Fly Time","0","2023-02-13 00:00:00","17","19","1","2023-02-13 00:00:00","19393","WN","N8670A","1164","1069302","30693","BNA","Nashville, TN","TN","Tennessee","1039707","30397","ATL","Atlanta, GA","GA","Georgia","6","16","5","-3","70","61","214","1","0","0","0","0","0","Less Than 250 Miles"
"19:00 - 19:59","17:00 - 17:59","2023-02-13 00:00:00","2023-02-13 00:00:00","2023-02-13 00:00:00","2023-02-13 00:00:00","2023-02-13 00:00:00","2023-02-13 00:00:00","Fly Time","0","2023-02-13 00:00:00","17","19","1","2023-02-13 00:00:00","19393","WN","N7878A","1558","1125904","30194","DAL","Dallas, TX","TX","Texas","1468305","33214","SAT","San Antonio, TX","TX","Texas","7","8","3","-6","70","57","247","1","0","0","0","0","0","Less Than 250 Miles"
"19:00 - 19:59","18:00 - 18:59","2023-02-13 00:00:00","2023-02-13 00:00:00","2023-02-13 00:00:00","2023-02-13 00:00:00","2023-02-13 00:00:00","2023-02-13 00:00:00","Fly Time","0","2023-02-13 00:00:00","18","19","1","2023-02-13 00:00:00","19393","WN","N7843A","1782","1288904","32211","LAS","Las Vegas, NV","NV","Nevada","1080003","32575","BUR","Burbank, CA","CA","California","18","14","2","6","70","58","223","1","0","0","0","0","0","Less Than 250 Miles"
"13:00 - 13:59","12:00 - 12:59","2023-08-07 00:00:00","2023-08-07 00:00:00","2023-08-07 00:00:00","2023-08-07 00:00:00","2023-08-07 00:00:00","2023-08-07 00:00:00","Fly Time","0","2023-08-07 00:00:00","12","13","1","2023-08-07 00:00:00","19393","WN","N8779Q","3904","1275804","32758","KOA","Kona, HI","HI","Hawaii","1217305","32134","HNL","Honolulu, HI","HI","Hawaii","8","9","4","-3","55","44","163","1","0","0","0","0","0","Less Than 250 Miles"
"13:00 - 13:59","12:00 - 12:59","2023-08-07 00:00:00","2023-08-07 00:00:00","2023-08-07 00:00:00","2023-08-07 00:00:00","2023-08-07 00:00:00","2023-08-07 00:00:00","Fly Time","0","2023-08-07 00:00:00","12","13","1","2023-08-07 00:00:00","19393","WN","N8734Q","1192","1383002","33830","OGG","Kahului, HI","HI","Hawaii","1217305","32134","HNL","Honolulu, HI","HI","Hawaii","9","22","4","9","50","50","100","1","0","0","0","0","0","Less Than 250 Miles"
"13:00 - 13:59","12:00 - 12:59","2023-08-07 00:00:00","2023-08-07 00:00:00","2023-08-07 00:00:00","2023-08-07 00:00:00","2023-08-07 00:00:00","2023-08-07 00:00:00","Fly Time","0","2023-08-07 00:00:00","12","13","1","2023-08-07 00:00:00","19393","WN","N272WN","287","1239103","31703","ISP","Islip, NY","NY","New York","1082106","30852","BWI","Baltimore, MD","MD","Maryland","22","8","6","14","75","67","220","1","0","0","0","0","0","Less Than 250 Miles"
"13:00 - 13:59","12:00 - 12:59","2023-08-07 00:00:00","2023-08-07 00:00:00","2023-08-07 00:00:00","2023-08-07 00:00:00","2023-08-07 00:00:00","2023-08-07 00:00:00","Fly Time","0","2023-08-07 00:00:00","12","13","1","2023-08-07 00:00:00","19393","WN","N7889A","1205","1490803","32575","SNA","Santa Ana, CA","CA","California","1288904","32211","LAS","Las Vegas, NV","NV","Nevada","14","12","6","10","70","66","226","1","0","0","0","0","0","Less Than 250 Miles"
"13:00 - 13:59","12:00 - 12:59","2023-08-07 00:00:00","2023-08-07 00:00:00","2023-08-07 00:00:00","2023-08-07 00:00:00","2023-08-07 00:00:00","2023-08-07 00:00:00","Fly Time","0","2023-08-07 00:00:00","12","13","1","2023-08-07 00:00:00","19393","WN","N7729A","26","1219103","31453","HOU","Houston, TX","TX","Texas","1125904","30194","DAL","Dallas, TX","TX","Texas","19","8","3","8","65","54","239","1","0","0","0","0","0","Less Than 250 Miles"
"13:00 - 13:59","12:00 - 12:59","2023-08-07 00:00:00","2023-08-07 00:00:00","2023-08-07 00:00:00","2023-08-07 00:00:00","2023-08-07 00:00:00","2023-08-07 00:00:00","Fly Time","0","2023-08-07 00:00:00","12","13","1","2023-08-07 00:00:00","19393","WN","N8622A","2359","1042302","30423","AUS","Austin, TX","TX","Texas","1219103","31453","HOU","Houston, TX","TX","Texas","0","13","24","11","55","66","148","1","0","0","0","0","0","Less Than 250 Miles"
"13:00 - 13:59","13:00 - 13:59","2023-08-07 00:00:00","2023-08-07 00:00:00","2023-08-07 00:00:00","2023-08-07 00:00:00","2023-08-07 00:00:00","2023-08-07 00:00:00","Fly Time","0","2023-08-07 00:00:00","13","13","1","2023-08-07 00:00:00","19393","WN","N8583Z","1289","1143302","31295","DTW","Detroit, MI","MI","Michigan","1323202","30977","MDW","Chicago, IL","IL","Illinois","16","13","3","5","70","59","228","1","0","0","0","0","0","Less Than 250 Miles"
"14:00 - 14:59","12:00 - 12:59","2023-08-07 00:00:00","2023-08-07 00:00:00","2023-08-07 00:00:00","2023-08-07 00:00:00","2023-08-07 00:00:00","2023-08-07 00:00:00","Airport System","67","2023-08-07 00:00:00","12","14","1","2023-08-07 00:00:00","19393","WN","N404WN","2818","1069302","30693","BNA","Nashville, TN","TN","Tennessee","1039707","30397","ATL","Atlanta, GA","GA","Georgia","13","16","5","67","70","124","214","1","10","0","54","0","3","Less Than 250 Miles"
"14:00 - 14:59","12:00 - 12:59","2023-08-07 00:00:00","2023-08-07 00:00:00","2023-08-07 00:00:00","2023-08-07 00:00:00","2023-08-07 00:00:00","2023-08-07 00:00:00","Fly Time","0","2023-08-07 00:00:00","12","14","1","2023-08-07 00:00:00","19393","WN","N400WN","3366","1080003","32575","BUR","Burbank, CA","CA","California","1288904","32211","LAS","Las Vegas, NV","NV","Nevada","12","9","10","3","70","61","223","1","0","0","0","0","0","Less Than 250 Miles"
"14:00 - 14:59","13:00 - 13:59","2023-08-07 00:00:00","2023-08-07 00:00:00","2023-08-07 00:00:00","2023-08-07 00:00:00","2023-08-07 00:00:00","2023-08-07 00:00:00","Fly Time","0","2023-08-07 00:00:00","13","14","1","2023-08-07 00:00:00","19393","WN","N414WN","3253","1288904","32211","LAS","Las Vegas, NV","NV","Nevada","1490803","32575","SNA","Santa Ana, CA","CA","California","15","23","2","10","70","65","226","1","0","0","0","0","0","Less Than 250 Miles"
"14:00 - 14:59","13:00 - 13:59","2023-08-07 00:00:00","2023-08-07 00:00:00","2023-08-07 00:00:00","2023-08-07 00:00:00","2023-08-07 00:00:00","2023-08-07 00:00:00","Late Aircraft","43","2023-08-07 00:00:00","13","14","1","2023-08-07 00:00:00","19393","WN","N763SW","1537","1288904","32211","LAS","Las Vegas, NV","NV","Nevada","1080003","32575","BUR","Burbank, CA","CA","California","41","31","4","43","75","77","223","1","14","0","2","0","27","Less Than 250 Miles"
"14:00 - 14:59","13:00 - 13:59","2023-08-07 00:00:00","2023-08-07 00:00:00","2023-08-07 00:00:00","2023-08-07 00:00:00","2023-08-07 00:00:00","2023-08-07 00:00:00","Late Aircraft","37","2023-08-07 00:00:00","13","14","1","2023-08-07 00:00:00","19393","WN","N8725L","2945","1288904","32211","LAS","Las Vegas, NV","NV","Nevada","1289208","32575","LAX","Los Angeles, CA","CA","California","37","26","6","37","75","75","236","1","12","0","0","0","25","Less Than 250 Miles"
"14:00 - 14:59","13:00 - 13:59","2023-08-07 00:00:00","2023-08-07 00:00:00","2023-08-07 00:00:00","2023-08-07 00:00:00","2023-08-07 00:00:00","2023-08-07 00:00:00","Fly Time","0","2023-08-07 00:00:00","13","14","1","2023-08-07 00:00:00","19393","WN","N7848A","2448","1129202","30325","DEN","Denver, CO","CO","Colorado","1350202","33502","MTJ","Montrose/Delta, CO","CO","Colorado","9","13","3","5","55","51","196","1","0","0","0","0","0","Less Than 250 Miles"
"14:00 - 14:59","13:00 - 13:59","2023-08-07 00:00:00","2023-08-07 00:00:00","2023-08-07 00:00:00","2023-08-07 00:00:00","2023-08-07 00:00:00","2023-08-07 00:00:00","Carrier","23","2023-08-07 00:00:00","13","14","1","2023-08-07 00:00:00","19393","WN","N203WN","908","1209402","34699","HDN","Hayden, CO","CO","Colorado","1129202","30325","DEN","Denver, CO","CO","Colorado","34","9","7","23","60","49","141","1","23","0","0","0","0","Less Than 250 Miles"
"14:00 - 14:59","13:00 - 13:59","2023-08-07 00:00:00","2023-08-07 00:00:00","2023-08-07 00:00:00","2023-08-07 00:00:00","2023-08-07 00:00:00","2023-08-07 00:00:00","Late Aircraft","34","2023-08-07 00:00:00","13","14","1","2023-08-07 00:00:00","19393","WN","N8821S","3372","1289208","32575","LAX","Los Angeles, CA","CA","California","1288904","32211","LAS","Las Vegas, NV","NV","Nevada","40","15","5","34","70","64","236","1","7","0","0","0","27","Less Than 250 Miles"
"14:00 - 14:59","13:00 - 13:59","2023-08-07 00:00:00","2023-08-07 00:00:00","2023-08-07 00:00:00","2023-08-07 00:00:00","2023-08-07 00:00:00","2023-08-07 00:00:00","Late Aircraft","48","2023-08-07 00:00:00","13","14","1","2023-08-07 00:00:00","19393","WN","N8863Q","833","1389101","32575","ONT","Ontario, CA","CA","California","1288904","32211","LAS","Las Vegas, NV","NV","Nevada","49","19","8","48","70","69","197","1","8","0","0","0","40","Less Than 250 Miles"
"14:00 - 14:59","13:00 - 13:59","2023-08-07 00:00:00","2023-08-07 00:00:00","2023-08-07 00:00:00","2023-08-07 00:00:00","2023-08-07 00:00:00","2023-08-07 00:00:00","Late Aircraft","20","2023-08-07 00:00:00","13","14","1","2023-08-07 00:00:00","19393","WN","N7880D","2896","1468305","33214","SAT","San Antonio, TX","TX","Texas","1125904","30194","DAL","Dallas, TX","TX","Texas","29","10","4","20","70","61","247","1","8","0","0","0","12","Less Than 250 Miles"
"14:00 - 14:59","13:00 - 13:59","2023-08-07 00:00:00","2023-08-07 00:00:00","2023-08-07 00:00:00","2023-08-07 00:00:00","2023-08-07 00:00:00","2023-08-07 00:00:00","Fly Time","0","2023-08-07 00:00:00","13","14","1","2023-08-07 00:00:00","19393","WN","N925WN","3420","1468305","33214","SAT","San Antonio, TX","TX","Texas","1219103","31453","HOU","Houston, TX","TX","Texas","7","9","6","-6","60","47","192","1","0","0","0","0","0","Less Than 250 Miles"
"14:00 - 14:59","13:00 - 13:59","2023-08-07 00:00:00","2023-08-07 00:00:00","2023-08-07 00:00:00","2023-08-07 00:00:00","2023-08-07 00:00:00","2023-08-07 00:00:00","Fly Time","0","2023-08-07 00:00:00","13","14","1","2023-08-07 00:00:00","19393","WN","N8857Q","27","1125904","30194","DAL","Dallas, TX","TX","Texas","1219103","31453","HOU","Houston, TX","TX","Texas","19","10","6","9","70","60","239","1","0","0","0","0","0","Less Than 250 Miles"
"15:00 - 15:59","13:00 - 13:59","2023-08-07 00:00:00","2023-08-07 00:00:00","2023-08-07 00:00:00","2023-08-07 00:00:00","2023-08-07 00:00:00","2023-08-07 00:00:00","Fly Time","0","2023-08-07 00:00:00","13","15","1","2023-08-07 00:00:00","19393","WN","N8790Q","1888","1125904","30194","DAL","Dallas, TX","TX","Texas","1468305","33214","SAT","San Antonio, TX","TX","Texas","20","10","4","12","65","57","247","1","0","0","0","0","0","Less Than 250 Miles"
"15:00 - 15:59","14:00 - 14:59","2023-08-07 00:00:00","2023-08-07 00:00:00","2023-08-07 00:00:00","2023-08-07 00:00:00","2023-08-07 00:00:00","2023-08-07 00:00:00","Carrier","49","2023-08-07 00:00:00","14","15","1","2023-08-07 00:00:00","19393","WN","N8537Z","2972","1288904","32211","LAS","Las Vegas, NV","NV","Nevada","1289208","32575","LAX","Los Angeles, CA","CA","California","55","28","5","49","80","74","236","1","41","0","0","0","8","Less Than 250 Miles"
"15:00 - 15:59","14:00 - 14:59","2023-08-07 00:00:00","2023-08-07 00:00:00","2023-08-07 00:00:00","2023-08-07 00:00:00","2023-08-07 00:00:00","2023-08-07 00:00:00","Fly Time","0","2023-08-07 00:00:00","14","15","1","2023-08-07 00:00:00","19393","WN","N7848A","349","1350202","33502","MTJ","Montrose/Delta, CO","CO","Colorado","1129202","30325","DEN","Denver, CO","CO","Colorado","15","8","13","6","65","56","196","1","0","0","0","0","0","Less Than 250 Miles"
"15:00 - 15:59","14:00 - 14:59","2023-08-07 00:00:00","2023-08-07 00:00:00","2023-08-07 00:00:00","2023-08-07 00:00:00","2023-08-07 00:00:00","2023-08-07 00:00:00","Fly Time","0","2023-08-07 00:00:00","14","15","1","2023-08-07 00:00:00","19393","WN","N8734Q","1192","1217305","32134","HNL","Honolulu, HI","HI","Hawaii","1298202","32982","LIH","Lihue, HI","HI","Hawaii","1","14","4","-9","50","40","102","1","0","0","0","0","0","Less Than 250 Miles"
"15:00 - 15:59","14:00 - 14:59","2023-08-07 00:00:00","2023-08-07 00:00:00","2023-08-07 00:00:00","2023-08-07 00:00:00","2023-08-07 00:00:00","2023-08-07 00:00:00","Carrier","49","2023-08-07 00:00:00","14","15","1","2023-08-07 00:00:00","19393","WN","N8712L","2108","1240203","32402","ITO","Hilo, HI","HI","Hawaii","1217305","32134","HNL","Honolulu, HI","HI","Hawaii","47","13","5","49","60","62","216","1","45","0","2","0","2","Less Than 250 Miles"
"15:00 - 15:59","14:00 - 14:59","2023-08-07 00:00:00","2023-08-07 00:00:00","2023-08-07 00:00:00","2023-08-07 00:00:00","2023-08-07 00:00:00","2023-08-07 00:00:00","Carrier","137","2023-08-07 00:00:00","14","15","1","2023-08-07 00:00:00","19393","WN","N8526W","258","1082106","30852","BWI","Baltimore, MD","MD","Maryland","1412202","30198","PIT","Pittsburgh, PA","PA","Pennsylvania","114","17","4","137","60","83","210","1","111","0","23","0","3","Less Than 250 Miles"
"15:00 - 15:59","14:00 - 14:59","2023-08-07 00:00:00","2023-08-07 00:00:00","2023-08-07 00:00:00","2023-08-07 00:00:00","2023-08-07 00:00:00","2023-08-07 00:00:00","Fly Time","0","2023-08-07 00:00:00","14","15","1","2023-08-07 00:00:00","19393","WN","N8303R","423","1125904","30194","DAL","Dallas, TX","TX","Texas","1226603","31453","IAH","Houston, TX","TX","Texas","1","6","2","-16","70","53","216","1","0","0","0","0","0","Less Than 250 Miles"
"15:00 - 15:59","14:00 - 14:59","2023-08-07 00:00:00","2023-08-07 00:00:00","2023-08-07 00:00:00","2023-08-07 00:00:00","2023-08-07 00:00:00","2023-08-07 00:00:00","Late Aircraft","25","2023-08-07 00:00:00","14","15","1","2023-08-07 00:00:00","19393","WN","N8750Q","33","1125904","30194","DAL","Dallas, TX","TX","Texas","1219103","31453","HOU","Houston, TX","TX","Texas","36","12","5","25","70","59","239","1","0","0","0","0","25","Less Than 250 Miles"
"15:00 - 15:59","15:00 - 15:59","2023-08-07 00:00:00","2023-08-07 00:00:00","2023-08-07 00:00:00","2023-08-07 00:00:00","2023-08-07 00:00:00","2023-08-07 00:00:00","Airport System","38","2023-08-07 00:00:00","15","15","1","2023-08-07 00:00:00","19393","WN","N7715E","2819","1039707","30397","ATL","Atlanta, GA","GA","Georgia","1069302","30693","BNA","Nashville, TN","TN","Tennessee","14","22","6","38","70","94","214","1","0","0","24","0","14","Less Than 250 Miles"
"15:00 - 15:59","15:00 - 15:59","2023-08-07 00:00:00","2023-08-07 00:00:00","2023-08-07 00:00:00","2023-08-07 00:00:00","2023-08-07 00:00:00","2023-08-07 00:00:00","Fly Time","0","2023-08-07 00:00:00","15","15","1","2023-08-07 00:00:00","19393","WN","N8857Q","27","1219103","31453","HOU","Houston, TX","TX","Texas","1468305","33214","SAT","San Antonio, TX","TX","Texas","15","14","3","14","55","54","192","1","0","0","0","0","0","Less Than 250 Miles"
"16:00 - 16:59","15:00 - 15:59","2023-08-07 00:00:00","2023-08-07 00:00:00","2023-08-07 00:00:00","2023-08-07 00:00:00","2023-08-07 00:00:00","2023-08-07 00:00:00","Fly Time","0","2023-08-07 00:00:00","15","16","1","2023-08-07 00:00:00","19393","WN","N276WN","555","1288904","32211","LAS","Las Vegas, NV","NV","Nevada","1426204","34262","PSP","Palm Springs, CA","CA","California","9","24","3","6","65","62","173","1","0","0","0","0","0","Less Than 250 Miles"
"16:00 - 16:59","15:00 - 15:59","2023-08-07 00:00:00","2023-08-07 00:00:00","2023-08-07 00:00:00","2023-08-07 00:00:00","2023-08-07 00:00:00","2023-08-07 00:00:00","Late Aircraft","25","2023-08-07 00:00:00","15","16","1","2023-08-07 00:00:00","19393","WN","N202WN","909","1288904","32211","LAS","Las Vegas, NV","NV","Nevada","1080003","32575","BUR","Burbank, CA","CA","California","36","12","4","25","70","59","223","1","3","0","0","0","22","Less Than 250 Miles"
"16:00 - 16:59","15:00 - 15:59","2023-08-07 00:00:00","2023-08-07 00:00:00","2023-08-07 00:00:00","2023-08-07 00:00:00","2023-08-07 00:00:00","2023-08-07 00:00:00","Late Aircraft","68","2023-08-07 00:00:00","15","16","1","2023-08-07 00:00:00","19393","WN","N219WN","3438","1288904","32211","LAS","Las Vegas, NV","NV","Nevada","1295407","32575","LGB","Long Beach, CA","CA","California","57","31","5","68","70","81","231","1","10","0","11","0","47","Less Than 250 Miles"
"16:00 - 16:59","15:00 - 15:59","2023-08-07 00:00:00","2023-08-07 00:00:00","2023-08-07 00:00:00","2023-08-07 00:00:00","2023-08-07 00:00:00","2023-08-07 00:00:00","Late Aircraft","76","2023-08-07 00:00:00","15","16","1","2023-08-07 00:00:00","19393","WN","N8821S","3136","1288904","32211","LAS","Las Vegas, NV","NV","Nevada","1289208","32575","LAX","Los Angeles, CA","CA","California","66","25","16","76","75","85","236","1","30","0","10","0","36","Less Than 250 Miles"
"16:00 - 16:59","15:00 - 15:59","2023-08-07 00:00:00","2023-08-07 00:00:00","2023-08-07 00:00:00","2023-08-07 00:00:00","2023-08-07 00:00:00","2023-08-07 00:00:00","Fly Time","0","2023-08-07 00:00:00","15","16","1","2023-08-07 00:00:00","19393","WN","N8631A","448","1289208","32575","LAX","Los Angeles, CA","CA","California","1288904","32211","LAS","Las Vegas, NV","NV","Nevada","3","8","5","-11","70","56","236","1","0","0","0","0","0","Less Than 250 Miles"
"16:00 - 16:59","15:00 - 15:59","2023-08-07 00:00:00","2023-08-07 00:00:00","2023-08-07 00:00:00","2023-08-07 00:00:00","2023-08-07 00:00:00","2023-08-07 00:00:00","Fly Time","0","2023-08-07 00:00:00","15","16","1","2023-08-07 00:00:00","19393","WN","N247WN","2696","1490803","32575","SNA","Santa Ana, CA","CA","California","1288904","32211","LAS","Las Vegas, NV","NV","Nevada","1","10","8","-7","70","62","226","1","0","0","0","0","0","Less Than 250 Miles"
"16:00 - 16:59","15:00 - 15:59","2023-08-07 00:00:00","2023-08-07 00:00:00","2023-08-07 00:00:00","2023-08-07 00:00:00","2023-08-07 00:00:00","2023-08-07 00:00:00","Fly Time","0","2023-08-07 00:00:00","15","16","1","2023-08-07 00:00:00","19393","WN","N7836A","460","1295407","32575","LGB","Long Beach, CA","CA","California","1288904","32211","LAS","Las Vegas, NV","NV","Nevada","4","9","11","-1","70","65","231","1","0","0","0","0","0","Less Than 250 Miles"
"16:00 - 16:59","15:00 - 15:59","2023-08-07 00:00:00","2023-08-07 00:00:00","2023-08-07 00:00:00","2023-08-07 00:00:00","2023-08-07 00:00:00","2023-08-07 00:00:00","Late Aircraft","20","2023-08-07 00:00:00","15","16","1","2023-08-07 00:00:00","19393","WN","N8531Q","2938","1389101","32575","ONT","Ontario, CA","CA","California","1288904","32211","LAS","Las Vegas, NV","NV","Nevada","11","16","14","20","60","69","197","1","0","0","9","0","11","Less Than 250 Miles"
"16:00 - 16:59","15:00 - 15:59","2023-08-07 00:00:00","2023-08-07 00:00:00","2023-08-07 00:00:00","2023-08-07 00:00:00","2023-08-07 00:00:00","2023-08-07 00:00:00","Fly Time","0","2023-08-07 00:00:00","15","16","1","2023-08-07 00:00:00","19393","WN","N8790Q","2848","1468305","33214","SAT","San Antonio, TX","TX","Texas","1125904","30194","DAL","Dallas, TX","TX","Texas","16","11","4","9","70","63","247","1","0","0","0","0","0","Less Than 250 Miles"
"16:00 - 16:59","15:00 - 15:59","2023-08-07 00:00:00","2023-08-07 00:00:00","2023-08-07 00:00:00","2023-08-07 00:00:00","2023-08-07 00:00:00","2023-08-07 00:00:00","Fly Time","0","2023-08-07 00:00:00","15","16","1","2023-08-07 00:00:00","19393","WN","N8733M","2639","1219103","31453","HOU","Houston, TX","TX","Texas","1042302","30423","AUS","Austin, TX","TX","Texas","6","17","4","6","50","50","148","1","0","0","0","0","0","Less Than 250 Miles"
"16:00 - 16:59","16:00 - 16:59","2023-08-07 00:00:00","2023-08-07 00:00:00","2023-08-07 00:00:00","2023-08-07 00:00:00","2023-08-07 00:00:00","2023-08-07 00:00:00","Fly Time","0","2023-08-07 00:00:00","16","16","1","2023-08-07 00:00:00","19393","WN","N8768Q","2862","1383002","33830","OGG","Kahului, HI","HI","Hawaii","1275804","32758","KOA","Kona, HI","HI","Hawaii","13","11","4","9","40","36","84","1","0","0","0","0","0","Less Than 250 Miles"
"17:00 - 17:59","16:00 - 16:59","2023-08-07 00:00:00","2023-08-07 00:00:00","2023-08-07 00:00:00","2023-08-07 00:00:00","2023-08-07 00:00:00","2023-08-07 00:00:00","Late Aircraft","35","2023-08-07 00:00:00","16","17","1","2023-08-07 00:00:00","19393","WN","N959WN","139","1288904","32211","LAS","Las Vegas, NV","NV","Nevada","1080003","32575","BUR","Burbank, CA","CA","California","31","21","1","35","65","69","223","1","8","0","4","0","23","Less Than 250 Miles"
"17:00 - 17:59","16:00 - 16:59","2023-08-07 00:00:00","2023-08-07 00:00:00","2023-08-07 00:00:00","2023-08-07 00:00:00","2023-08-07 00:00:00","2023-08-07 00:00:00","Fly Time","0","2023-08-07 00:00:00","16","17","1","2023-08-07 00:00:00","19393","WN","N947WN","1769","1288904","32211","LAS","Las Vegas, NV","NV","Nevada","1490803","32575","SNA","Santa Ana, CA","CA","California","16","22","3","11","70","65","226","1","0","0","0","0","0","Less Than 250 Miles"
"17:00 - 17:59","16:00 - 16:59","2023-08-07 00:00:00","2023-08-07 00:00:00","2023-08-07 00:00:00","2023-08-07 00:00:00","2023-08-07 00:00:00","2023-08-07 00:00:00","Weather","37","2023-08-07 00:00:00","16","17","1","2023-08-07 00:00:00","19393","WN","N216WR","1784","1129202","30325","DEN","Denver, CO","CO","Colorado","1110902","30189","COS","Colorado Springs, CO","CO","Colorado","40","12","9","37","45","42","73","1","0","37","0","0","0","Less Than 250 Miles"
"17:00 - 17:59","16:00 - 16:59","2023-08-07 00:00:00","2023-08-07 00:00:00","2023-08-07 00:00:00","2023-08-07 00:00:00","2023-08-07 00:00:00","2023-08-07 00:00:00","Fly Time","0","2023-08-07 00:00:00","16","17","1","2023-08-07 00:00:00","19393","WN","N8712L","2109","1217305","32134","HNL","Honolulu, HI","HI","Hawaii","1298202","32982","LIH","Lihue, HI","HI","Hawaii","21","14","4","11","50","40","102","1","0","0","0","0","0","Less Than 250 Miles"
"17:00 - 17:59","16:00 - 16:59","2023-08-07 00:00:00","2023-08-07 00:00:00","2023-08-07 00:00:00","2023-08-07 00:00:00","2023-08-07 00:00:00","2023-08-07 00:00:00","Fly Time","0","2023-08-07 00:00:00","16","17","1","2023-08-07 00:00:00","19393","WN","N8658A","2185","1143302","31295","DTW","Detroit, MI","MI","Michigan","1323202","30977","MDW","Chicago, IL","IL","Illinois","4","27","5","12","70","78","228","1","0","0","0","0","0","Less Than 250 Miles"
"17:00 - 17:59","16:00 - 16:59","2023-08-07 00:00:00","2023-08-07 00:00:00","2023-08-07 00:00:00","2023-08-07 00:00:00","2023-08-07 00:00:00","2023-08-07 00:00:00","Late Aircraft","81","2023-08-07 00:00:00","16","17","1","2023-08-07 00:00:00","19393","WN","N8617E","2456","1501606","31123","STL","St. Louis, MO","MO","Missouri","1319801","33198","MCI","Kansas City, MO","MO","Missouri","89","9","6","81","65","57","237","1","4","0","0","0","77","Less Than 250 Miles"
"17:00 - 17:59","16:00 - 16:59","2023-08-07 00:00:00","2023-08-07 00:00:00","2023-08-07 00:00:00","2023-08-07 00:00:00","2023-08-07 00:00:00","2023-08-07 00:00:00","Carrier","38","2023-08-07 00:00:00","16","17","1","2023-08-07 00:00:00","19393","WN","N263WN","2459","1426204","34262","PSP","Palm Springs, CA","CA","California","1288904","32211","LAS","Las Vegas, NV","NV","Nevada","46","10","8","38","65","57","173","1","31","0","0","0","7","Less Than 250 Miles"
"17:00 - 17:59","16:00 - 16:59","2023-08-07 00:00:00","2023-08-07 00:00:00","2023-08-07 00:00:00","2023-08-07 00:00:00","2023-08-07 00:00:00","2023-08-07 00:00:00","Fly Time","0","2023-08-07 00:00:00","16","17","1","2023-08-07 00:00:00","19393","WN","N778SW","2573","1080003","32575","BUR","Burbank, CA","CA","California","1288904","32211","LAS","Las Vegas, NV","NV","Nevada","17","14","8","14","70","67","223","1","0","0","0","0","0","Less Than 250 Miles"
"17:00 - 17:59","16:00 - 16:59","2023-08-07 00:00:00","2023-08-07 00:00:00","2023-08-07 00:00:00","2023-08-07 00:00:00","2023-08-07 00:00:00","2023-08-07 00:00:00","Fly Time","0","2023-08-07 00:00:00","16","17","1","2023-08-07 00:00:00","19393","WN","N7704B","3194","1125904","30194","DAL","Dallas, TX","TX","Texas","1468305","33214","SAT","San Antonio, TX","TX","Texas","24","8","2","9","65","50","247","1","0","0","0","0","0","Less Than 250 Miles"
"17:00 - 17:59","16:00 - 16:59","2023-08-07 00:00:00","2023-08-07 00:00:00","2023-08-07 00:00:00","2023-08-07 00:00:00","2023-08-07 00:00:00","2023-08-07 00:00:00","Fly Time","0","2023-08-07 00:00:00","16","17","1","2023-08-07 00:00:00","19393","WN","N8810L","39","1125904","30194","DAL","Dallas, TX","TX","Texas","1219103","31453","HOU","Houston, TX","TX","Texas","15","17","5","12","70","67","239","1","0","0","0","0","0","Less Than 250 Miles"
"18:00 - 18:59","16:00 - 16:59","2023-08-07 00:00:00","2023-08-07 00:00:00","2023-08-07 00:00:00","2023-08-07 00:00:00","2023-08-07 00:00:00","2023-08-07 00:00:00","Carrier","18","2023-08-07 00:00:00","16","18","1","2023-08-07 00:00:00","19393","WN","N954WN","1679","1323202","30977","MDW","Chicago, IL","IL","Illinois","1143302","31295","DTW","Detroit, MI","MI","Michigan","29","11","6","18","65","54","228","1","13","0","0","0","5","Less Than 250 Miles"
"18:00 - 18:59","17:00 - 17:59","2023-08-07 00:00:00","2023-08-07 00:00:00","2023-08-07 00:00:00","2023-08-07 00:00:00","2023-08-07 00:00:00","2023-08-07 00:00:00","Carrier","23","2023-08-07 00:00:00","17","18","1","2023-08-07 00:00:00","19393","WN","N436WN","1601","1288904","32211","LAS","Las Vegas, NV","NV","Nevada","1080003","32575","BUR","Burbank, CA","CA","California","18","24","1","23","65","70","223","1","12","0","5","0","6","Less Than 250 Miles"
"18:00 - 18:59","17:00 - 17:59","2023-08-07 00:00:00","2023-08-07 00:00:00","2023-08-07 00:00:00","2023-08-07 00:00:00","2023-08-07 00:00:00","2023-08-07 00:00:00","Late Aircraft","66","2023-08-07 00:00:00","17","18","1","2023-08-07 00:00:00","19393","WN","N7722B","1259","1288904","32211","LAS","Las Vegas, NV","NV","Nevada","1490803","32575","SNA","Santa Ana, CA","CA","California","59","29","3","66","65","72","226","1","2","0","7","0","57","Less Than 250 Miles"
"18:00 - 18:59","17:00 - 17:59","2023-08-07 00:00:00","2023-08-07 00:00:00","2023-08-07 00:00:00","2023-08-07 00:00:00","2023-08-07 00:00:00","2023-08-07 00:00:00","Late Aircraft","38","2023-08-07 00:00:00","17","18","1","2023-08-07 00:00:00","19393","WN","N7737E","3126","1457002","34570","RNO","Reno, NV","NV","Nevada","1379610","32457","OAK","Oakland, CA","CA","California","44","14","5","38","60","54","181","1","3","0","0","0","35","Less Than 250 Miles"
"18:00 - 18:59","17:00 - 17:59","2023-08-07 00:00:00","2023-08-07 00:00:00","2023-08-07 00:00:00","2023-08-07 00:00:00","2023-08-07 00:00:00","2023-08-07 00:00:00","Fly Time","0","2023-08-07 00:00:00","17","18","1","2023-08-07 00:00:00","19393","WN","N239WN","2858","1110902","30189","COS","Colorado Springs, CO","CO","Colorado","1129202","30325","DEN","Denver, CO","CO","Colorado","22","11","10","8","50","36","73","1","0","0","0","0","0","Less Than 250 Miles"
"18:00 - 18:59","17:00 - 17:59","2023-08-07 00:00:00","2023-08-07 00:00:00","2023-08-07 00:00:00","2023-08-07 00:00:00","2023-08-07 00:00:00","2023-08-07 00:00:00","Fly Time","0","2023-08-07 00:00:00","17","18","1","2023-08-07 00:00:00","19393","WN","N8716B","3661","1298202","32982","LIH","Lihue, HI","HI","Hawaii","1217305","32134","HNL","Honolulu, HI","HI","Hawaii","21","9","3","12","45","36","102","1","0","0","0","0","0","Less Than 250 Miles"
"18:00 - 18:59","17:00 - 17:59","2023-08-07 00:00:00","2023-08-07 00:00:00","2023-08-07 00:00:00","2023-08-07 00:00:00","2023-08-07 00:00:00","2023-08-07 00:00:00","Fly Time","0","2023-08-07 00:00:00","17","18","1","2023-08-07 00:00:00","19393","WN","N8752Q","2589","1383002","33830","OGG","Kahului, HI","HI","Hawaii","1298202","32982","LIH","Lihue, HI","HI","Hawaii","5","9","4","-3","55","47","201","1","0","0","0","0","0","Less Than 250 Miles"
"18:00 - 18:59","17:00 - 17:59","2023-08-07 00:00:00","2023-08-07 00:00:00","2023-08-07 00:00:00","2023-08-07 00:00:00","2023-08-07 00:00:00","2023-08-07 00:00:00","Late Aircraft","16","2023-08-07 00:00:00","17","18","1","2023-08-07 00:00:00","19393","WN","N8829Q","3638","1319801","33198","MCI","Kansas City, MO","MO","Missouri","1501606","31123","STL","St. Louis, MO","MO","Missouri","22","12","4","16","60","54","237","1","0","0","0","0","16","Less Than 250 Miles"
"18:00 - 18:59","17:00 - 17:59","2023-08-07 00:00:00","2023-08-07 00:00:00","2023-08-07 00:00:00","2023-08-07 00:00:00","2023-08-07 00:00:00","2023-08-07 00:00:00","Late Aircraft","66","2023-08-07 00:00:00","17","18","1","2023-08-07 00:00:00","19393","WN","N219WN","1062","1295407","32575","LGB","Long Beach, CA","CA","California","1288904","32211","LAS","Las Vegas, NV","NV","Nevada","77","11","3","66","70","59","231","1","5","0","0","0","61","Less Than 250 Miles"
"18:00 - 18:59","17:00 - 17:59","2023-08-07 00:00:00","2023-08-07 00:00:00","2023-08-07 00:00:00","2023-08-07 00:00:00","2023-08-07 00:00:00","2023-08-07 00:00:00","Late Aircraft","22","2023-08-07 00:00:00","17","18","1","2023-08-07 00:00:00","19393","WN","N7747C","573","1289208","32575","LAX","Los Angeles, CA","CA","California","1288904","32211","LAS","Las Vegas, NV","NV","Nevada","21","24","5","22","70","71","236","1","2","0","1","0","19","Less Than 250 Miles"
"18:00 - 18:59","17:00 - 17:59","2023-08-07 00:00:00","2023-08-07 00:00:00","2023-08-07 00:00:00","2023-08-07 00:00:00","2023-08-07 00:00:00","2023-08-07 00:00:00","Fly Time","0","2023-08-07 00:00:00","17","18","1","2023-08-07 00:00:00","19393","WN","N253WN","1634","1468305","33214","SAT","San Antonio, TX","TX","Texas","1125904","30194","DAL","Dallas, TX","TX","Texas","15","5","2","-1","70","54","247","1","0","0","0","0","0","Less Than 250 Miles"
"18:00 - 18:59","17:00 - 17:59","2023-08-07 00:00:00","2023-08-07 00:00:00","2023-08-07 00:00:00","2023-08-07 00:00:00","2023-08-07 00:00:00","2023-08-07 00:00:00","Fly Time","0","2023-08-07 00:00:00","17","18","1","2023-08-07 00:00:00","19393","WN","N8810L","39","1219103","31453","HOU","Houston, TX","TX","Texas","1468305","33214","SAT","San Antonio, TX","TX","Texas","2","18","4","-3","60","55","192","1","0","0","0","0","0","Less Than 250 Miles"
"18:00 - 18:59","18:00 - 18:59","2023-08-07 00:00:00","2023-08-07 00:00:00","2023-08-07 00:00:00","2023-08-07 00:00:00","2023-08-07 00:00:00","2023-08-07 00:00:00","Fly Time","0","2023-08-07 00:00:00","18","18","1","2023-08-07 00:00:00","19393","WN","N417WN","446","1119302","33105","CVG","Cincinnati, OH","KY","Kentucky","1323202","30977","MDW","Chicago, IL","IL","Illinois","5","9","5","-1","65","59","249","1","0","0","0","0","0","Less Than 250 Miles"
"19:00 - 19:59","17:00 - 17:59","2023-08-07 00:00:00","2023-08-07 00:00:00","2023-08-07 00:00:00","2023-08-07 00:00:00","2023-08-07 00:00:00","2023-08-07 00:00:00","Carrier","37","2023-08-07 00:00:00","17","19","1","2023-08-07 00:00:00","19393","WN","N226WN","3022","1288904","32211","LAS","Las Vegas, NV","NV","Nevada","1289208","32575","LAX","Los Angeles, CA","CA","California","35","24","11","37","75","77","236","1","19","0","2","0","16","Less Than 250 Miles"
"19:00 - 19:59","17:00 - 17:59","2023-08-07 00:00:00","2023-08-07 00:00:00","2023-08-07 00:00:00","2023-08-07 00:00:00","2023-08-07 00:00:00","2023-08-07 00:00:00","Late Aircraft","48","2023-08-07 00:00:00","17","19","1","2023-08-07 00:00:00","19393","WN","N949WN","332","1323202","30977","MDW","Chicago, IL","IL","Illinois","1198603","31986","GRR","Grand Rapids, MI","MI","Michigan","56","9","2","48","50","42","137","1","0","0","0","0","48","Less Than 250 Miles"
"19:00 - 19:59","17:00 - 17:59","2023-08-07 00:00:00","2023-08-07 00:00:00","2023-08-07 00:00:00","2023-08-07 00:00:00","2023-08-07 00:00:00","2023-08-07 00:00:00","Carrier","54","2023-08-07 00:00:00","17","19","1","2023-08-07 00:00:00","19393","WN","N947WN","205","1490803","32575","SNA","Santa Ana, CA","CA","California","1288904","32211","LAS","Las Vegas, NV","NV","Nevada","60","11","9","54","70","64","226","1","42","0","0","0","12","Less Than 250 Miles"
"19:00 - 19:59","17:00 - 17:59","2023-08-07 00:00:00","2023-08-07 00:00:00","2023-08-07 00:00:00","2023-08-07 00:00:00","2023-08-07 00:00:00","2023-08-07 00:00:00","Fly Time","0","2023-08-07 00:00:00","17","19","1","2023-08-07 00:00:00","19393","WN","N7736A","2685","1125904","30194","DAL","Dallas, TX","TX","Texas","1468305","33214","SAT","San Antonio, TX","TX","Texas","4","9","3","-6","65","55","247","1","0","0","0","0","0","Less Than 250 Miles"
"19:00 - 19:59","18:00 - 18:59","2023-08-07 00:00:00","2023-08-07 00:00:00","2023-08-07 00:00:00","2023-08-07 00:00:00","2023-08-07 00:00:00","2023-08-07 00:00:00","Late Aircraft","139","2023-08-07 00:00:00","18","19","1","2023-08-07 00:00:00","19393","WN","N968WN","2856","1288904","32211","LAS","Las Vegas, NV","NV","Nevada","1080003","32575","BUR","Burbank, CA","CA","California","142","13","2","139","65","62","223","1","14","0","0","0","125","Less Than 250 Miles"
"19:00 - 19:59","18:00 - 18:59","2023-08-07 00:00:00","2023-08-07 00:00:00","2023-08-07 00:00:00","2023-08-07 00:00:00","2023-08-07 00:00:00","2023-08-07 00:00:00","Late Aircraft","22","2023-08-07 00:00:00","18","19","1","2023-08-07 00:00:00","19393","WN","N770SA","3691","1288904","32211","LAS","Las Vegas, NV","NV","Nevada","1295407","32575","LGB","Long Beach, CA","CA","California","34","8","3","22","65","53","231","1","2","0","0","0","20","Less Than 250 Miles"
"19:00 - 19:59","18:00 - 18:59","2023-08-07 00:00:00","2023-08-07 00:00:00","2023-08-07 00:00:00","2023-08-07 00:00:00","2023-08-07 00:00:00","2023-08-07 00:00:00","Late Aircraft","73","2023-08-07 00:00:00","18","19","1","2023-08-07 00:00:00","19393","WN","N767SW","175","1457002","34570","RNO","Reno, NV","NV","Nevada","1483106","32457","SJC","San Jose, CA","CA","California","78","9","3","73","60","55","188","1","0","0","0","0","73","Less Than 250 Miles"
"19:00 - 19:59","18:00 - 18:59","2023-08-07 00:00:00","2023-08-07 00:00:00","2023-08-07 00:00:00","2023-08-07 00:00:00","2023-08-07 00:00:00","2023-08-07 00:00:00","Carrier","40","2023-08-07 00:00:00","18","19","1","2023-08-07 00:00:00","19393","WN","N8716B","2721","1217305","32134","HNL","Honolulu, HI","HI","Hawaii","1298202","32982","LIH","Lihue, HI","HI","Hawaii","52","14","4","40","50","38","102","1","29","0","0","0","11","Less Than 250 Miles"
"19:00 - 19:59","18:00 - 18:59","2023-08-07 00:00:00","2023-08-07 00:00:00","2023-08-07 00:00:00","2023-08-07 00:00:00","2023-08-07 00:00:00","2023-08-07 00:00:00","Late Aircraft","258","2023-08-07 00:00:00","18","19","1","2023-08-07 00:00:00","19393","WN","N8735L","2397","1383002","33830","OGG","Kahului, HI","HI","Hawaii","1217305","32134","HNL","Honolulu, HI","HI","Hawaii","267","11","6","258","50","41","100","1","0","0","0","0","258","Less Than 250 Miles"
"19:00 - 19:59","18:00 - 18:59","2023-08-07 00:00:00","2023-08-07 00:00:00","2023-08-07 00:00:00","2023-08-07 00:00:00","2023-08-07 00:00:00","2023-08-07 00:00:00","Fly Time","0","2023-08-07 00:00:00","18","19","1","2023-08-07 00:00:00","19393","WN","N8620H","2917","1389101","32575","ONT","Ontario, CA","CA","California","1288904","32211","LAS","Las Vegas, NV","NV","Nevada","5","10","4","-5","65","55","197","1","0","0","0","0","0","Less Than 250 Miles"
"19:00 - 19:59","18:00 - 18:59","2023-08-07 00:00:00","2023-08-07 00:00:00","2023-08-07 00:00:00","2023-08-07 00:00:00","2023-08-07 00:00:00","2023-08-07 00:00:00","Fly Time","0","2023-08-07 00:00:00","18","19","1","2023-08-07 00:00:00","19393","WN","N259WN","2143","1125904","30194","DAL","Dallas, TX","TX","Texas","1537002","34653","TUL","Tulsa, OK","OK","Oklahoma","12","8","4","5","60","53","238","1","0","0","0","0","0","Less Than 250 Miles"
"19:00 - 19:59","18:00 - 18:59","2023-08-07 00:00:00","2023-08-07 00:00:00","2023-08-07 00:00:00","2023-08-07 00:00:00","2023-08-07 00:00:00","2023-08-07 00:00:00","Fly Time","0","2023-08-07 00:00:00","18","19","1","2023-08-07 00:00:00","19393","WN","N222WN","3129","1219103","31453","HOU","Houston, TX","TX","Texas","1114008","31140","CRP","Corpus Christi, TX","TX","Texas","5","7","4","-2","50","43","187","1","0","0","0","0","0","Less Than 250 Miles"
"19:00 - 19:59","18:00 - 18:59","2023-08-07 00:00:00","2023-08-07 00:00:00","2023-08-07 00:00:00","2023-08-07 00:00:00","2023-08-07 00:00:00","2023-08-07 00:00:00","Fly Time","0","2023-08-07 00:00:00","18","19","1","2023-08-07 00:00:00","19393","WN","N7847A","48","1219103","31453","HOU","Houston, TX","TX","Texas","1125904","30194","DAL","Dallas, TX","TX","Texas","23","8","4","14","65","56","239","1","0","0","0","0","0","Less Than 250 Miles"
"19:00 - 19:59","18:00 - 18:59","2023-08-07 00:00:00","2023-08-07 00:00:00","2023-08-07 00:00:00","2023-08-07 00:00:00","2023-08-07 00:00:00","2023-08-07 00:00:00","Carrier","126","2023-08-07 00:00:00","18","19","1","2023-08-07 00:00:00","19393","WN","N7725A","3399","1125904","30194","DAL","Dallas, TX","TX","Texas","1042302","30423","AUS","Austin, TX","TX","Texas","137","8","4","126","55","44","189","1","125","0","0","0","1","Less Than 250 Miles"
"19:00 - 19:59","18:00 - 18:59","2023-08-07 00:00:00","2023-08-07 00:00:00","2023-08-07 00:00:00","2023-08-07 00:00:00","2023-08-07 00:00:00","2023-08-07 00:00:00","Fly Time","0","2023-08-07 00:00:00","18","19","1","2023-08-07 00:00:00","19393","WN","N8790Q","49","1125904","30194","DAL","Dallas, TX","TX","Texas","1219103","31453","HOU","Houston, TX","TX","Texas","3","10","5","-6","65","56","239","1","0","0","0","0","0","Less Than 250 Miles"
"19:00 - 19:59","19:00 - 19:59","2023-08-07 00:00:00","2023-08-07 00:00:00","2023-08-07 00:00:00","2023-08-07 00:00:00","2023-08-07 00:00:00","2023-08-07 00:00:00","Fly Time","0","2023-08-07 00:00:00","19","19","1","2023-08-07 00:00:00","19393","WN","N8765Q","2878","1217305","32134","HNL","Honolulu, HI","HI","Hawaii","1383002","33830","OGG","Kahului, HI","HI","Hawaii","1","20","4","5","45","49","100","1","0","0","0","0","0","Less Than 250 Miles"
"20:00 - 20:59","17:00 - 17:59","2023-08-07 00:00:00","2023-08-07 00:00:00","2023-08-07 00:00:00","2023-08-07 00:00:00","2023-08-07 00:00:00","2023-08-07 00:00:00","Carrier","20","2023-08-07 00:00:00","17","20","1","2023-08-07 00:00:00","19393","WN","N8658A","2473","1323202","30977","MDW","Chicago, IL","IL","Illinois","1143302","31295","DTW","Detroit, MI","MI","Michigan","31","12","5","20","65","54","228","1","10","0","0","0","10","Less Than 250 Miles"
"20:00 - 20:59","18:00 - 18:59","2023-08-07 00:00:00","2023-08-07 00:00:00","2023-08-07 00:00:00","2023-08-07 00:00:00","2023-08-07 00:00:00","2023-08-07 00:00:00","Late Aircraft","44","2023-08-07 00:00:00","18","20","1","2023-08-07 00:00:00","19393","WN","N7820L","2222","1288904","32211","LAS","Las Vegas, NV","NV","Nevada","1389101","32575","ONT","Ontario, CA","CA","California","58","12","5","44","65","51","197","1","8","0","0","0","36","Less Than 250 Miles"
"20:00 - 20:59","18:00 - 18:59","2023-08-07 00:00:00","2023-08-07 00:00:00","2023-08-07 00:00:00","2023-08-07 00:00:00","2023-08-07 00:00:00","2023-08-07 00:00:00","Late Aircraft","47","2023-08-07 00:00:00","18","20","1","2023-08-07 00:00:00","19393","WN","N7861J","126","1323202","30977","MDW","Chicago, IL","IL","Illinois","1119302","33105","CVG","Cincinnati, OH","KY","Kentucky","53","10","4","47","65","59","249","1","5","0","0","0","42","Less Than 250 Miles"
"20:00 - 20:59","19:00 - 19:59","2023-08-07 00:00:00","2023-08-07 00:00:00","2023-08-07 00:00:00","2023-08-07 00:00:00","2023-08-07 00:00:00","2023-08-07 00:00:00","Late Aircraft","47","2023-08-07 00:00:00","19","20","1","2023-08-07 00:00:00","19393","WN","N947WN","3340","1288904","32211","LAS","Las Vegas, NV","NV","Nevada","1080003","32575","BUR","Burbank, CA","CA","California","51","16","2","47","65","61","223","1","0","0","0","0","47","Less Than 250 Miles"
"20:00 - 20:59","19:00 - 19:59","2023-08-07 00:00:00","2023-08-07 00:00:00","2023-08-07 00:00:00","2023-08-07 00:00:00","2023-08-07 00:00:00","2023-08-07 00:00:00","Late Aircraft","16","2023-08-07 00:00:00","19","20","1","2023-08-07 00:00:00","19393","WN","N290WN","839","1288904","32211","LAS","Las Vegas, NV","NV","Nevada","1490803","32575","SNA","Santa Ana, CA","CA","California","26","10","3","16","65","55","226","1","1","0","0","0","15","Less Than 250 Miles"
"20:00 - 20:59","19:00 - 19:59","2023-08-07 00:00:00","2023-08-07 00:00:00","2023-08-07 00:00:00","2023-08-07 00:00:00","2023-08-07 00:00:00","2023-08-07 00:00:00","Late Aircraft","37","2023-08-07 00:00:00","19","20","1","2023-08-07 00:00:00","19393","WN","N7747C","3247","1288904","32211","LAS","Las Vegas, NV","NV","Nevada","1289208","32575","LAX","Los Angeles, CA","CA","California","38","20","6","37","70","69","236","1","14","0","0","0","23","Less Than 250 Miles"
"20:00 - 20:59","19:00 - 19:59","2023-08-07 00:00:00","2023-08-07 00:00:00","2023-08-07 00:00:00","2023-08-07 00:00:00","2023-08-07 00:00:00","2023-08-07 00:00:00","Fly Time","0","2023-08-07 00:00:00","19","20","1","2023-08-07 00:00:00","19393","WN","N8659D","3291","1169706","32467","FLL","Fort Lauderdale, FL","FL","Florida","1530402","33195","TPA","Tampa, FL","FL","Florida","22","18","4","9","75","62","197","1","0","0","0","0","0","Less Than 250 Miles"
"20:00 - 20:59","19:00 - 19:59","2023-08-07 00:00:00","2023-08-07 00:00:00","2023-08-07 00:00:00","2023-08-07 00:00:00","2023-08-07 00:00:00","2023-08-07 00:00:00","Late Aircraft","170","2023-08-07 00:00:00","19","20","1","2023-08-07 00:00:00","19393","WN","N8526W","258","1169706","32467","FLL","Fort Lauderdale, FL","FL","Florida","1320402","31454","MCO","Orlando, FL","FL","Florida","189","13","6","170","70","51","177","1","11","0","0","0","159","Less Than 250 Miles"
"20:00 - 20:59","19:00 - 19:59","2023-08-07 00:00:00","2023-08-07 00:00:00","2023-08-07 00:00:00","2023-08-07 00:00:00","2023-08-07 00:00:00","2023-08-07 00:00:00","Late Aircraft","25","2023-08-07 00:00:00","19","20","1","2023-08-07 00:00:00","19393","WN","N435WN","3013","1490803","32575","SNA","Santa Ana, CA","CA","California","1288904","32211","LAS","Las Vegas, NV","NV","Nevada","39","10","3","25","70","56","226","1","0","0","0","0","25","Less Than 250 Miles"
"20:00 - 20:59","19:00 - 19:59","2023-08-07 00:00:00","2023-08-07 00:00:00","2023-08-07 00:00:00","2023-08-07 00:00:00","2023-08-07 00:00:00","2023-08-07 00:00:00","Late Aircraft","63","2023-08-07 00:00:00","19","20","1","2023-08-07 00:00:00","19393","WN","N8312C","963","1379610","32457","OAK","Oakland, CA","CA","California","1457002","34570","RNO","Reno, NV","NV","Nevada","67","13","4","63","55","51","181","1","8","0","0","0","55","Less Than 250 Miles"
"20:00 - 20:59","19:00 - 19:59","2023-08-07 00:00:00","2023-08-07 00:00:00","2023-08-07 00:00:00","2023-08-07 00:00:00","2023-08-07 00:00:00","2023-08-07 00:00:00","Fly Time","0","2023-08-07 00:00:00","19","20","1","2023-08-07 00:00:00","19393","WN","N423WN","1071","1295407","32575","LGB","Long Beach, CA","CA","California","1288904","32211","LAS","Las Vegas, NV","NV","Nevada","1","15","5","3","65","67","231","1","0","0","0","0","0","Less Than 250 Miles"
"20:00 - 20:59","19:00 - 19:59","2023-08-07 00:00:00","2023-08-07 00:00:00","2023-08-07 00:00:00","2023-08-07 00:00:00","2023-08-07 00:00:00","2023-08-07 00:00:00","Fly Time","0","2023-08-07 00:00:00","19","20","1","2023-08-07 00:00:00","19393","WN","N8837Q","2931","1537002","34653","TUL","Tulsa, OK","OK","Oklahoma","1125904","30194","DAL","Dallas, TX","TX","Texas","15","8","4","11","60","56","238","1","0","0","0","0","0","Less Than 250 Miles"
"20:00 - 20:59","19:00 - 19:59","2023-08-07 00:00:00","2023-08-07 00:00:00","2023-08-07 00:00:00","2023-08-07 00:00:00","2023-08-07 00:00:00","2023-08-07 00:00:00","Fly Time","0","2023-08-07 00:00:00","19","20","1","2023-08-07 00:00:00","19393","WN","N7812G","52","1219103","31453","HOU","Houston, TX","TX","Texas","1125904","30194","DAL","Dallas, TX","TX","Texas","3","9","5","-3","65","59","239","1","0","0","0","0","0","Less Than 250 Miles"
"20:00 - 20:59","19:00 - 19:59","2023-08-07 00:00:00","2023-08-07 00:00:00","2023-08-07 00:00:00","2023-08-07 00:00:00","2023-08-07 00:00:00","2023-08-07 00:00:00","Fly Time","0","2023-08-07 00:00:00","19","20","1","2023-08-07 00:00:00","19393","WN","N8610A","725","1125904","30194","DAL","Dallas, TX","TX","Texas","1226603","31453","IAH","Houston, TX","TX","Texas","24","9","6","6","70","52","216","1","0","0","0","0","0","Less Than 250 Miles"
"20:00 - 20:59","20:00 - 20:59","2023-08-07 00:00:00","2023-08-07 00:00:00","2023-08-07 00:00:00","2023-08-07 00:00:00","2023-08-07 00:00:00","2023-08-07 00:00:00","Late Aircraft","29","2023-08-07 00:00:00","20","20","1","2023-08-07 00:00:00","19393","WN","N8658A","3393","1143302","31295","DTW","Detroit, MI","MI","Michigan","1323202","30977","MDW","Chicago, IL","IL","Illinois","19","14","18","29","65","75","228","1","0","0","10","0","19","Less Than 250 Miles"
"21:00 - 21:59","19:00 - 19:59","2023-08-07 00:00:00","2023-08-07 00:00:00","2023-08-07 00:00:00","2023-08-07 00:00:00","2023-08-07 00:00:00","2023-08-07 00:00:00","Airport System","24","2023-08-07 00:00:00","19","21","1","2023-08-07 00:00:00","19393","WN","N8614M","787","1069302","30693","BNA","Nashville, TN","TN","Tennessee","1039707","30397","ATL","Atlanta, GA","GA","Georgia","5","13","39","24","70","89","214","1","0","0","24","0","0","Less Than 250 Miles"
"21:00 - 21:59","20:00 - 20:59","2023-08-07 00:00:00","2023-08-07 00:00:00","2023-08-07 00:00:00","2023-08-07 00:00:00","2023-08-07 00:00:00","2023-08-07 00:00:00","Fly Time","0","2023-08-07 00:00:00","20","21","1","2023-08-07 00:00:00","19393","WN","N464WN","5311","1288904","32211","LAS","Las Vegas, NV","NV","Nevada","1295407","32575","LGB","Long Beach, CA","CA","California","15","10","3","6","65","56","231","1","0","0","0","0","0","Less Than 250 Miles"
"21:00 - 21:59","20:00 - 20:59","2023-08-07 00:00:00","2023-08-07 00:00:00","2023-08-07 00:00:00","2023-08-07 00:00:00","2023-08-07 00:00:00","2023-08-07 00:00:00","Late Aircraft","61","2023-08-07 00:00:00","20","21","1","2023-08-07 00:00:00","19393","WN","N439WN","1325","1288904","32211","LAS","Las Vegas, NV","NV","Nevada","1490803","32575","SNA","Santa Ana, CA","CA","California","67","11","7","61","65","59","226","1","5","0","0","0","56","Less Than 250 Miles"
"21:00 - 21:59","20:00 - 20:59","2023-08-07 00:00:00","2023-08-07 00:00:00","2023-08-07 00:00:00","2023-08-07 00:00:00","2023-08-07 00:00:00","2023-08-07 00:00:00","Airport System","43","2023-08-07 00:00:00","20","21","1","2023-08-07 00:00:00","19393","WN","N493WN","953","1393102","33667","ORF","Norfolk, VA","VA","Virginia","1082106","30852","BWI","Baltimore, MD","MD","Maryland","37","13","6","43","60","66","159","1","0","0","43","0","0","Less Than 250 Miles"
"21:00 - 21:59","20:00 - 20:59","2023-08-07 00:00:00","2023-08-07 00:00:00","2023-08-07 00:00:00","2023-08-07 00:00:00","2023-08-07 00:00:00","2023-08-07 00:00:00","Airport System","17","2023-08-07 00:00:00","20","21","1","2023-08-07 00:00:00","19393","WN","N7849A","1408","1080003","32575","BUR","Burbank, CA","CA","California","1288904","32211","LAS","Las Vegas, NV","NV","Nevada","8","15","21","17","70","79","223","1","0","0","9","0","8","Less Than 250 Miles"
"21:00 - 21:59","20:00 - 20:59","2023-08-07 00:00:00","2023-08-07 00:00:00","2023-08-07 00:00:00","2023-08-07 00:00:00","2023-08-07 00:00:00","2023-08-07 00:00:00","Airport System","26","2023-08-07 00:00:00","20","21","1","2023-08-07 00:00:00","19393","WN","N8843S","499","1082106","30852","BWI","Baltimore, MD","MD","Maryland","1239103","31703","ISP","Islip, NY","NY","New York","11","20","4","26","70","85","220","1","11","0","15","0","0","Less Than 250 Miles"
"21:00 - 21:59","20:00 - 20:59","2023-08-07 00:00:00","2023-08-07 00:00:00","2023-08-07 00:00:00","2023-08-07 00:00:00","2023-08-07 00:00:00","2023-08-07 00:00:00","Fly Time","0","2023-08-07 00:00:00","20","21","1","2023-08-07 00:00:00","19393","WN","N7882B","3050","1125904","30194","DAL","Dallas, TX","TX","Texas","1468305","33214","SAT","San Antonio, TX","TX","Texas","5","10","2","-4","65","56","247","1","0","0","0","0","0","Less Than 250 Miles"
"21:00 - 21:59","20:00 - 20:59","2023-08-07 00:00:00","2023-08-07 00:00:00","2023-08-07 00:00:00","2023-08-07 00:00:00","2023-08-07 00:00:00","2023-08-07 00:00:00","Late Aircraft","18","2023-08-07 00:00:00","20","21","1","2023-08-07 00:00:00","19393","WN","N8647A","2264","1042302","30423","AUS","Austin, TX","TX","Texas","1125904","30194","DAL","Dallas, TX","TX","Texas","22","14","3","18","60","56","189","1","2","0","0","0","16","Less Than 250 Miles"
"21:00 - 21:59","20:00 - 20:59","2023-08-07 00:00:00","2023-08-07 00:00:00","2023-08-07 00:00:00","2023-08-07 00:00:00","2023-08-07 00:00:00","2023-08-07 00:00:00","Late Aircraft","16","2023-08-07 00:00:00","20","21","1","2023-08-07 00:00:00","19393","WN","N945WN","695","1226603","31453","IAH","Houston, TX","TX","Texas","1125904","30194","DAL","Dallas, TX","TX","Texas","35","7","4","16","70","51","216","1","0","0","0","0","16","Less Than 250 Miles"
"21:00 - 21:59","20:00 - 20:59","2023-08-07 00:00:00","2023-08-07 00:00:00","2023-08-07 00:00:00","2023-08-07 00:00:00","2023-08-07 00:00:00","2023-08-07 00:00:00","Late Aircraft","84","2023-08-07 00:00:00","20","21","1","2023-08-07 00:00:00","19393","WN","N280WN","6511","1468305","33214","SAT","San Antonio, TX","TX","Texas","1219103","31453","HOU","Houston, TX","TX","Texas","86","8","10","84","55","53","192","1","10","0","0","0","74","Less Than 250 Miles"
"21:00 - 21:59","21:00 - 21:59","2023-08-07 00:00:00","2023-08-07 00:00:00","2023-08-07 00:00:00","2023-08-07 00:00:00","2023-08-07 00:00:00","2023-08-07 00:00:00","Late Aircraft","49","2023-08-07 00:00:00","21","21","1","2023-08-07 00:00:00","19393","WN","N7861J","921","1119302","33105","CVG","Cincinnati, OH","KY","Kentucky","1323202","30977","MDW","Chicago, IL","IL","Illinois","43","10","13","49","65","71","249","1","0","0","6","0","43","Less Than 250 Miles"
"21:00 - 21:59","21:00 - 21:59","2023-08-07 00:00:00","2023-08-07 00:00:00","2023-08-07 00:00:00","2023-08-07 00:00:00","2023-08-07 00:00:00","2023-08-07 00:00:00","Fly Time","0","2023-08-07 00:00:00","21","21","1","2023-08-07 00:00:00","19393","WN","N8615E","3042","1125904","30194","DAL","Dallas, TX","TX","Texas","1042302","30423","AUS","Austin, TX","TX","Texas","1","7","6","-8","55","46","189","1","0","0","0","0","0","Less Than 250 Miles"
"22:00 - 22:59","21:00 - 21:59","2023-08-07 00:00:00","2023-08-07 00:00:00","2023-08-07 00:00:00","2023-08-07 00:00:00","2023-08-07 00:00:00","2023-08-07 00:00:00","Late Aircraft","61","2023-08-07 00:00:00","21","22","1","2023-08-07 00:00:00","19393","WN","N7738A","819","1288904","32211","LAS","Las Vegas, NV","NV","Nevada","1389101","32575","ONT","Ontario, CA","CA","California","78","8","5","61","65","48","197","1","1","0","0","0","60","Less Than 250 Miles"
"22:00 - 22:59","21:00 - 21:59","2023-08-07 00:00:00","2023-08-07 00:00:00","2023-08-07 00:00:00","2023-08-07 00:00:00","2023-08-07 00:00:00","2023-08-07 00:00:00","Fly Time","0","2023-08-07 00:00:00","21","22","1","2023-08-07 00:00:00","19393","WN","N785SW","443","1288904","32211","LAS","Las Vegas, NV","NV","Nevada","1490803","32575","SNA","Santa Ana, CA","CA","California","9","11","5","-9","75","57","226","1","0","0","0","0","0","Less Than 250 Miles"
"22:00 - 22:59","21:00 - 21:59","2023-08-07 00:00:00","2023-08-07 00:00:00","2023-08-07 00:00:00","2023-08-07 00:00:00","2023-08-07 00:00:00","2023-08-07 00:00:00","Late Aircraft","79","2023-08-07 00:00:00","21","22","1","2023-08-07 00:00:00","19393","WN","N8760L","2317","1530402","33195","TPA","Tampa, FL","FL","Florida","1169706","32467","FLL","Fort Lauderdale, FL","FL","Florida","84","20","4","79","65","60","197","1","0","0","0","0","79","Less Than 250 Miles"
"22:00 - 22:59","21:00 - 21:59","2023-08-07 00:00:00","2023-08-07 00:00:00","2023-08-07 00:00:00","2023-08-07 00:00:00","2023-08-07 00:00:00","2023-08-07 00:00:00","Late Aircraft","27","2023-08-07 00:00:00","21","22","1","2023-08-07 00:00:00","19393","WN","N202WN","3197","1289208","32575","LAX","Los Angeles, CA","CA","California","1288904","32211","LAS","Las Vegas, NV","NV","Nevada","37","11","4","27","70","60","236","1","2","0","0","0","25","Less Than 250 Miles"
"22:00 - 22:59","21:00 - 21:59","2023-08-07 00:00:00","2023-08-07 00:00:00","2023-08-07 00:00:00","2023-08-07 00:00:00","2023-08-07 00:00:00","2023-08-07 00:00:00","Fly Time","0","2023-08-07 00:00:00","21","22","1","2023-08-07 00:00:00","19393","WN","N216WR","1784","1125904","30194","DAL","Dallas, TX","TX","Texas","1537002","34653","TUL","Tulsa, OK","OK","Oklahoma","23","8","4","9","65","51","238","1","0","0","0","0","0","Less Than 250 Miles"
"22:00 - 22:59","21:00 - 21:59","2023-08-07 00:00:00","2023-08-07 00:00:00","2023-08-07 00:00:00","2023-08-07 00:00:00","2023-08-07 00:00:00","2023-08-07 00:00:00","Carrier","17","2023-08-07 00:00:00","21","22","1","2023-08-07 00:00:00","19393","WN","N939WN","3295","1039707","30397","ATL","Atlanta, GA","GA","Georgia","1069302","30693","BNA","Nashville, TN","TN","Tennessee","28","15","5","17","70","59","214","1","17","0","0","0","0","Less Than 250 Miles"
"22:00 - 22:59","21:00 - 21:59","2023-08-07 00:00:00","2023-08-07 00:00:00","2023-08-07 00:00:00","2023-08-07 00:00:00","2023-08-07 00:00:00","2023-08-07 00:00:00","Carrier","44","2023-08-07 00:00:00","21","22","1","2023-08-07 00:00:00","19393","WN","N8837Q","61","1125904","30194","DAL","Dallas, TX","TX","Texas","1219103","31453","HOU","Houston, TX","TX","Texas","45","11","7","44","60","59","239","1","44","0","0","0","0","Less Than 250 Miles"
"22:00 - 22:59","21:00 - 21:59","2023-08-07 00:00:00","2023-08-07 00:00:00","2023-08-07 00:00:00","2023-08-07 00:00:00","2023-08-07 00:00:00","2023-08-07 00:00:00","Late Aircraft","64","2023-08-07 00:00:00","21","22","1","2023-08-07 00:00:00","19393","WN","N926WN","614","1468305","33214","SAT","San Antonio, TX","TX","Texas","1125904","30194","DAL","Dallas, TX","TX","Texas","64","7","16","64","70","70","247","1","0","0","0","0","64","Less Than 250 Miles"
"23:00 - 23:59","22:00 - 22:59","2023-08-07 00:00:00","2023-08-07 00:00:00","2023-08-07 00:00:00","2023-08-07 00:00:00","2023-08-07 00:00:00","2023-08-07 00:00:00","Fly Time","0","2023-08-07 00:00:00","22","23","1","2023-08-07 00:00:00","19393","WN","N7863A","2427","1129202","30325","DEN","Denver, CO","CO","Colorado","1110902","30189","COS","Colorado Springs, CO","CO","Colorado","16","11","7","6","50","40","73","1","0","0","0","0","0","Less Than 250 Miles"
"23:00 - 23:59","22:00 - 22:59","2023-08-07 00:00:00","2023-08-07 00:00:00","2023-08-07 00:00:00","2023-08-07 00:00:00","2023-08-07 00:00:00","2023-08-07 00:00:00","Fly Time","0","2023-08-07 00:00:00","22","23","1","2023-08-07 00:00:00","19393","WN","N7867A","224","1320402","31454","MCO","Orlando, FL","FL","Florida","1169706","32467","FLL","Fort Lauderdale, FL","FL","Florida","3","15","5","-4","65","58","177","1","0","0","0","0","0","Less Than 250 Miles"
"23:00 - 23:59","22:00 - 22:59","2023-08-07 00:00:00","2023-08-07 00:00:00","2023-08-07 00:00:00","2023-08-07 00:00:00","2023-08-07 00:00:00","2023-08-07 00:00:00","Late Aircraft","44","2023-08-07 00:00:00","22","23","1","2023-08-07 00:00:00","19393","WN","N8522P","2563","1501606","31123","STL","St. Louis, MO","MO","Missouri","1319801","33198","MCI","Kansas City, MO","MO","Missouri","47","13","9","44","65","62","237","1","0","0","0","0","44","Less Than 250 Miles"
"23:00 - 23:59","22:00 - 22:59","2023-08-07 00:00:00","2023-08-07 00:00:00","2023-08-07 00:00:00","2023-08-07 00:00:00","2023-08-07 00:00:00","2023-08-07 00:00:00","Fly Time","0","2023-08-07 00:00:00","22","23","1","2023-08-07 00:00:00","19393","WN","N8664J","184","1389101","32575","ONT","Ontario, CA","CA","California","1288904","32211","LAS","Las Vegas, NV","NV","Nevada","1","6","4","-15","65","49","197","1","0","0","0","0","0","Less Than 250 Miles"
"23:00 - 23:59","22:00 - 22:59","2023-08-07 00:00:00","2023-08-07 00:00:00","2023-08-07 00:00:00","2023-08-07 00:00:00","2023-08-07 00:00:00","2023-08-07 00:00:00","Fly Time","0","2023-08-07 00:00:00","22","23","1","2023-08-07 00:00:00","19393","WN","N904WN","43","1039707","30397","ATL","Atlanta, GA","GA","Georgia","1199603","31871","GSP","Greer, SC","SC","South Carolina","20","17","2","12","60","52","153","1","0","0","0","0","0","Less Than 250 Miles"
"23:00 - 23:59","22:00 - 22:59","2023-08-07 00:00:00","2023-08-07 00:00:00","2023-08-07 00:00:00","2023-08-07 00:00:00","2023-08-07 00:00:00","2023-08-07 00:00:00","Fly Time","0","2023-08-07 00:00:00","22","23","1","2023-08-07 00:00:00","19393","WN","N487WN","64","1219103","31453","HOU","Houston, TX","TX","Texas","1125904","30194","DAL","Dallas, TX","TX","Texas","13","6","3","-5","70","52","239","1","0","0","0","0","0","Less Than 250 Miles"
"08:00 - 08:59","07:00 - 07:59","2023-07-10 00:00:00","2023-07-10 00:00:00","2023-07-10 00:00:00","2023-07-10 00:00:00","2023-07-10 00:00:00","2023-07-10 00:00:00","Fly Time","0","2023-07-10 00:00:00","7","8","1","2023-07-10 00:00:00","19393","WN","N8882Q","2988","1288904","32211","LAS","Las Vegas, NV","NV","Nevada","1295407","32575","LGB","Long Beach, CA","CA","California","7","15","4","-2","70","61","231","1","0","0","0","0","0","Less Than 250 Miles"
"09:00 - 09:59","08:00 - 08:59","2023-07-10 00:00:00","2023-07-10 00:00:00","2023-07-10 00:00:00","2023-07-10 00:00:00","2023-07-10 00:00:00","2023-07-10 00:00:00","Fly Time","0","2023-07-10 00:00:00","8","9","1","2023-07-10 00:00:00","19393","WN","N287WN","3165","1501606","31123","STL","St. Louis, MO","MO","Missouri","1319801","33198","MCI","Kansas City, MO","MO","Missouri","11","10","3","4","60","53","237","1","0","0","0","0","0","Less Than 250 Miles"
"09:00 - 09:59","08:00 - 08:59","2023-07-10 00:00:00","2023-07-10 00:00:00","2023-07-10 00:00:00","2023-07-10 00:00:00","2023-07-10 00:00:00","2023-07-10 00:00:00","Fly Time","0","2023-07-10 00:00:00","8","9","1","2023-07-10 00:00:00","19393","WN","N451WN","3172","1295407","32575","LGB","Long Beach, CA","CA","California","1288904","32211","LAS","Las Vegas, NV","NV","Nevada","10","20","3","9","70","69","231","1","0","0","0","0","0","Less Than 250 Miles"
"09:00 - 09:59","08:00 - 08:59","2023-07-10 00:00:00","2023-07-10 00:00:00","2023-07-10 00:00:00","2023-07-10 00:00:00","2023-07-10 00:00:00","2023-07-10 00:00:00","Fly Time","0","2023-07-10 00:00:00","8","9","1","2023-07-10 00:00:00","19393","WN","N298WN","3218","1125904","30194","DAL","Dallas, TX","TX","Texas","1226603","31453","IAH","Houston, TX","TX","Texas","1","12","4","-4","65","60","216","1","0","0","0","0","0","Less Than 250 Miles"
"09:00 - 09:59","08:00 - 08:59","2023-07-10 00:00:00","2023-07-10 00:00:00","2023-07-10 00:00:00","2023-07-10 00:00:00","2023-07-10 00:00:00","2023-07-10 00:00:00","Fly Time","0","2023-07-10 00:00:00","8","9","1","2023-07-10 00:00:00","19393","WN","N8814K","3376","1219103","31453","HOU","Houston, TX","TX","Texas","1468305","33214","SAT","San Antonio, TX","TX","Texas","4","16","4","1","60","57","192","1","0","0","0","0","0","Less Than 250 Miles"
"09:00 - 09:59","08:00 - 08:59","2023-07-10 00:00:00","2023-07-10 00:00:00","2023-07-10 00:00:00","2023-07-10 00:00:00","2023-07-10 00:00:00","2023-07-10 00:00:00","Carrier","85","2023-07-10 00:00:00","8","9","1","2023-07-10 00:00:00","19393","WN","N7876A","3096","1125904","30194","DAL","Dallas, TX","TX","Texas","1042302","30423","AUS","Austin, TX","TX","Texas","89","17","4","85","60","56","189","1","85","0","0","0","0","Less Than 250 Miles"
"09:00 - 09:59","08:00 - 08:59","2023-07-10 00:00:00","2023-07-10 00:00:00","2023-07-10 00:00:00","2023-07-10 00:00:00","2023-07-10 00:00:00","2023-07-10 00:00:00","Fly Time","0","2023-07-10 00:00:00","8","9","1","2023-07-10 00:00:00","19393","WN","N8644C","3495","1082106","30852","BWI","Baltimore, MD","MD","Maryland","1393102","33667","ORF","Norfolk, VA","VA","Virginia","6","11","2","1","55","50","159","1","0","0","0","0","0","Less Than 250 Miles"
"10:00 - 10:59","09:00 - 09:59","2023-07-10 00:00:00","2023-07-10 00:00:00","2023-07-10 00:00:00","2023-07-10 00:00:00","2023-07-10 00:00:00","2023-07-10 00:00:00","Fly Time","0","2023-07-10 00:00:00","9","10","1","2023-07-10 00:00:00","19393","WN","N8807L","3627","1320402","31454","MCO","Orlando, FL","FL","Florida","1169706","32467","FLL","Fort Lauderdale, FL","FL","Florida","1","9","6","-12","65","52","177","1","0","0","0","0","0","Less Than 250 Miles"
"10:00 - 10:59","09:00 - 09:59","2023-07-10 00:00:00","2023-07-10 00:00:00","2023-07-10 00:00:00","2023-07-10 00:00:00","2023-07-10 00:00:00","2023-07-10 00:00:00","Carrier","39","2023-07-10 00:00:00","9","10","1","2023-07-10 00:00:00","19393","WN","N8743K","2937","1042302","30423","AUS","Austin, TX","TX","Texas","1125904","30194","DAL","Dallas, TX","TX","Texas","36","13","4","39","60","63","189","1","30","0","3","0","6","Less Than 250 Miles"
"10:00 - 10:59","09:00 - 09:59","2023-07-10 00:00:00","2023-07-10 00:00:00","2023-07-10 00:00:00","2023-07-10 00:00:00","2023-07-10 00:00:00","2023-07-10 00:00:00","Late Aircraft","53","2023-07-10 00:00:00","9","10","1","2023-07-10 00:00:00","19393","WN","N7704B","2900","1125904","30194","DAL","Dallas, TX","TX","Texas","1468305","33214","SAT","San Antonio, TX","TX","Texas","59","18","4","53","70","64","247","1","10","0","0","0","43","Less Than 250 Miles"
"11:00 - 11:59","09:00 - 09:59","2023-07-10 00:00:00","2023-07-10 00:00:00","2023-07-10 00:00:00","2023-07-10 00:00:00","2023-07-10 00:00:00","2023-07-10 00:00:00","Fly Time","0","2023-07-10 00:00:00","9","11","1","2023-07-10 00:00:00","19393","WN","N569WN","4525","1288904","32211","LAS","Las Vegas, NV","NV","Nevada","1389101","32575","ONT","Ontario, CA","CA","California","2","31","5","7","65","70","197","1","0","0","0","0","0","Less Than 250 Miles"
"11:00 - 11:59","10:00 - 10:59","2023-07-10 00:00:00","2023-07-10 00:00:00","2023-07-10 00:00:00","2023-07-10 00:00:00","2023-07-10 00:00:00","2023-07-10 00:00:00","Fly Time","0","2023-07-10 00:00:00","10","11","1","2023-07-10 00:00:00","19393","WN","N8764Q","3576","1239103","31703","ISP","Islip, NY","NY","New York","1082106","30852","BWI","Baltimore, MD","MD","Maryland","15","10","3","10","70","65","220","1","0","0","0","0","0","Less Than 250 Miles"
"11:00 - 11:59","10:00 - 10:59","2023-07-10 00:00:00","2023-07-10 00:00:00","2023-07-10 00:00:00","2023-07-10 00:00:00","2023-07-10 00:00:00","2023-07-10 00:00:00","Fly Time","0","2023-07-10 00:00:00","10","11","1","2023-07-10 00:00:00","19393","WN","N8644C","3545","1393102","33667","ORF","Norfolk, VA","VA","Virginia","1082106","30852","BWI","Baltimore, MD","MD","Maryland","2","9","12","-1","60","57","159","1","0","0","0","0","0","Less Than 250 Miles"
"11:00 - 11:59","10:00 - 10:59","2023-07-10 00:00:00","2023-07-10 00:00:00","2023-07-10 00:00:00","2023-07-10 00:00:00","2023-07-10 00:00:00","2023-07-10 00:00:00","Fly Time","0","2023-07-10 00:00:00","10","11","1","2023-07-10 00:00:00","19393","WN","N8329B","3164","1125904","30194","DAL","Dallas, TX","TX","Texas","1468305","33214","SAT","San Antonio, TX","TX","Texas","1","18","4","-1","65","63","247","1","0","0","0","0","0","Less Than 250 Miles"
"12:00 - 12:59","11:00 - 11:59","2023-07-10 00:00:00","2023-07-10 00:00:00","2023-07-10 00:00:00","2023-07-10 00:00:00","2023-07-10 00:00:00","2023-07-10 00:00:00","Fly Time","0","2023-07-10 00:00:00","11","12","1","2023-07-10 00:00:00","19393","WN","N8841L","3343","1288904","32211","LAS","Las Vegas, NV","NV","Nevada","1389101","32575","ONT","Ontario, CA","CA","California","5","24","5","9","60","64","197","1","0","0","0","0","0","Less Than 250 Miles"
"12:00 - 12:59","11:00 - 11:59","2023-07-10 00:00:00","2023-07-10 00:00:00","2023-07-10 00:00:00","2023-07-10 00:00:00","2023-07-10 00:00:00","2023-07-10 00:00:00","Fly Time","0","2023-07-10 00:00:00","11","12","1","2023-07-10 00:00:00","19393","WN","N234WN","2903","1110902","30189","COS","Colorado Springs, CO","CO","Colorado","1129202","30325","DEN","Denver, CO","CO","Colorado","5","21","3","3","50","48","73","1","0","0","0","0","0","Less Than 250 Miles"
"12:00 - 12:59","11:00 - 11:59","2023-07-10 00:00:00","2023-07-10 00:00:00","2023-07-10 00:00:00","2023-07-10 00:00:00","2023-07-10 00:00:00","2023-07-10 00:00:00","Fly Time","0","2023-07-10 00:00:00","11","12","1","2023-07-10 00:00:00","19393","WN","N8792Q","3804","1298202","32982","LIH","Lihue, HI","HI","Hawaii","1217305","32134","HNL","Honolulu, HI","HI","Hawaii","6","10","3","0","40","34","102","1","0","0","0","0","0","Less Than 250 Miles"
"12:00 - 12:59","11:00 - 11:59","2023-07-10 00:00:00","2023-07-10 00:00:00","2023-07-10 00:00:00","2023-07-10 00:00:00","2023-07-10 00:00:00","2023-07-10 00:00:00","Airport System","51","2023-07-10 00:00:00","11","12","1","2023-07-10 00:00:00","19393","WN","N451WN","2950","1490803","32575","SNA","Santa Ana, CA","CA","California","1288904","32211","LAS","Las Vegas, NV","NV","Nevada","22","39","5","51","65","94","226","1","0","0","29","0","22","Less Than 250 Miles"
"12:00 - 12:59","11:00 - 11:59","2023-07-10 00:00:00","2023-07-10 00:00:00","2023-07-10 00:00:00","2023-07-10 00:00:00","2023-07-10 00:00:00","2023-07-10 00:00:00","Fly Time","0","2023-07-10 00:00:00","11","12","1","2023-07-10 00:00:00","19393","WN","N924WN","3222","1082106","30852","BWI","Baltimore, MD","MD","Maryland","1239103","31703","ISP","Islip, NY","NY","New York","11","9","3","0","70","59","220","1","0","0","0","0","0","Less Than 250 Miles"
"13:00 - 13:59","13:00 - 13:59","2023-07-10 00:00:00","2023-07-10 00:00:00","2023-07-10 00:00:00","2023-07-10 00:00:00","2023-07-10 00:00:00","2023-07-10 00:00:00","Fly Time","0","2023-07-10 00:00:00","13","13","1","2023-07-10 00:00:00","19393","WN","N872CB","3158","1143302","31295","DTW","Detroit, MI","MI","Michigan","1323202","30977","MDW","Chicago, IL","IL","Illinois","2","21","4","6","65","69","228","1","0","0","0","0","0","Less Than 250 Miles"
"14:00 - 14:59","13:00 - 13:59","2023-07-10 00:00:00","2023-07-10 00:00:00","2023-07-10 00:00:00","2023-07-10 00:00:00","2023-07-10 00:00:00","2023-07-10 00:00:00","Fly Time","0","2023-07-10 00:00:00","13","14","1","2023-07-10 00:00:00","19393","WN","N924WN","4566","1239103","31703","ISP","Islip, NY","NY","New York","1082106","30852","BWI","Baltimore, MD","MD","Maryland","12","8","3","1","75","64","220","1","0","0","0","0","0","Less Than 250 Miles"
"14:00 - 14:59","13:00 - 13:59","2023-07-10 00:00:00","2023-07-10 00:00:00","2023-07-10 00:00:00","2023-07-10 00:00:00","2023-07-10 00:00:00","2023-07-10 00:00:00","Fly Time","0","2023-07-10 00:00:00","13","14","1","2023-07-10 00:00:00","19393","WN","N8815L","4718","1289208","32575","LAX","Los Angeles, CA","CA","California","1288904","32211","LAS","Las Vegas, NV","NV","Nevada","8","16","4","4","70","66","236","1","0","0","0","0","0","Less Than 250 Miles"
"14:00 - 14:59","13:00 - 13:59","2023-07-10 00:00:00","2023-07-10 00:00:00","2023-07-10 00:00:00","2023-07-10 00:00:00","2023-07-10 00:00:00","2023-07-10 00:00:00","Fly Time","0","2023-07-10 00:00:00","13","14","1","2023-07-10 00:00:00","19393","WN","N8841L","2974","1389101","32575","ONT","Ontario, CA","CA","California","1288904","32211","LAS","Las Vegas, NV","NV","Nevada","0","24","4","13","60","73","197","1","0","0","0","0","0","Less Than 250 Miles"
"14:00 - 14:59","13:00 - 13:59","2023-07-10 00:00:00","2023-07-10 00:00:00","2023-07-10 00:00:00","2023-07-10 00:00:00","2023-07-10 00:00:00","2023-07-10 00:00:00","Fly Time","0","2023-07-10 00:00:00","13","14","1","2023-07-10 00:00:00","19393","WN","N8812Q","3099","1219103","31453","HOU","Houston, TX","TX","Texas","1042302","30423","AUS","Austin, TX","TX","Texas","10","9","5","3","50","43","148","1","0","0","0","0","0","Less Than 250 Miles"
"15:00 - 15:59","14:00 - 14:59","2023-07-10 00:00:00","2023-07-10 00:00:00","2023-07-10 00:00:00","2023-07-10 00:00:00","2023-07-10 00:00:00","2023-07-10 00:00:00","Fly Time","0","2023-07-10 00:00:00","14","15","1","2023-07-10 00:00:00","19393","WN","N220WN","3015","1288904","32211","LAS","Las Vegas, NV","NV","Nevada","1490803","32575","SNA","Santa Ana, CA","CA","California","1","24","4","3","65","67","226","1","0","0","0","0","0","Less Than 250 Miles"
"15:00 - 15:59","14:00 - 14:59","2023-07-10 00:00:00","2023-07-10 00:00:00","2023-07-10 00:00:00","2023-07-10 00:00:00","2023-07-10 00:00:00","2023-07-10 00:00:00","Fly Time","0","2023-07-10 00:00:00","14","15","1","2023-07-10 00:00:00","19393","WN","N8695D","3578","1501606","31123","STL","St. Louis, MO","MO","Missouri","1319801","33198","MCI","Kansas City, MO","MO","Missouri","5","11","3","-1","60","54","237","1","0","0","0","0","0","Less Than 250 Miles"
"15:00 - 15:59","14:00 - 14:59","2023-07-10 00:00:00","2023-07-10 00:00:00","2023-07-10 00:00:00","2023-07-10 00:00:00","2023-07-10 00:00:00","2023-07-10 00:00:00","Fly Time","0","2023-07-10 00:00:00","14","15","1","2023-07-10 00:00:00","19393","WN","N8707P","4900","1289208","32575","LAX","Los Angeles, CA","CA","California","1288904","32211","LAS","Las Vegas, NV","NV","Nevada","12","9","8","6","70","64","236","1","0","0","0","0","0","Less Than 250 Miles"
"15:00 - 15:59","14:00 - 14:59","2023-07-10 00:00:00","2023-07-10 00:00:00","2023-07-10 00:00:00","2023-07-10 00:00:00","2023-07-10 00:00:00","2023-07-10 00:00:00","Fly Time","0","2023-07-10 00:00:00","14","15","1","2023-07-10 00:00:00","19393","WN","N8708Q","3192","1295407","32575","LGB","Long Beach, CA","CA","California","1288904","32211","LAS","Las Vegas, NV","NV","Nevada","17","9","9","11","70","64","231","1","0","0","0","0","0","Less Than 250 Miles"
"16:00 - 16:59","15:00 - 15:59","2023-07-10 00:00:00","2023-07-10 00:00:00","2023-07-10 00:00:00","2023-07-10 00:00:00","2023-07-10 00:00:00","2023-07-10 00:00:00","Carrier","93","2023-07-10 00:00:00","15","16","1","2023-07-10 00:00:00","19393","WN","N7865A","4910","1288904","32211","LAS","Las Vegas, NV","NV","Nevada","1295407","32575","LGB","Long Beach, CA","CA","California","94","22","3","93","70","69","231","1","87","0","0","0","6","Less Than 250 Miles"
"16:00 - 16:59","15:00 - 15:59","2023-07-10 00:00:00","2023-07-10 00:00:00","2023-07-10 00:00:00","2023-07-10 00:00:00","2023-07-10 00:00:00","2023-07-10 00:00:00","Fly Time","0","2023-07-10 00:00:00","15","16","1","2023-07-10 00:00:00","19393","WN","N1802U","3112","1288904","32211","LAS","Las Vegas, NV","NV","Nevada","1389101","32575","ONT","Ontario, CA","CA","California","6","21","5","7","60","61","197","1","0","0","0","0","0","Less Than 250 Miles"
"16:00 - 16:59","15:00 - 15:59","2023-07-10 00:00:00","2023-07-10 00:00:00","2023-07-10 00:00:00","2023-07-10 00:00:00","2023-07-10 00:00:00","2023-07-10 00:00:00","Carrier","21","2023-07-10 00:00:00","15","16","1","2023-07-10 00:00:00","19393","WN","N8843S","4884","1288904","32211","LAS","Las Vegas, NV","NV","Nevada","1289208","32575","LAX","Los Angeles, CA","CA","California","21","24","6","21","70","70","236","1","21","0","0","0","0","Less Than 250 Miles"
"16:00 - 16:59","15:00 - 15:59","2023-07-10 00:00:00","2023-07-10 00:00:00","2023-07-10 00:00:00","2023-07-10 00:00:00","2023-07-10 00:00:00","2023-07-10 00:00:00","Fly Time","0","2023-07-10 00:00:00","15","16","1","2023-07-10 00:00:00","19393","WN","N1805U","3802","1217305","32134","HNL","Honolulu, HI","HI","Hawaii","1383002","33830","OGG","Kahului, HI","HI","Hawaii","15","13","4","3","50","38","100","1","0","0","0","0","0","Less Than 250 Miles"
"16:00 - 16:59","15:00 - 15:59","2023-07-10 00:00:00","2023-07-10 00:00:00","2023-07-10 00:00:00","2023-07-10 00:00:00","2023-07-10 00:00:00","2023-07-10 00:00:00","Fly Time","0","2023-07-10 00:00:00","15","16","1","2023-07-10 00:00:00","19393","WN","N8662F","3197","1393102","33667","ORF","Norfolk, VA","VA","Virginia","1082106","30852","BWI","Baltimore, MD","MD","Maryland","8","11","12","4","60","56","159","1","0","0","0","0","0","Less Than 250 Miles"
"16:00 - 16:59","15:00 - 15:59","2023-07-10 00:00:00","2023-07-10 00:00:00","2023-07-10 00:00:00","2023-07-10 00:00:00","2023-07-10 00:00:00","2023-07-10 00:00:00","Carrier","50","2023-07-10 00:00:00","15","16","1","2023-07-10 00:00:00","19393","WN","N7836A","3358","1082106","30852","BWI","Baltimore, MD","MD","Maryland","1239103","31703","ISP","Islip, NY","NY","New York","57","17","3","50","70","63","220","1","39","0","0","0","11","Less Than 250 Miles"
"17:00 - 17:59","16:00 - 16:59","2023-07-10 00:00:00","2023-07-10 00:00:00","2023-07-10 00:00:00","2023-07-10 00:00:00","2023-07-10 00:00:00","2023-07-10 00:00:00","Carrier","107","2023-07-10 00:00:00","16","17","1","2023-07-10 00:00:00","19393","WN","N7832A","3033","1129202","30325","DEN","Denver, CO","CO","Colorado","1110902","30189","COS","Colorado Springs, CO","CO","Colorado","115","20","5","107","50","42","73","1","107","0","0","0","0","Less Than 250 Miles"
"17:00 - 17:59","16:00 - 16:59","2023-07-10 00:00:00","2023-07-10 00:00:00","2023-07-10 00:00:00","2023-07-10 00:00:00","2023-07-10 00:00:00","2023-07-10 00:00:00","Late Aircraft","70","2023-07-10 00:00:00","16","17","1","2023-07-10 00:00:00","19393","WN","N8613K","2946","1219103","31453","HOU","Houston, TX","TX","Texas","1468305","33214","SAT","San Antonio, TX","TX","Texas","80","9","3","70","55","45","192","1","0","0","0","0","70","Less Than 250 Miles"
"18:00 - 18:59","15:00 - 15:59","2023-07-10 00:00:00","2023-07-10 00:00:00","2023-07-10 00:00:00","2023-07-10 00:00:00","2023-07-10 00:00:00","2023-07-10 00:00:00","Fly Time","0","2023-07-10 00:00:00","15","18","1","2023-07-10 00:00:00","19393","WN","N408WN","3888","1069302","30693","BNA","Nashville, TN","TN","Tennessee","1039707","30397","ATL","Atlanta, GA","GA","Georgia","7","14","6","0","65","58","214","1","0","0","0","0","0","Less Than 250 Miles"
"18:00 - 18:59","16:00 - 16:59","2023-07-10 00:00:00","2023-07-10 00:00:00","2023-07-10 00:00:00","2023-07-10 00:00:00","2023-07-10 00:00:00","2023-07-10 00:00:00","Late Aircraft","94","2023-07-10 00:00:00","16","18","1","2023-07-10 00:00:00","19393","WN","N7865A","4911","1295407","32575","LGB","Long Beach, CA","CA","California","1288904","32211","LAS","Las Vegas, NV","NV","Nevada","94","11","5","94","70","70","231","1","0","0","0","0","94","Less Than 250 Miles"
"18:00 - 18:59","17:00 - 17:59","2023-07-10 00:00:00","2023-07-10 00:00:00","2023-07-10 00:00:00","2023-07-10 00:00:00","2023-07-10 00:00:00","2023-07-10 00:00:00","Fly Time","0","2023-07-10 00:00:00","17","18","1","2023-07-10 00:00:00","19393","WN","N7822A","4549","1288904","32211","LAS","Las Vegas, NV","NV","Nevada","1080003","32575","BUR","Burbank, CA","CA","California","11","27","1","9","70","68","223","1","0","0","0","0","0","Less Than 250 Miles"
"18:00 - 18:59","17:00 - 17:59","2023-07-10 00:00:00","2023-07-10 00:00:00","2023-07-10 00:00:00","2023-07-10 00:00:00","2023-07-10 00:00:00","2023-07-10 00:00:00","Airport System","15","2023-07-10 00:00:00","17","18","1","2023-07-10 00:00:00","19393","WN","N467WN","4006","1288904","32211","LAS","Las Vegas, NV","NV","Nevada","1490803","32575","SNA","Santa Ana, CA","CA","California","6","31","3","15","65","74","226","1","6","0","9","0","0","Less Than 250 Miles"
"18:00 - 18:59","17:00 - 17:59","2023-07-10 00:00:00","2023-07-10 00:00:00","2023-07-10 00:00:00","2023-07-10 00:00:00","2023-07-10 00:00:00","2023-07-10 00:00:00","Carrier","47","2023-07-10 00:00:00","17","18","1","2023-07-10 00:00:00","19393","WN","N8760L","4926","1288904","32211","LAS","Las Vegas, NV","NV","Nevada","1289208","32575","LAX","Los Angeles, CA","CA","California","43","26","8","47","70","74","236","1","36","0","4","0","7","Less Than 250 Miles"
"18:00 - 18:59","17:00 - 17:59","2023-07-10 00:00:00","2023-07-10 00:00:00","2023-07-10 00:00:00","2023-07-10 00:00:00","2023-07-10 00:00:00","2023-07-10 00:00:00","Late Aircraft","82","2023-07-10 00:00:00","17","18","1","2023-07-10 00:00:00","19393","WN","N7832A","3056","1110902","30189","COS","Colorado Springs, CO","CO","Colorado","1129202","30325","DEN","Denver, CO","CO","Colorado","103","10","7","82","55","34","73","1","0","0","0","0","82","Less Than 250 Miles"
"18:00 - 18:59","17:00 - 17:59","2023-07-10 00:00:00","2023-07-10 00:00:00","2023-07-10 00:00:00","2023-07-10 00:00:00","2023-07-10 00:00:00","2023-07-10 00:00:00","Fly Time","0","2023-07-10 00:00:00","17","18","1","2023-07-10 00:00:00","19393","WN","N8554X","3004","1501606","31123","STL","St. Louis, MO","MO","Missouri","1319801","33198","MCI","Kansas City, MO","MO","Missouri","15","12","5","12","60","57","237","1","0","0","0","0","0","Less Than 250 Miles"
"18:00 - 18:59","17:00 - 17:59","2023-07-10 00:00:00","2023-07-10 00:00:00","2023-07-10 00:00:00","2023-07-10 00:00:00","2023-07-10 00:00:00","2023-07-10 00:00:00","Late Aircraft","40","2023-07-10 00:00:00","17","18","1","2023-07-10 00:00:00","19393","WN","N8843S","3296","1289208","32575","LAX","Los Angeles, CA","CA","California","1288904","32211","LAS","Las Vegas, NV","NV","Nevada","35","20","4","40","65","70","236","1","12","0","5","0","23","Less Than 250 Miles"
"18:00 - 18:59","17:00 - 17:59","2023-07-10 00:00:00","2023-07-10 00:00:00","2023-07-10 00:00:00","2023-07-10 00:00:00","2023-07-10 00:00:00","2023-07-10 00:00:00","Fly Time","0","2023-07-10 00:00:00","17","18","1","2023-07-10 00:00:00","19393","WN","N903WN","3532","1125904","30194","DAL","Dallas, TX","TX","Texas","1468305","33214","SAT","San Antonio, TX","TX","Texas","1","8","2","-14","65","50","247","1","0","0","0","0","0","Less Than 250 Miles"
"18:00 - 18:59","17:00 - 17:59","2023-07-10 00:00:00","2023-07-10 00:00:00","2023-07-10 00:00:00","2023-07-10 00:00:00","2023-07-10 00:00:00","2023-07-10 00:00:00","Fly Time","0","2023-07-10 00:00:00","17","18","1","2023-07-10 00:00:00","19393","WN","N8537Z","3257","1468305","33214","SAT","San Antonio, TX","TX","Texas","1125904","30194","DAL","Dallas, TX","TX","Texas","3","9","3","-1","70","66","247","1","0","0","0","0","0","Less Than 250 Miles"
"19:00 - 19:59","18:00 - 18:59","2023-07-10 00:00:00","2023-07-10 00:00:00","2023-07-10 00:00:00","2023-07-10 00:00:00","2023-07-10 00:00:00","2023-07-10 00:00:00","Airport System","29","2023-07-10 00:00:00","18","19","1","2023-07-10 00:00:00","19393","WN","N919WN","4846","1320402","31454","MCO","Orlando, FL","FL","Florida","1169706","32467","FLL","Fort Lauderdale, FL","FL","Florida","8","37","4","29","65","86","177","1","0","0","21","0","8","Less Than 250 Miles"
"19:00 - 19:59","18:00 - 18:59","2023-07-10 00:00:00","2023-07-10 00:00:00","2023-07-10 00:00:00","2023-07-10 00:00:00","2023-07-10 00:00:00","2023-07-10 00:00:00","Fly Time","0","2023-07-10 00:00:00","18","19","1","2023-07-10 00:00:00","19393","WN","N205WN","3275","1080003","32575","BUR","Burbank, CA","CA","California","1288904","32211","LAS","Las Vegas, NV","NV","Nevada","13","10","4","6","65","58","223","1","0","0","0","0","0","Less Than 250 Miles"
"19:00 - 19:59","18:00 - 18:59","2023-07-10 00:00:00","2023-07-10 00:00:00","2023-07-10 00:00:00","2023-07-10 00:00:00","2023-07-10 00:00:00","2023-07-10 00:00:00","Late Aircraft","75","2023-07-10 00:00:00","18","19","1","2023-07-10 00:00:00","19393","WN","N959WN","2893","1490803","32575","SNA","Santa Ana, CA","CA","California","1288904","32211","LAS","Las Vegas, NV","NV","Nevada","83","10","7","75","70","62","226","1","7","0","0","0","68","Less Than 250 Miles"
"19:00 - 19:59","18:00 - 18:59","2023-07-10 00:00:00","2023-07-10 00:00:00","2023-07-10 00:00:00","2023-07-10 00:00:00","2023-07-10 00:00:00","2023-07-10 00:00:00","Fly Time","0","2023-07-10 00:00:00","18","19","1","2023-07-10 00:00:00","19393","WN","N7827A","4176","1125904","30194","DAL","Dallas, TX","TX","Texas","1468305","33214","SAT","San Antonio, TX","TX","Texas","2","11","2","-9","65","54","247","1","0","0","0","0","0","Less Than 250 Miles"
"19:00 - 19:59","18:00 - 18:59","2023-07-10 00:00:00","2023-07-10 00:00:00","2023-07-10 00:00:00","2023-07-10 00:00:00","2023-07-10 00:00:00","2023-07-10 00:00:00","Fly Time","0","2023-07-10 00:00:00","18","19","1","2023-07-10 00:00:00","19393","WN","N8685B","3103","1125904","30194","DAL","Dallas, TX","TX","Texas","1042302","30423","AUS","Austin, TX","TX","Texas","7","8","6","-2","55","46","189","1","0","0","0","0","0","Less Than 250 Miles"
"20:00 - 20:59","19:00 - 19:59","2023-07-10 00:00:00","2023-07-10 00:00:00","2023-07-10 00:00:00","2023-07-10 00:00:00","2023-07-10 00:00:00","2023-07-10 00:00:00","Late Aircraft","20","2023-07-10 00:00:00","19","20","1","2023-07-10 00:00:00","19393","WN","N7817J","3128","1288904","32211","LAS","Las Vegas, NV","NV","Nevada","1490803","32575","SNA","Santa Ana, CA","CA","California","34","10","3","20","65","51","226","1","0","0","0","0","20","Less Than 250 Miles"
"20:00 - 20:59","19:00 - 19:59","2023-07-10 00:00:00","2023-07-10 00:00:00","2023-07-10 00:00:00","2023-07-10 00:00:00","2023-07-10 00:00:00","2023-07-10 00:00:00","Fly Time","0","2023-07-10 00:00:00","19","20","1","2023-07-10 00:00:00","19393","WN","N969WN","3034","1457002","34570","RNO","Reno, NV","NV","Nevada","1483106","32457","SJC","San Jose, CA","CA","California","14","10","5","10","65","61","188","1","0","0","0","0","0","Less Than 250 Miles"
"21:00 - 21:59","20:00 - 20:59","2023-07-10 00:00:00","2023-07-10 00:00:00","2023-07-10 00:00:00","2023-07-10 00:00:00","2023-07-10 00:00:00","2023-07-10 00:00:00","Late Aircraft","56","2023-07-10 00:00:00","20","21","1","2023-07-10 00:00:00","19393","WN","N7876A","4242","1288904","32211","LAS","Las Vegas, NV","NV","Nevada","1389101","32575","ONT","Ontario, CA","CA","California","65","11","6","56","60","51","197","1","2","0","0","0","54","Less Than 250 Miles"
"21:00 - 21:59","20:00 - 20:59","2023-07-10 00:00:00","2023-07-10 00:00:00","2023-07-10 00:00:00","2023-07-10 00:00:00","2023-07-10 00:00:00","2023-07-10 00:00:00","Fly Time","0","2023-07-10 00:00:00","20","21","1","2023-07-10 00:00:00","19393","WN","N922WN","4370","1288904","32211","LAS","Las Vegas, NV","NV","Nevada","1289208","32575","LAX","Los Angeles, CA","CA","California","10","17","7","4","70","64","236","1","0","0","0","0","0","Less Than 250 Miles"
"21:00 - 21:59","20:00 - 20:59","2023-07-10 00:00:00","2023-07-10 00:00:00","2023-07-10 00:00:00","2023-07-10 00:00:00","2023-07-10 00:00:00","2023-07-10 00:00:00","Airport System","82","2023-07-10 00:00:00","20","21","1","2023-07-10 00:00:00","19393","WN","N7850B","4582","1288904","32211","LAS","Las Vegas, NV","NV","Nevada","1080003","32575","BUR","Burbank, CA","CA","California","36","19","49","82","65","111","223","1","0","0","46","0","36","Less Than 250 Miles"
"21:00 - 21:59","20:00 - 20:59","2023-07-10 00:00:00","2023-07-10 00:00:00","2023-07-10 00:00:00","2023-07-10 00:00:00","2023-07-10 00:00:00","2023-07-10 00:00:00","Late Aircraft","25","2023-07-10 00:00:00","20","21","1","2023-07-10 00:00:00","19393","WN","N8719Q","4984","1042302","30423","AUS","Austin, TX","TX","Texas","1125904","30194","DAL","Dallas, TX","TX","Texas","31","11","5","25","60","54","189","1","6","0","0","0","19","Less Than 250 Miles"
"22:00 - 22:59","19:00 - 19:59","2023-07-10 00:00:00","2023-07-10 00:00:00","2023-07-10 00:00:00","2023-07-10 00:00:00","2023-07-10 00:00:00","2023-07-10 00:00:00","Fly Time","0","2023-07-10 00:00:00","19","22","1","2023-07-10 00:00:00","19393","WN","N8674B","4186","1323202","30977","MDW","Chicago, IL","IL","Illinois","1143302","31295","DTW","Detroit, MI","MI","Michigan","10","9","7","1","65","56","228","1","0","0","0","0","0","Less Than 250 Miles"
"22:00 - 22:59","21:00 - 21:59","2023-07-10 00:00:00","2023-07-10 00:00:00","2023-07-10 00:00:00","2023-07-10 00:00:00","2023-07-10 00:00:00","2023-07-10 00:00:00","Late Aircraft","52","2023-07-10 00:00:00","21","22","1","2023-07-10 00:00:00","19393","WN","N8742M","3261","1289208","32575","LAX","Los Angeles, CA","CA","California","1288904","32211","LAS","Las Vegas, NV","NV","Nevada","51","15","6","52","65","66","236","1","0","0","1","0","51","Less Than 250 Miles"
"22:00 - 22:59","21:00 - 21:59","2023-07-10 00:00:00","2023-07-10 00:00:00","2023-07-10 00:00:00","2023-07-10 00:00:00","2023-07-10 00:00:00","2023-07-10 00:00:00","Carrier","59","2023-07-10 00:00:00","21","22","1","2023-07-10 00:00:00","19393","WN","N265WN","3547","1042302","30423","AUS","Austin, TX","TX","Texas","1125904","30194","DAL","Dallas, TX","TX","Texas","72","9","6","59","65","52","189","1","45","0","0","0","14","Less Than 250 Miles"
"06:00 - 06:59","00:01 - 05:59","2023-11-27 00:00:00","2023-11-27 00:00:00","2023-11-27 00:00:00","2023-11-27 00:00:00","2023-11-27 00:00:00","2023-11-27 00:00:00","Fly Time","0","2023-11-27 00:00:00","0","6","1","2023-11-27 00:00:00","19393","WN","N419WN","3073","1169706","32467","FLL","Fort Lauderdale, FL","FL","Florida","1530402","33195","TPA","Tampa, FL","FL","Florida","1","14","4","-6","60","53","197","1","0","0","0","0","0","Less Than 250 Miles"
"06:00 - 06:59","06:00 - 06:59","2023-11-27 00:00:00","2023-11-27 00:00:00","2023-11-27 00:00:00","2023-11-27 00:00:00","2023-11-27 00:00:00","2023-11-27 00:00:00","Fly Time","0","2023-11-27 00:00:00","6","6","1","2023-11-27 00:00:00","19393","WN","N293WN","697","1110902","30189","COS","Colorado Springs, CO","CO","Colorado","1129202","30325","DEN","Denver, CO","CO","Colorado","6","27","7","14","50","58","73","1","0","0","0","0","0","Less Than 250 Miles"
"06:00 - 06:59","06:00 - 06:59","2023-11-27 00:00:00","2023-11-27 00:00:00","2023-11-27 00:00:00","2023-11-27 00:00:00","2023-11-27 00:00:00","2023-11-27 00:00:00","Fly Time","0","2023-11-27 00:00:00","6","6","1","2023-11-27 00:00:00","19393","WN","N8882Q","1193","1143302","31295","DTW","Detroit, MI","MI","Michigan","1323202","30977","MDW","Chicago, IL","IL","Illinois","4","36","7","14","80","90","228","1","0","0","0","0","0","Less Than 250 Miles"
"07:00 - 07:59","06:00 - 06:59","2023-11-27 00:00:00","2023-11-27 00:00:00","2023-11-27 00:00:00","2023-11-27 00:00:00","2023-11-27 00:00:00","2023-11-27 00:00:00","Fly Time","0","2023-11-27 00:00:00","6","7","1","2023-11-27 00:00:00","19393","WN","N8324A","776","1457002","34570","RNO","Reno, NV","NV","Nevada","1379610","32457","OAK","Oakland, CA","CA","California","1","21","5","-8","70","61","181","1","0","0","0","0","0","Less Than 250 Miles"
"07:00 - 07:59","06:00 - 06:59","2023-11-27 00:00:00","2023-11-27 00:00:00","2023-11-27 00:00:00","2023-11-27 00:00:00","2023-11-27 00:00:00","2023-11-27 00:00:00","Fly Time","0","2023-11-27 00:00:00","6","7","1","2023-11-27 00:00:00","19393","WN","N8869L","152","1199603","31871","GSP","Greer, SC","SC","South Carolina","1039707","30397","ATL","Atlanta, GA","GA","Georgia","0","33","5","1","70","71","153","1","0","0","0","0","0","Less Than 250 Miles"
"07:00 - 07:59","06:00 - 06:59","2023-11-27 00:00:00","2023-11-27 00:00:00","2023-11-27 00:00:00","2023-11-27 00:00:00","2023-11-27 00:00:00","2023-11-27 00:00:00","Fly Time","0","2023-11-27 00:00:00","6","7","1","2023-11-27 00:00:00","19393","WN","N8739L","616","1240203","32402","ITO","Hilo, HI","HI","Hawaii","1217305","32134","HNL","Honolulu, HI","HI","Hawaii","0","11","4","1","55","56","216","1","0","0","0","0","0","Less Than 250 Miles"
"07:00 - 07:59","06:00 - 06:59","2023-11-27 00:00:00","2023-11-27 00:00:00","2023-11-27 00:00:00","2023-11-27 00:00:00","2023-11-27 00:00:00","2023-11-27 00:00:00","Fly Time","0","2023-11-27 00:00:00","6","7","1","2023-11-27 00:00:00","19393","WN","N8731J","672","1217305","32134","HNL","Honolulu, HI","HI","Hawaii","1275804","32758","KOA","Kona, HI","HI","Hawaii","0","17","4","1","50","51","163","1","0","0","0","0","0","Less Than 250 Miles"
"07:00 - 07:59","06:00 - 06:59","2023-11-27 00:00:00","2023-11-27 00:00:00","2023-11-27 00:00:00","2023-11-27 00:00:00","2023-11-27 00:00:00","2023-11-27 00:00:00","Carrier","17","2023-11-27 00:00:00","6","7","1","2023-11-27 00:00:00","19393","WN","N8745K","3226","1198603","31986","GRR","Grand Rapids, MI","MI","Michigan","1323202","30977","MDW","Chicago, IL","IL","Illinois","32","10","5","17","65","50","137","1","17","0","0","0","0","Less Than 250 Miles"
"07:00 - 07:59","06:00 - 06:59","2023-11-27 00:00:00","2023-11-27 00:00:00","2023-11-27 00:00:00","2023-11-27 00:00:00","2023-11-27 00:00:00","2023-11-27 00:00:00","Fly Time","0","2023-11-27 00:00:00","6","7","1","2023-11-27 00:00:00","19393","WN","N8791D","2130","1319801","33198","MCI","Kansas City, MO","MO","Missouri","1501606","31123","STL","St. Louis, MO","MO","Missouri","9","29","4","14","65","70","237","1","0","0","0","0","0","Less Than 250 Miles"
"07:00 - 07:59","06:00 - 06:59","2023-11-27 00:00:00","2023-11-27 00:00:00","2023-11-27 00:00:00","2023-11-27 00:00:00","2023-11-27 00:00:00","2023-11-27 00:00:00","Fly Time","0","2023-11-27 00:00:00","6","7","1","2023-11-27 00:00:00","19393","WN","N900WN","784","1537002","34653","TUL","Tulsa, OK","OK","Oklahoma","1125904","30194","DAL","Dallas, TX","TX","Texas","1","26","3","13","65","77","238","1","0","0","0","0","0","Less Than 250 Miles"
"07:00 - 07:59","06:00 - 06:59","2023-11-27 00:00:00","2023-11-27 00:00:00","2023-11-27 00:00:00","2023-11-27 00:00:00","2023-11-27 00:00:00","2023-11-27 00:00:00","Fly Time","0","2023-11-27 00:00:00","6","7","1","2023-11-27 00:00:00","19393","WN","N8582Z","1636","1219103","31453","HOU","Houston, TX","TX","Texas","1125904","30194","DAL","Dallas, TX","TX","Texas","1","12","7","-9","70","60","239","1","0","0","0","0","0","Less Than 250 Miles"
"07:00 - 07:59","06:00 - 06:59","2023-11-28 00:00:00","2023-11-28 00:00:00","2023-11-27 00:00:00","2023-11-28 00:00:00","2023-11-27 00:00:00","2023-11-27 00:00:00","Fly Time","0","2023-11-27 00:00:00","6","7","1","2023-11-27 00:00:00","19393","WN","N8766T","547","1217305","32134","HNL","Honolulu, HI","HI","Hawaii","1240203","32402","ITO","Hilo, HI","HI","Hawaii","-2","18","5","1","60","63","216","1","0","0","0","0","0","Less Than 250 Miles"
"07:00 - 07:59","06:00 - 06:59","2023-11-28 00:00:00","2023-11-28 00:00:00","2023-11-27 00:00:00","2023-11-28 00:00:00","2023-11-27 00:00:00","2023-11-27 00:00:00","Fly Time","0","2023-11-27 00:00:00","6","7","1","2023-11-27 00:00:00","19393","WN","N8507C","3515","1125904","30194","DAL","Dallas, TX","TX","Texas","1042302","30423","AUS","Austin, TX","TX","Texas","-1","22","4","2","60","63","189","1","0","0","0","0","0","Less Than 250 Miles"
"07:00 - 07:59","06:00 - 06:59","2023-12-04 00:00:00","2023-12-04 00:00:00","2023-12-04 00:00:00","2023-12-04 00:00:00","2023-12-04 00:00:00","2023-12-04 00:00:00","Airport System","200","2023-12-04 00:00:00","6","7","1","2023-12-04 00:00:00","19393","WN","N8322X","776","1457002","34570","RNO","Reno, NV","NV","Nevada","1379610","32457","OAK","Oakland, CA","CA","California","220","8","4","200","75","55","181","1","0","0","200","0","0","Less Than 250 Miles"
"07:00 - 07:59","06:00 - 06:59","2023-12-04 00:00:00","2023-12-04 00:00:00","2023-12-04 00:00:00","2023-12-04 00:00:00","2023-12-04 00:00:00","2023-12-04 00:00:00","Fly Time","0","2023-12-04 00:00:00","6","7","1","2023-12-04 00:00:00","19393","WN","N8762Q","672","1217305","32134","HNL","Honolulu, HI","HI","Hawaii","1275804","32758","KOA","Kona, HI","HI","Hawaii","2","14","4","-2","50","46","163","1","0","0","0","0","0","Less Than 250 Miles"
"07:00 - 07:59","06:00 - 06:59","2023-12-04 00:00:00","2023-12-04 00:00:00","2023-12-04 00:00:00","2023-12-04 00:00:00","2023-12-04 00:00:00","2023-12-04 00:00:00","Fly Time","0","2023-12-04 00:00:00","6","7","1","2023-12-04 00:00:00","19393","WN","N8788L","568","1275804","32758","KOA","Kona, HI","HI","Hawaii","1217305","32134","HNL","Honolulu, HI","HI","Hawaii","0","16","4","2","50","52","163","1","0","0","0","0","0","Less Than 250 Miles"
"07:00 - 07:59","06:00 - 06:59","2023-12-04 00:00:00","2023-12-04 00:00:00","2023-12-04 00:00:00","2023-12-04 00:00:00","2023-12-04 00:00:00","2023-12-04 00:00:00","Fly Time","0","2023-12-04 00:00:00","6","7","1","2023-12-04 00:00:00","19393","WN","N203WN","3413","1125904","30194","DAL","Dallas, TX","TX","Texas","1468305","33214","SAT","San Antonio, TX","TX","Texas","1","9","4","-5","65","59","247","1","0","0","0","0","0","Less Than 250 Miles"
"07:00 - 07:59","06:00 - 06:59","2023-12-05 00:00:00","2023-12-05 00:00:00","2023-12-04 00:00:00","2023-12-05 00:00:00","2023-12-04 00:00:00","2023-12-04 00:00:00","Fly Time","0","2023-12-04 00:00:00","6","7","1","2023-12-04 00:00:00","19393","WN","N8789Q","3786","1319801","33198","MCI","Kansas City, MO","MO","Missouri","1501606","31123","STL","St. Louis, MO","MO","Missouri","-2","26","5","10","60","72","237","1","0","0","0","0","0","Less Than 250 Miles"
"07:00 - 07:59","06:00 - 06:59","2023-12-11 00:00:00","2023-12-11 00:00:00","2023-12-11 00:00:00","2023-12-11 00:00:00","2023-12-11 00:00:00","2023-12-11 00:00:00","Fly Time","0","2023-12-11 00:00:00","6","7","1","2023-12-11 00:00:00","19393","WN","N223WN","419","1169706","32467","FLL","Fort Lauderdale, FL","FL","Florida","1320402","31454","MCO","Orlando, FL","FL","Florida","1","8","15","-4","60","55","177","1","0","0","0","0","0","Less Than 250 Miles"
"07:00 - 07:59","06:00 - 06:59","2023-12-11 00:00:00","2023-12-11 00:00:00","2023-12-11 00:00:00","2023-12-11 00:00:00","2023-12-11 00:00:00","2023-12-11 00:00:00","Fly Time","0","2023-12-11 00:00:00","6","7","1","2023-12-11 00:00:00","19393","WN","N8708Q","595","1217305","32134","HNL","Honolulu, HI","HI","Hawaii","1383002","33830","OGG","Kahului, HI","HI","Hawaii","1","15","5","-2","45","42","100","1","0","0","0","0","0","Less Than 250 Miles"
"07:00 - 07:59","06:00 - 06:59","2023-12-11 00:00:00","2023-12-11 00:00:00","2023-12-11 00:00:00","2023-12-11 00:00:00","2023-12-11 00:00:00","2023-12-11 00:00:00","Fly Time","0","2023-12-11 00:00:00","6","7","1","2023-12-11 00:00:00","19393","WN","N8539V","1316","1393102","33667","ORF","Norfolk, VA","VA","Virginia","1082106","30852","BWI","Baltimore, MD","MD","Maryland","6","10","4","-4","60","50","159","1","0","0","0","0","0","Less Than 250 Miles"
"07:00 - 07:59","06:00 - 06:59","2023-12-11 00:00:00","2023-12-11 00:00:00","2023-12-11 00:00:00","2023-12-11 00:00:00","2023-12-11 00:00:00","2023-12-11 00:00:00","Carrier","27","2023-12-11 00:00:00","6","7","1","2023-12-11 00:00:00","19393","WN","N7731A","369","1042302","30423","AUS","Austin, TX","TX","Texas","1219103","31453","HOU","Houston, TX","TX","Texas","25","24","3","27","55","57","148","1","25","0","2","0","0","Less Than 250 Miles"
"07:00 - 07:59","06:00 - 06:59","2023-12-11 00:00:00","2023-12-11 00:00:00","2023-12-11 00:00:00","2023-12-11 00:00:00","2023-12-11 00:00:00","2023-12-11 00:00:00","Fly Time","0","2023-12-11 00:00:00","6","7","1","2023-12-11 00:00:00","19393","WN","N8875B","1636","1219103","31453","HOU","Houston, TX","TX","Texas","1125904","30194","DAL","Dallas, TX","TX","Texas","1","9","6","-10","70","59","239","1","0","0","0","0","0","Less Than 250 Miles"
"07:00 - 07:59","07:00 - 07:59","2023-11-27 00:00:00","2023-11-27 00:00:00","2023-11-27 00:00:00","2023-11-27 00:00:00","2023-11-27 00:00:00","2023-11-27 00:00:00","Fly Time","0","2023-11-27 00:00:00","7","7","1","2023-11-27 00:00:00","19393","WN","N7861J","1030","1119302","33105","CVG","Cincinnati, OH","KY","Kentucky","1323202","30977","MDW","Chicago, IL","IL","Illinois","7","21","5","8","70","71","249","1","0","0","0","0","0","Less Than 250 Miles"
"07:00 - 07:59","07:00 - 07:59","2023-11-27 00:00:00","2023-11-27 00:00:00","2023-11-27 00:00:00","2023-11-27 00:00:00","2023-11-27 00:00:00","2023-11-27 00:00:00","Fly Time","0","2023-11-27 00:00:00","7","7","1","2023-11-27 00:00:00","19393","WN","N299WN","882","1039707","30397","ATL","Atlanta, GA","GA","Georgia","1069302","30693","BNA","Nashville, TN","TN","Tennessee","16","17","5","14","65","63","214","1","0","0","0","0","0","Less Than 250 Miles"
"07:00 - 07:59","07:00 - 07:59","2023-12-04 00:00:00","2023-12-04 00:00:00","2023-12-04 00:00:00","2023-12-04 00:00:00","2023-12-04 00:00:00","2023-12-04 00:00:00","Carrier","338","2023-12-04 00:00:00","7","7","1","2023-12-04 00:00:00","19393","WN","N7858A","665","1463502","31714","RSW","Fort Myers, FL","FL","Florida","1320402","31454","MCO","Orlando, FL","FL","Florida","312","46","7","338","55","81","133","1","312","0","26","0","0","Less Than 250 Miles"
"07:00 - 07:59","07:00 - 07:59","2023-12-12 00:00:00","2023-12-12 00:00:00","2023-12-11 00:00:00","2023-12-12 00:00:00","2023-12-11 00:00:00","2023-12-11 00:00:00","Fly Time","0","2023-12-11 00:00:00","7","7","1","2023-12-11 00:00:00","19393","WN","N8637A","1181","1198603","31986","GRR","Grand Rapids, MI","MI","Michigan","1323202","30977","MDW","Chicago, IL","IL","Illinois","-9","35","4","6","65","80","137","1","0","0","0","0","0","Less Than 250 Miles"
"08:00 - 08:59","07:00 - 07:59","2023-11-27 00:00:00","2023-11-27 00:00:00","2023-11-27 00:00:00","2023-11-27 00:00:00","2023-11-27 00:00:00","2023-11-27 00:00:00","Fly Time","0","2023-11-27 00:00:00","7","8","1","2023-11-27 00:00:00","19393","WN","N8507C","1045","1042302","30423","AUS","Austin, TX","TX","Texas","1125904","30194","DAL","Dallas, TX","TX","Texas","1","18","3","-4","60","55","189","1","0","0","0","0","0","Less Than 250 Miles"
"08:00 - 08:59","07:00 - 07:59","2023-12-04 00:00:00","2023-12-04 00:00:00","2023-12-04 00:00:00","2023-12-04 00:00:00","2023-12-04 00:00:00","2023-12-04 00:00:00","Fly Time","0","2023-12-04 00:00:00","7","8","1","2023-12-04 00:00:00","19393","WN","N7869A","1833","1288904","32211","LAS","Las Vegas, NV","NV","Nevada","1389101","32575","ONT","Ontario, CA","CA","California","18","9","3","4","60","46","197","1","0","0","0","0","0","Less Than 250 Miles"
"08:00 - 08:59","07:00 - 07:59","2023-12-04 00:00:00","2023-12-04 00:00:00","2023-12-04 00:00:00","2023-12-04 00:00:00","2023-12-04 00:00:00","2023-12-04 00:00:00","Airport System","33","2023-12-04 00:00:00","7","8","1","2023-12-04 00:00:00","19393","WN","N266WN","3266","1125904","30194","DAL","Dallas, TX","TX","Texas","1226603","31453","IAH","Houston, TX","TX","Texas","13","8","42","33","70","90","216","1","13","0","20","0","0","Less Than 250 Miles"
"08:00 - 08:59","07:00 - 07:59","2023-12-11 00:00:00","2023-12-11 00:00:00","2023-12-11 00:00:00","2023-12-11 00:00:00","2023-12-11 00:00:00","2023-12-11 00:00:00","Carrier","69","2023-12-11 00:00:00","7","8","1","2023-12-11 00:00:00","19393","WN","N8548P","2146","1288904","32211","LAS","Las Vegas, NV","NV","Nevada","1295407","32575","LGB","Long Beach, CA","CA","California","82","16","3","69","75","62","231","1","69","0","0","0","0","Less Than 250 Miles"
"08:00 - 08:59","07:00 - 07:59","2023-12-11 00:00:00","2023-12-11 00:00:00","2023-12-11 00:00:00","2023-12-11 00:00:00","2023-12-11 00:00:00","2023-12-11 00:00:00","Fly Time","0","2023-12-11 00:00:00","7","8","1","2023-12-11 00:00:00","19393","WN","N8530W","1369","1288904","32211","LAS","Las Vegas, NV","NV","Nevada","1289208","32575","LAX","Los Angeles, CA","CA","California","8","17","4","1","70","63","236","1","0","0","0","0","0","Less Than 250 Miles"
"08:00 - 08:59","07:00 - 07:59","2023-12-11 00:00:00","2023-12-11 00:00:00","2023-12-11 00:00:00","2023-12-11 00:00:00","2023-12-11 00:00:00","2023-12-11 00:00:00","Airport System","30","2023-12-11 00:00:00","7","8","1","2023-12-11 00:00:00","19393","WN","N8725L","159","1110902","30189","COS","Colorado Springs, CO","CO","Colorado","1129202","30325","DEN","Denver, CO","CO","Colorado","11","45","5","30","55","74","73","1","11","0","19","0","0","Less Than 250 Miles"
"08:00 - 08:59","07:00 - 07:59","2023-12-12 00:00:00","2023-12-12 00:00:00","2023-12-11 00:00:00","2023-12-12 00:00:00","2023-12-11 00:00:00","2023-12-11 00:00:00","Fly Time","0","2023-12-11 00:00:00","7","8","1","2023-12-11 00:00:00","19393","WN","N8859Q","2447","1042302","30423","AUS","Austin, TX","TX","Texas","1125904","30194","DAL","Dallas, TX","TX","Texas","-5","20","4","3","60","68","189","1","0","0","0","0","0","Less Than 250 Miles"
"08:00 - 08:59","08:00 - 08:59","2023-12-11 00:00:00","2023-12-11 00:00:00","2023-12-11 00:00:00","2023-12-11 00:00:00","2023-12-11 00:00:00","2023-12-11 00:00:00","Fly Time","0","2023-12-11 00:00:00","8","8","1","2023-12-11 00:00:00","19393","WN","N242WN","2081","1143302","31295","DTW","Detroit, MI","MI","Michigan","1323202","30977","MDW","Chicago, IL","IL","Illinois","3","11","6","-16","80","61","228","1","0","0","0","0","0","Less Than 250 Miles"
"09:00 - 09:59","07:00 - 07:59","2023-11-27 00:00:00","2023-11-27 00:00:00","2023-11-27 00:00:00","2023-11-27 00:00:00","2023-11-27 00:00:00","2023-11-27 00:00:00","Fly Time","0","2023-11-27 00:00:00","7","9","1","2023-11-27 00:00:00","19393","WN","N949WN","2997","1288904","32211","LAS","Las Vegas, NV","NV","Nevada","1080003","32575","BUR","Burbank, CA","CA","California","1","9","2","-7","70","62","223","1","0","0","0","0","0","Less Than 250 Miles"
"09:00 - 09:59","07:00 - 07:59","2023-11-27 00:00:00","2023-11-27 00:00:00","2023-11-27 00:00:00","2023-11-27 00:00:00","2023-11-27 00:00:00","2023-11-27 00:00:00","Fly Time","0","2023-11-27 00:00:00","7","9","1","2023-11-27 00:00:00","19393","WN","N7880D","2809","1295407","32575","LGB","Long Beach, CA","CA","California","1288904","32211","LAS","Las Vegas, NV","NV","Nevada","2","10","4","-15","70","53","231","1","0","0","0","0","0","Less Than 250 Miles"
"09:00 - 09:59","07:00 - 07:59","2023-12-04 00:00:00","2023-12-04 00:00:00","2023-12-04 00:00:00","2023-12-04 00:00:00","2023-12-04 00:00:00","2023-12-04 00:00:00","Fly Time","0","2023-12-04 00:00:00","7","9","1","2023-12-04 00:00:00","19393","WN","N464WN","830","1288904","32211","LAS","Las Vegas, NV","NV","Nevada","1080003","32575","BUR","Burbank, CA","CA","California","1","15","4","-12","75","62","223","1","0","0","0","0","0","Less Than 250 Miles"
"09:00 - 09:59","07:00 - 07:59","2023-12-04 00:00:00","2023-12-04 00:00:00","2023-12-04 00:00:00","2023-12-04 00:00:00","2023-12-04 00:00:00","2023-12-04 00:00:00","Fly Time","0","2023-12-04 00:00:00","7","9","1","2023-12-04 00:00:00","19393","WN","N7827A","459","1490803","32575","SNA","Santa Ana, CA","CA","California","1288904","32211","LAS","Las Vegas, NV","NV","Nevada","1","20","8","-8","80","71","226","1","0","0","0","0","0","Less Than 250 Miles"
"09:00 - 09:59","08:00 - 08:59","2023-11-27 00:00:00","2023-11-27 00:00:00","2023-11-27 00:00:00","2023-11-27 00:00:00","2023-11-27 00:00:00","2023-11-27 00:00:00","Fly Time","0","2023-11-27 00:00:00","8","9","1","2023-11-27 00:00:00","19393","WN","N497WN","901","1288904","32211","LAS","Las Vegas, NV","NV","Nevada","1490803","32575","SNA","Santa Ana, CA","CA","California","6","10","3","-12","70","52","226","1","0","0","0","0","0","Less Than 250 Miles"
"09:00 - 09:59","08:00 - 08:59","2023-11-27 00:00:00","2023-11-27 00:00:00","2023-11-27 00:00:00","2023-11-27 00:00:00","2023-11-27 00:00:00","2023-11-27 00:00:00","Fly Time","0","2023-11-27 00:00:00","8","9","1","2023-11-27 00:00:00","19393","WN","N1801U","1190","1275804","32758","KOA","Kona, HI","HI","Hawaii","1217305","32134","HNL","Honolulu, HI","HI","Hawaii","1","11","3","4","50","53","163","1","0","0","0","0","0","Less Than 250 Miles"
"09:00 - 09:59","08:00 - 08:59","2023-11-27 00:00:00","2023-11-27 00:00:00","2023-11-27 00:00:00","2023-11-27 00:00:00","2023-11-27 00:00:00","2023-11-27 00:00:00","Fly Time","0","2023-11-27 00:00:00","8","9","1","2023-11-27 00:00:00","19393","WN","N8741L","3751","1217305","32134","HNL","Honolulu, HI","HI","Hawaii","1275804","32758","KOA","Kona, HI","HI","Hawaii","2","15","4","-4","55","49","163","1","0","0","0","0","0","Less Than 250 Miles"
"09:00 - 09:59","08:00 - 08:59","2023-11-27 00:00:00","2023-11-27 00:00:00","2023-11-27 00:00:00","2023-11-27 00:00:00","2023-11-27 00:00:00","2023-11-27 00:00:00","Fly Time","0","2023-11-27 00:00:00","8","9","1","2023-11-27 00:00:00","19393","WN","N214WN","462","1379610","32457","OAK","Oakland, CA","CA","California","1457002","34570","RNO","Reno, NV","NV","Nevada","3","8","4","-10","60","47","181","1","0","0","0","0","0","Less Than 250 Miles"
"09:00 - 09:59","08:00 - 08:59","2023-11-27 00:00:00","2023-11-27 00:00:00","2023-11-27 00:00:00","2023-11-27 00:00:00","2023-11-27 00:00:00","2023-11-27 00:00:00","Late Aircraft","21","2023-11-27 00:00:00","8","9","1","2023-11-27 00:00:00","19393","WN","N968WN","3493","1219103","31453","HOU","Houston, TX","TX","Texas","1042302","30423","AUS","Austin, TX","TX","Texas","39","9","6","21","60","42","148","1","0","0","0","0","21","Less Than 250 Miles"
"09:00 - 09:59","08:00 - 08:59","2023-11-27 00:00:00","2023-11-27 00:00:00","2023-11-27 00:00:00","2023-11-27 00:00:00","2023-11-27 00:00:00","2023-11-27 00:00:00","Fly Time","0","2023-11-27 00:00:00","8","9","1","2023-11-27 00:00:00","19393","WN","N8830Q","487","1082106","30852","BWI","Baltimore, MD","MD","Maryland","1393102","33667","ORF","Norfolk, VA","VA","Virginia","7","24","4","8","60","61","159","1","0","0","0","0","0","Less Than 250 Miles"
"09:00 - 09:59","08:00 - 08:59","2023-12-04 00:00:00","2023-12-04 00:00:00","2023-12-04 00:00:00","2023-12-04 00:00:00","2023-12-04 00:00:00","2023-12-04 00:00:00","Fly Time","0","2023-12-04 00:00:00","8","9","1","2023-12-04 00:00:00","19393","WN","N8328A","948","1288904","32211","LAS","Las Vegas, NV","NV","Nevada","1389101","32575","ONT","Ontario, CA","CA","California","3","17","5","-1","60","56","197","1","0","0","0","0","0","Less Than 250 Miles"
"09:00 - 09:59","08:00 - 08:59","2023-12-04 00:00:00","2023-12-04 00:00:00","2023-12-04 00:00:00","2023-12-04 00:00:00","2023-12-04 00:00:00","2023-12-04 00:00:00","Fly Time","0","2023-12-04 00:00:00","8","9","1","2023-12-04 00:00:00","19393","WN","N788SA","408","1289208","32575","LAX","Los Angeles, CA","CA","California","1288904","32211","LAS","Las Vegas, NV","NV","Nevada","3","9","5","-8","70","59","236","1","0","0","0","0","0","Less Than 250 Miles"
"09:00 - 09:59","08:00 - 08:59","2023-12-04 00:00:00","2023-12-04 00:00:00","2023-12-04 00:00:00","2023-12-04 00:00:00","2023-12-04 00:00:00","2023-12-04 00:00:00","Fly Time","0","2023-12-04 00:00:00","8","9","1","2023-12-04 00:00:00","19393","WN","N8811L","2219","1295407","32575","LGB","Long Beach, CA","CA","California","1288904","32211","LAS","Las Vegas, NV","NV","Nevada","11","9","6","0","70","59","231","1","0","0","0","0","0","Less Than 250 Miles"
"09:00 - 09:59","08:00 - 08:59","2023-12-04 00:00:00","2023-12-04 00:00:00","2023-12-04 00:00:00","2023-12-04 00:00:00","2023-12-04 00:00:00","2023-12-04 00:00:00","Fly Time","0","2023-12-04 00:00:00","8","9","1","2023-12-04 00:00:00","19393","WN","N8507C","2591","1125904","30194","DAL","Dallas, TX","TX","Texas","1537002","34653","TUL","Tulsa, OK","OK","Oklahoma","8","13","5","1","65","58","238","1","0","0","0","0","0","Less Than 250 Miles"
"09:00 - 09:59","08:00 - 08:59","2023-12-04 00:00:00","2023-12-04 00:00:00","2023-12-04 00:00:00","2023-12-04 00:00:00","2023-12-04 00:00:00","2023-12-04 00:00:00","Fly Time","0","2023-12-04 00:00:00","8","9","1","2023-12-04 00:00:00","19393","WN","N8544Z","3493","1219103","31453","HOU","Houston, TX","TX","Texas","1042302","30423","AUS","Austin, TX","TX","Texas","6","10","3","-5","55","44","148","1","0","0","0","0","0","Less Than 250 Miles"
"09:00 - 09:59","08:00 - 08:59","2023-12-04 00:00:00","2023-12-04 00:00:00","2023-12-04 00:00:00","2023-12-04 00:00:00","2023-12-04 00:00:00","2023-12-04 00:00:00","Fly Time","0","2023-12-04 00:00:00","8","9","1","2023-12-04 00:00:00","19393","WN","N7821L","8","1219103","31453","HOU","Houston, TX","TX","Texas","1125904","30194","DAL","Dallas, TX","TX","Texas","6","16","4","4","65","63","239","1","0","0","0","0","0","Less Than 250 Miles"
"09:00 - 09:59","08:00 - 08:59","2023-12-04 00:00:00","2023-12-04 00:00:00","2023-12-04 00:00:00","2023-12-04 00:00:00","2023-12-04 00:00:00","2023-12-04 00:00:00","Airport System","17","2023-12-04 00:00:00","8","9","1","2023-12-04 00:00:00","19393","WN","N7744A","5","1125904","30194","DAL","Dallas, TX","TX","Texas","1219103","31453","HOU","Houston, TX","TX","Texas","27","10","5","17","70","60","239","1","0","0","16","0","1","Less Than 250 Miles"
"09:00 - 09:59","08:00 - 08:59","2023-12-04 00:00:00","2023-12-04 00:00:00","2023-12-04 00:00:00","2023-12-04 00:00:00","2023-12-04 00:00:00","2023-12-04 00:00:00","Fly Time","0","2023-12-04 00:00:00","8","9","1","2023-12-04 00:00:00","19393","WN","N8642E","2868","1219103","31453","HOU","Houston, TX","TX","Texas","1468305","33214","SAT","San Antonio, TX","TX","Texas","12","11","5","8","60","56","192","1","0","0","0","0","0","Less Than 250 Miles"
"09:00 - 09:59","08:00 - 08:59","2023-12-05 00:00:00","2023-12-05 00:00:00","2023-12-04 00:00:00","2023-12-05 00:00:00","2023-12-04 00:00:00","2023-12-04 00:00:00","Fly Time","0","2023-12-04 00:00:00","8","9","1","2023-12-04 00:00:00","19393","WN","N8762Q","1190","1275804","32758","KOA","Kona, HI","HI","Hawaii","1217305","32134","HNL","Honolulu, HI","HI","Hawaii","-6","17","4","2","50","58","163","1","0","0","0","0","0","Less Than 250 Miles"
"09:00 - 09:59","08:00 - 08:59","2023-12-11 00:00:00","2023-12-11 00:00:00","2023-12-11 00:00:00","2023-12-11 00:00:00","2023-12-11 00:00:00","2023-12-11 00:00:00","Fly Time","0","2023-12-11 00:00:00","8","9","1","2023-12-11 00:00:00","19393","WN","N7839A","2054","1288904","32211","LAS","Las Vegas, NV","NV","Nevada","1080003","32575","BUR","Burbank, CA","CA","California","4","22","1","2","70","68","223","1","0","0","0","0","0","Less Than 250 Miles"
"09:00 - 09:59","08:00 - 08:59","2023-12-11 00:00:00","2023-12-11 00:00:00","2023-12-11 00:00:00","2023-12-11 00:00:00","2023-12-11 00:00:00","2023-12-11 00:00:00","Airport System","15","2023-12-11 00:00:00","8","9","1","2023-12-11 00:00:00","19393","WN","N8653A","2119","1082106","30852","BWI","Baltimore, MD","MD","Maryland","1239103","31703","ISP","Islip, NY","NY","New York","0","38","3","15","70","85","220","1","0","0","15","0","0","Less Than 250 Miles"
"09:00 - 09:59","08:00 - 08:59","2023-12-11 00:00:00","2023-12-11 00:00:00","2023-12-11 00:00:00","2023-12-11 00:00:00","2023-12-11 00:00:00","2023-12-11 00:00:00","Fly Time","0","2023-12-11 00:00:00","8","9","1","2023-12-11 00:00:00","19393","WN","N922WN","8","1219103","31453","HOU","Houston, TX","TX","Texas","1125904","30194","DAL","Dallas, TX","TX","Texas","17","6","2","2","65","50","239","1","0","0","0","0","0","Less Than 250 Miles"
"09:00 - 09:59","08:00 - 08:59","2023-12-11 00:00:00","2023-12-11 00:00:00","2023-12-11 00:00:00","2023-12-11 00:00:00","2023-12-11 00:00:00","2023-12-11 00:00:00","Fly Time","0","2023-12-11 00:00:00","8","9","1","2023-12-11 00:00:00","19393","WN","N8796L","2868","1219103","31453","HOU","Houston, TX","TX","Texas","1468305","33214","SAT","San Antonio, TX","TX","Texas","18","11","4","13","60","55","192","1","0","0","0","0","0","Less Than 250 Miles"
"09:00 - 09:59","08:00 - 08:59","2023-12-11 00:00:00","2023-12-11 00:00:00","2023-12-11 00:00:00","2023-12-11 00:00:00","2023-12-11 00:00:00","2023-12-11 00:00:00","Fly Time","0","2023-12-11 00:00:00","8","9","1","2023-12-11 00:00:00","19393","WN","N8807L","1919","1125904","30194","DAL","Dallas, TX","TX","Texas","1042302","30423","AUS","Austin, TX","TX","Texas","2","9","5","-11","60","47","189","1","0","0","0","0","0","Less Than 250 Miles"
"09:00 - 09:59","09:00 - 09:59","2023-11-27 00:00:00","2023-11-27 00:00:00","2023-11-27 00:00:00","2023-11-27 00:00:00","2023-11-27 00:00:00","2023-11-27 00:00:00","Fly Time","0","2023-11-27 00:00:00","9","9","1","2023-11-27 00:00:00","19393","WN","N8766T","1242","1240203","32402","ITO","Hilo, HI","HI","Hawaii","1217305","32134","HNL","Honolulu, HI","HI","Hawaii","1","12","4","4","55","58","216","1","0","0","0","0","0","Less Than 250 Miles"
"07:00 - 07:59","06:00 - 06:59","2023-01-16 00:00:00","2023-01-16 00:00:00","2023-01-16 00:00:00","2023-01-16 00:00:00","2023-01-16 00:00:00","2023-01-16 00:00:00","Fly Time","0","2023-01-16 00:00:00","6","7","1","2023-01-16 00:00:00","19393","WN","N958WN","1146","1288904","32211","LAS","Las Vegas, NV","NV","Nevada","1080003","32575","BUR","Burbank, CA","CA","California","5","19","1","-1","75","69","223","1","0","0","0","0","0","Less Than 250 Miles"
"07:00 - 07:59","06:00 - 06:59","2023-01-16 00:00:00","2023-01-16 00:00:00","2023-01-16 00:00:00","2023-01-16 00:00:00","2023-01-16 00:00:00","2023-01-16 00:00:00","Fly Time","0","2023-01-16 00:00:00","6","7","1","2023-01-16 00:00:00","19393","WN","N8612K","2737","1288904","32211","LAS","Las Vegas, NV","NV","Nevada","1289208","32575","LAX","Los Angeles, CA","CA","California","6","15","7","3","70","67","236","1","0","0","0","0","0","Less Than 250 Miles"
"07:00 - 07:59","06:00 - 06:59","2023-01-16 00:00:00","2023-01-16 00:00:00","2023-01-16 00:00:00","2023-01-16 00:00:00","2023-01-16 00:00:00","2023-01-16 00:00:00","Fly Time","0","2023-01-16 00:00:00","6","7","1","2023-01-16 00:00:00","19393","WN","N8729H","1228","1240203","32402","ITO","Hilo, HI","HI","Hawaii","1217305","32134","HNL","Honolulu, HI","HI","Hawaii","1","10","5","-2","55","52","216","1","0","0","0","0","0","Less Than 250 Miles"
"07:00 - 07:59","06:00 - 06:59","2023-01-16 00:00:00","2023-01-16 00:00:00","2023-01-16 00:00:00","2023-01-16 00:00:00","2023-01-16 00:00:00","2023-01-16 00:00:00","Fly Time","0","2023-01-16 00:00:00","6","7","1","2023-01-16 00:00:00","19393","WN","N8772M","1253","1275804","32758","KOA","Kona, HI","HI","Hawaii","1217305","32134","HNL","Honolulu, HI","HI","Hawaii","1","20","6","6","50","55","163","1","0","0","0","0","0","Less Than 250 Miles"
"07:00 - 07:59","06:00 - 06:59","2023-01-16 00:00:00","2023-01-16 00:00:00","2023-01-16 00:00:00","2023-01-16 00:00:00","2023-01-16 00:00:00","2023-01-16 00:00:00","Fly Time","0","2023-01-16 00:00:00","6","7","1","2023-01-16 00:00:00","19393","WN","N8659D","944","1143302","31295","DTW","Detroit, MI","MI","Michigan","1323202","30977","MDW","Chicago, IL","IL","Illinois","2","27","5","-9","95","84","228","1","0","0","0","0","0","Less Than 250 Miles"
"07:00 - 07:59","06:00 - 06:59","2023-01-16 00:00:00","2023-01-16 00:00:00","2023-01-16 00:00:00","2023-01-16 00:00:00","2023-01-16 00:00:00","2023-01-16 00:00:00","Fly Time","0","2023-01-16 00:00:00","6","7","1","2023-01-16 00:00:00","19393","WN","N445WN","1351","1393102","33667","ORF","Norfolk, VA","VA","Virginia","1082106","30852","BWI","Baltimore, MD","MD","Maryland","4","10","4","-6","60","50","159","1","0","0","0","0","0","Less Than 250 Miles"
"07:00 - 07:59","06:00 - 06:59","2023-01-16 00:00:00","2023-01-16 00:00:00","2023-01-16 00:00:00","2023-01-16 00:00:00","2023-01-16 00:00:00","2023-01-16 00:00:00","Fly Time","0","2023-01-16 00:00:00","6","7","1","2023-01-16 00:00:00","19393","WN","N558WN","2067","1468305","33214","SAT","San Antonio, TX","TX","Texas","1219103","31453","HOU","Houston, TX","TX","Texas","4","19","5","-2","65","59","192","1","0","0","0","0","0","Less Than 250 Miles"
"07:00 - 07:59","06:00 - 06:59","2023-01-17 00:00:00","2023-01-17 00:00:00","2023-01-16 00:00:00","2023-01-17 00:00:00","2023-01-16 00:00:00","2023-01-16 00:00:00","Fly Time","0","2023-01-16 00:00:00","6","7","1","2023-01-16 00:00:00","19393","WN","N8792Q","1045","1217305","32134","HNL","Honolulu, HI","HI","Hawaii","1240203","32402","ITO","Hilo, HI","HI","Hawaii","-2","27","4","7","60","69","216","1","0","0","0","0","0","Less Than 250 Miles"
"07:00 - 07:59","06:00 - 06:59","2023-01-17 00:00:00","2023-01-17 00:00:00","2023-01-16 00:00:00","2023-01-17 00:00:00","2023-01-16 00:00:00","2023-01-16 00:00:00","Fly Time","0","2023-01-16 00:00:00","6","7","1","2023-01-16 00:00:00","19393","WN","N7880D","599","1125904","30194","DAL","Dallas, TX","TX","Texas","1042302","30423","AUS","Austin, TX","TX","Texas","-3","8","27","2","65","70","189","1","0","0","0","0","0","Less Than 250 Miles"
"08:00 - 08:59","06:00 - 06:59","2023-01-16 00:00:00","2023-01-16 00:00:00","2023-01-16 00:00:00","2023-01-16 00:00:00","2023-01-16 00:00:00","2023-01-16 00:00:00","Fly Time","0","2023-01-16 00:00:00","6","8","1","2023-01-16 00:00:00","19393","WN","N291WN","418","1288904","32211","LAS","Las Vegas, NV","NV","Nevada","1490803","32575","SNA","Santa Ana, CA","CA","California","17","12","3","7","70","60","226","1","0","0","0","0","0","Less Than 250 Miles"
"08:00 - 08:59","06:00 - 06:59","2023-01-16 00:00:00","2023-01-16 00:00:00","2023-01-16 00:00:00","2023-01-16 00:00:00","2023-01-16 00:00:00","2023-01-16 00:00:00","Airport System","29","2023-01-16 00:00:00","6","8","1","2023-01-16 00:00:00","19393","WN","N238WN","429","1457002","34570","RNO","Reno, NV","NV","Nevada","1379609","32457","OAK","Oakland, CA","CA","California","7","45","4","29","70","92","181","1","7","0","22","0","0","Less Than 250 Miles"
"08:00 - 08:59","06:00 - 06:59","2023-01-16 00:00:00","2023-01-16 00:00:00","2023-01-16 00:00:00","2023-01-16 00:00:00","2023-01-16 00:00:00","2023-01-16 00:00:00","Carrier","33","2023-01-16 00:00:00","6","8","1","2023-01-16 00:00:00","19393","WN","N8575Z","1364","1289208","32575","LAX","Los Angeles, CA","CA","California","1288904","32211","LAS","Las Vegas, NV","NV","Nevada","51","8","6","33","75","57","236","1","33","0","0","0","0","Less Than 250 Miles"
"08:00 - 08:59","07:00 - 07:59","2023-01-16 00:00:00","2023-01-16 00:00:00","2023-01-16 00:00:00","2023-01-16 00:00:00","2023-01-16 00:00:00","2023-01-16 00:00:00","Carrier","16","2023-01-16 00:00:00","7","8","1","2023-01-16 00:00:00","19393","WN","N252WN","2513","1288904","32211","LAS","Las Vegas, NV","NV","Nevada","1389101","32575","ONT","Ontario, CA","CA","California","21","9","6","16","60","55","197","1","14","0","0","0","2","Less Than 250 Miles"
"08:00 - 08:59","07:00 - 07:59","2023-01-16 00:00:00","2023-01-16 00:00:00","2023-01-16 00:00:00","2023-01-16 00:00:00","2023-01-16 00:00:00","2023-01-16 00:00:00","Carrier","80","2023-01-16 00:00:00","7","8","1","2023-01-16 00:00:00","19393","WN","N928WN","1435","1295407","32575","LGB","Long Beach, CA","CA","California","1288904","32211","LAS","Las Vegas, NV","NV","Nevada","75","22","6","80","70","75","231","1","75","0","5","0","0","Less Than 250 Miles"
"09:00 - 09:59","07:00 - 07:59","2023-01-16 00:00:00","2023-01-16 00:00:00","2023-01-16 00:00:00","2023-01-16 00:00:00","2023-01-16 00:00:00","2023-01-16 00:00:00","Late Aircraft","22","2023-01-16 00:00:00","7","9","1","2023-01-16 00:00:00","19393","WN","N288WN","2229","1288904","32211","LAS","Las Vegas, NV","NV","Nevada","1490803","32575","SNA","Santa Ana, CA","CA","California","16","21","3","22","65","71","226","1","0","0","6","0","16","Less Than 250 Miles"
"09:00 - 09:59","08:00 - 08:59","2023-01-16 00:00:00","2023-01-16 00:00:00","2023-01-16 00:00:00","2023-01-16 00:00:00","2023-01-16 00:00:00","2023-01-16 00:00:00","Fly Time","0","2023-01-16 00:00:00","8","9","1","2023-01-16 00:00:00","19393","WN","N7867A","814","1288904","32211","LAS","Las Vegas, NV","NV","Nevada","1289208","32575","LAX","Los Angeles, CA","CA","California","0","16","8","3","70","73","236","1","0","0","0","0","0","Less Than 250 Miles"
"10:00 - 10:59","09:00 - 09:59","2023-01-16 00:00:00","2023-01-16 00:00:00","2023-01-16 00:00:00","2023-01-16 00:00:00","2023-01-16 00:00:00","2023-01-16 00:00:00","Late Aircraft","23","2023-01-16 00:00:00","9","10","1","2023-01-16 00:00:00","19393","WN","N244WN","357","1288904","32211","LAS","Las Vegas, NV","NV","Nevada","1389101","32575","ONT","Ontario, CA","CA","California","21","20","3","23","60","62","197","1","5","0","2","0","16","Less Than 250 Miles"
"10:00 - 10:59","09:00 - 09:59","2023-01-16 00:00:00","2023-01-16 00:00:00","2023-01-16 00:00:00","2023-01-16 00:00:00","2023-01-16 00:00:00","2023-01-16 00:00:00","Fly Time","0","2023-01-16 00:00:00","9","10","1","2023-01-16 00:00:00","19393","WN","N239WN","2818","1320402","31454","MCO","Orlando, FL","FL","Florida","1169706","32467","FLL","Fort Lauderdale, FL","FL","Florida","3","13","4","-8","65","54","177","1","0","0","0","0","0","Less Than 250 Miles"
"10:00 - 10:59","09:00 - 09:59","2023-01-16 00:00:00","2023-01-16 00:00:00","2023-01-16 00:00:00","2023-01-16 00:00:00","2023-01-16 00:00:00","2023-01-16 00:00:00","Carrier","132","2023-01-16 00:00:00","9","10","1","2023-01-16 00:00:00","19393","WN","N457WN","1657","1319801","33198","MCI","Kansas City, MO","MO","Missouri","1501606","31123","STL","St. Louis, MO","MO","Missouri","148","8","4","132","65","49","237","1","132","0","0","0","0","Less Than 250 Miles"
"10:00 - 10:59","09:00 - 09:59","2023-01-16 00:00:00","2023-01-16 00:00:00","2023-01-16 00:00:00","2023-01-16 00:00:00","2023-01-16 00:00:00","2023-01-16 00:00:00","Fly Time","0","2023-01-16 00:00:00","9","10","1","2023-01-16 00:00:00","19393","WN","N8317M","2839","1389101","32575","ONT","Ontario, CA","CA","California","1288904","32211","LAS","Las Vegas, NV","NV","Nevada","1","16","4","-7","65","57","197","1","0","0","0","0","0","Less Than 250 Miles"
"10:00 - 10:59","09:00 - 09:59","2023-01-16 00:00:00","2023-01-16 00:00:00","2023-01-16 00:00:00","2023-01-16 00:00:00","2023-01-16 00:00:00","2023-01-16 00:00:00","Fly Time","0","2023-01-16 00:00:00","9","10","1","2023-01-16 00:00:00","19393","WN","N8814K","1134","1289208","32575","LAX","Los Angeles, CA","CA","California","1288904","32211","LAS","Las Vegas, NV","NV","Nevada","7","23","4","7","70","70","236","1","0","0","0","0","0","Less Than 250 Miles"
"10:00 - 10:59","09:00 - 09:59","2023-01-16 00:00:00","2023-01-16 00:00:00","2023-01-16 00:00:00","2023-01-16 00:00:00","2023-01-16 00:00:00","2023-01-16 00:00:00","Airport System","187","2023-01-16 00:00:00","9","10","1","2023-01-16 00:00:00","19393","WN","N757LV","562","1379609","32457","OAK","Oakland, CA","CA","California","1457002","34570","RNO","Reno, NV","NV","Nevada","191","9","5","187","55","51","181","1","0","0","187","0","0","Less Than 250 Miles"
"10:00 - 10:59","09:00 - 09:59","2023-01-16 00:00:00","2023-01-16 00:00:00","2023-01-16 00:00:00","2023-01-16 00:00:00","2023-01-16 00:00:00","2023-01-16 00:00:00","Fly Time","0","2023-01-16 00:00:00","9","10","1","2023-01-16 00:00:00","19393","WN","N211WN","362","1490803","32575","SNA","Santa Ana, CA","CA","California","1288904","32211","LAS","Las Vegas, NV","NV","Nevada","5","11","8","-6","75","64","226","1","0","0","0","0","0","Less Than 250 Miles"
"10:00 - 10:59","09:00 - 09:59","2023-01-17 00:00:00","2023-01-17 00:00:00","2023-01-16 00:00:00","2023-01-17 00:00:00","2023-01-16 00:00:00","2023-01-16 00:00:00","Fly Time","0","2023-01-16 00:00:00","9","10","1","2023-01-16 00:00:00","19393","WN","N8730Q","1570","1125904","30194","DAL","Dallas, TX","TX","Texas","1226603","31453","IAH","Houston, TX","TX","Texas","-2","19","6","2","70","74","216","1","0","0","0","0","0","Less Than 250 Miles"
"11:00 - 11:59","09:00 - 09:59","2023-01-16 00:00:00","2023-01-16 00:00:00","2023-01-16 00:00:00","2023-01-16 00:00:00","2023-01-16 00:00:00","2023-01-16 00:00:00","Fly Time","0","2023-01-16 00:00:00","9","11","1","2023-01-16 00:00:00","19393","WN","N473WN","245","1239103","31703","ISP","Islip, NY","NY","New York","1082106","30852","BWI","Baltimore, MD","MD","Maryland","4","9","3","-16","85","65","220","1","0","0","0","0","0","Less Than 250 Miles"
"11:00 - 11:59","10:00 - 10:59","2023-01-16 00:00:00","2023-01-16 00:00:00","2023-01-16 00:00:00","2023-01-16 00:00:00","2023-01-16 00:00:00","2023-01-16 00:00:00","Weather","93","2023-01-16 00:00:00","10","11","1","2023-01-16 00:00:00","19393","WN","N7821L","1175","1288904","32211","LAS","Las Vegas, NV","NV","Nevada","1080003","32575","BUR","Burbank, CA","CA","California","74","34","2","93","65","84","223","1","0","74","19","0","0","Less Than 250 Miles"
"11:00 - 11:59","10:00 - 10:59","2023-01-16 00:00:00","2023-01-16 00:00:00","2023-01-16 00:00:00","2023-01-16 00:00:00","2023-01-16 00:00:00","2023-01-16 00:00:00","Fly Time","0","2023-01-16 00:00:00","10","11","1","2023-01-16 00:00:00","19393","WN","N8612K","1285","1288904","32211","LAS","Las Vegas, NV","NV","Nevada","1289208","32575","LAX","Los Angeles, CA","CA","California","7","21","8","11","75","79","236","1","0","0","0","0","0","Less Than 250 Miles"
"11:00 - 11:59","10:00 - 10:59","2023-01-16 00:00:00","2023-01-16 00:00:00","2023-01-16 00:00:00","2023-01-16 00:00:00","2023-01-16 00:00:00","2023-01-16 00:00:00","Fly Time","0","2023-01-16 00:00:00","10","11","1","2023-01-16 00:00:00","19393","WN","N7856A","1113","1082106","30852","BWI","Baltimore, MD","MD","Maryland","1239103","31703","ISP","Islip, NY","NY","New York","13","15","5","12","65","64","220","1","0","0","0","0","0","Less Than 250 Miles"
"11:00 - 11:59","10:00 - 10:59","2023-01-16 00:00:00","2023-01-16 00:00:00","2023-01-16 00:00:00","2023-01-16 00:00:00","2023-01-16 00:00:00","2023-01-16 00:00:00","Fly Time","0","2023-01-16 00:00:00","10","11","1","2023-01-16 00:00:00","19393","WN","N8714Q","1706","1039707","30397","ATL","Atlanta, GA","GA","Georgia","1199603","31871","GSP","Greer, SC","SC","South Carolina","1","10","3","-14","60","45","153","1","0","0","0","0","0","Less Than 250 Miles"
"11:00 - 11:59","10:00 - 10:59","2023-01-16 00:00:00","2023-01-16 00:00:00","2023-01-16 00:00:00","2023-01-16 00:00:00","2023-01-16 00:00:00","2023-01-16 00:00:00","Fly Time","0","2023-01-16 00:00:00","10","11","1","2023-01-16 00:00:00","19393","WN","N8653A","522","1082106","30852","BWI","Baltimore, MD","MD","Maryland","1393102","33667","ORF","Norfolk, VA","VA","Virginia","26","8","3","11","55","40","159","1","0","0","0","0","0","Less Than 250 Miles"
"11:00 - 11:59","11:00 - 11:59","2023-01-16 00:00:00","2023-01-16 00:00:00","2023-01-16 00:00:00","2023-01-16 00:00:00","2023-01-16 00:00:00","2023-01-16 00:00:00","Fly Time","0","2023-01-16 00:00:00","11","11","1","2023-01-16 00:00:00","19393","WN","N8806Q","265","1198603","31986","GRR","Grand Rapids, MI","MI","Michigan","1323202","30977","MDW","Chicago, IL","IL","Illinois","3","10","4","-4","65","58","137","1","0","0","0","0","0","Less Than 250 Miles"
"11:00 - 11:59","10:00 - 10:59","2023-01-17 00:00:00","2023-01-17 00:00:00","2023-01-16 00:00:00","2023-01-17 00:00:00","2023-01-16 00:00:00","2023-01-16 00:00:00","Fly Time","0","2023-01-16 00:00:00","10","11","1","2023-01-16 00:00:00","19393","WN","N484WN","2953","1209402","34699","HDN","Hayden, CO","CO","Colorado","1129202","30325","DEN","Denver, CO","CO","Colorado","-3","37","5","10","55","68","141","1","0","0","0","0","0","Less Than 250 Miles"
"12:00 - 12:59","11:00 - 11:59","2023-01-16 00:00:00","2023-01-16 00:00:00","2023-01-16 00:00:00","2023-01-16 00:00:00","2023-01-16 00:00:00","2023-01-16 00:00:00","Airport System","26","2023-01-16 00:00:00","11","12","1","2023-01-16 00:00:00","19393","WN","N943WN","2752","1288904","32211","LAS","Las Vegas, NV","NV","Nevada","1389101","32575","ONT","Ontario, CA","CA","California","13","37","2","26","65","78","197","1","13","0","13","0","0","Less Than 250 Miles"
"12:00 - 12:59","11:00 - 11:59","2023-01-16 00:00:00","2023-01-16 00:00:00","2023-01-16 00:00:00","2023-01-16 00:00:00","2023-01-16 00:00:00","2023-01-16 00:00:00","Airport System","19","2023-01-16 00:00:00","11","12","1","2023-01-16 00:00:00","19393","WN","N7721E","2470","1288904","32211","LAS","Las Vegas, NV","NV","Nevada","1289208","32575","LAX","Los Angeles, CA","CA","California","8","31","8","19","75","86","236","1","8","0","11","0","0","Less Than 250 Miles"
"12:00 - 12:59","11:00 - 11:59","2023-01-16 00:00:00","2023-01-16 00:00:00","2023-01-16 00:00:00","2023-01-16 00:00:00","2023-01-16 00:00:00","2023-01-16 00:00:00","Fly Time","0","2023-01-16 00:00:00","11","12","1","2023-01-16 00:00:00","19393","WN","N1801U","1905","1217305","32134","HNL","Honolulu, HI","HI","Hawaii","1275804","32758","KOA","Kona, HI","HI","Hawaii","14","12","3","3","55","44","163","1","0","0","0","0","0","Less Than 250 Miles"
"12:00 - 12:59","11:00 - 11:59","2023-01-16 00:00:00","2023-01-16 00:00:00","2023-01-16 00:00:00","2023-01-16 00:00:00","2023-01-16 00:00:00","2023-01-16 00:00:00","Fly Time","0","2023-01-16 00:00:00","11","12","1","2023-01-16 00:00:00","19393","WN","N558WN","1496","1537002","34653","TUL","Tulsa, OK","OK","Oklahoma","1125904","30194","DAL","Dallas, TX","TX","Texas","3","12","3","-6","70","61","238","1","0","0","0","0","0","Less Than 250 Miles"
"12:00 - 12:59","11:00 - 11:59","2023-01-16 00:00:00","2023-01-16 00:00:00","2023-01-16 00:00:00","2023-01-16 00:00:00","2023-01-16 00:00:00","2023-01-16 00:00:00","Fly Time","0","2023-01-16 00:00:00","11","12","1","2023-01-16 00:00:00","19393","WN","N781WN","2214","1042302","30423","AUS","Austin, TX","TX","Texas","1125904","30194","DAL","Dallas, TX","TX","Texas","0","8","26","13","60","73","189","1","0","0","0","0","0","Less Than 250 Miles"
"12:00 - 12:59","11:00 - 11:59","2023-01-17 00:00:00","2023-01-17 00:00:00","2023-01-16 00:00:00","2023-01-17 00:00:00","2023-01-16 00:00:00","2023-01-16 00:00:00","Airport System","32","2023-01-16 00:00:00","11","12","1","2023-01-16 00:00:00","19393","WN","N958WN","2364","1080003","32575","BUR","Burbank, CA","CA","California","1288904","32211","LAS","Las Vegas, NV","NV","Nevada","-6","33","3","32","75","113","223","1","0","0","32","0","0","Less Than 250 Miles"
"13:00 - 13:59","11:00 - 11:59","2023-01-16 00:00:00","2023-01-16 00:00:00","2023-01-16 00:00:00","2023-01-16 00:00:00","2023-01-16 00:00:00","2023-01-16 00:00:00","Airport System","43","2023-01-16 00:00:00","11","13","1","2023-01-16 00:00:00","19393","WN","N8782Q","2409","1288904","32211","LAS","Las Vegas, NV","NV","Nevada","1295407","32575","LGB","Long Beach, CA","CA","California","25","37","4","43","70","88","231","1","15","0","18","0","10","Less Than 250 Miles"
"13:00 - 13:59","12:00 - 12:59","2023-01-16 00:00:00","2023-01-16 00:00:00","2023-01-16 00:00:00","2023-01-16 00:00:00","2023-01-16 00:00:00","2023-01-16 00:00:00","Airport System","37","2023-01-16 00:00:00","12","13","1","2023-01-16 00:00:00","19393","WN","N492WN","1423","1288904","32211","LAS","Las Vegas, NV","NV","Nevada","1426204","34262","PSP","Palm Springs, CA","CA","California","9","47","3","37","60","88","173","1","0","0","28","0","9","Less Than 250 Miles"
"13:00 - 13:59","12:00 - 12:59","2023-01-16 00:00:00","2023-01-16 00:00:00","2023-01-16 00:00:00","2023-01-16 00:00:00","2023-01-16 00:00:00","2023-01-16 00:00:00","Carrier","66","2023-01-16 00:00:00","12","13","1","2023-01-16 00:00:00","19393","WN","N550WN","975","1288904","32211","LAS","Las Vegas, NV","NV","Nevada","1080003","32575","BUR","Burbank, CA","CA","California","41","47","4","66","75","100","223","1","36","0","25","0","5","Less Than 250 Miles"
"13:00 - 13:59","12:00 - 12:59","2023-01-16 00:00:00","2023-01-16 00:00:00","2023-01-16 00:00:00","2023-01-16 00:00:00","2023-01-16 00:00:00","2023-01-16 00:00:00","Airport System","33","2023-01-16 00:00:00","12","13","1","2023-01-16 00:00:00","19393","WN","N207WN","1147","1288904","32211","LAS","Las Vegas, NV","NV","Nevada","1490803","32575","SNA","Santa Ana, CA","CA","California","0","46","8","33","65","98","226","1","0","0","33","0","0","Less Than 250 Miles"
"13:00 - 13:59","12:00 - 12:59","2023-01-16 00:00:00","2023-01-16 00:00:00","2023-01-16 00:00:00","2023-01-16 00:00:00","2023-01-16 00:00:00","2023-01-16 00:00:00","Fly Time","0","2023-01-16 00:00:00","12","13","1","2023-01-16 00:00:00","19393","WN","N8792Q","969","1240203","32402","ITO","Hilo, HI","HI","Hawaii","1217305","32134","HNL","Honolulu, HI","HI","Hawaii","4","10","5","-1","60","55","216","1","0","0","0","0","0","Less Than 250 Miles"
"13:00 - 13:59","12:00 - 12:59","2023-01-16 00:00:00","2023-01-16 00:00:00","2023-01-16 00:00:00","2023-01-16 00:00:00","2023-01-16 00:00:00","2023-01-16 00:00:00","Fly Time","0","2023-01-16 00:00:00","12","13","1","2023-01-16 00:00:00","19393","WN","N8653A","1943","1393102","33667","ORF","Norfolk, VA","VA","Virginia","1082106","30852","BWI","Baltimore, MD","MD","Maryland","17","9","3","8","60","51","159","1","0","0","0","0","0","Less Than 250 Miles"
"13:00 - 13:59","12:00 - 12:59","2023-01-16 00:00:00","2023-01-16 00:00:00","2023-01-16 00:00:00","2023-01-16 00:00:00","2023-01-16 00:00:00","2023-01-16 00:00:00","Airport System","173","2023-01-16 00:00:00","12","13","1","2023-01-16 00:00:00","19393","WN","N424WN","352","1295407","32575","LGB","Long Beach, CA","CA","California","1288904","32211","LAS","Las Vegas, NV","NV","Nevada","185","7","4","173","70","58","231","1","0","0","173","0","0","Less Than 250 Miles"
"13:00 - 13:59","12:00 - 12:59","2023-01-16 00:00:00","2023-01-16 00:00:00","2023-01-16 00:00:00","2023-01-16 00:00:00","2023-01-16 00:00:00","2023-01-16 00:00:00","Airport System","193","2023-01-16 00:00:00","12","13","1","2023-01-16 00:00:00","19393","WN","N8612K","1286","1289208","32575","LAX","Los Angeles, CA","CA","California","1288904","32211","LAS","Las Vegas, NV","NV","Nevada","182","29","4","193","70","81","236","1","0","0","182","0","11","Less Than 250 Miles"
"13:00 - 13:59","12:00 - 12:59","2023-01-16 00:00:00","2023-01-16 00:00:00","2023-01-16 00:00:00","2023-01-16 00:00:00","2023-01-16 00:00:00","2023-01-16 00:00:00","Airport System","196","2023-01-16 00:00:00","12","13","1","2023-01-16 00:00:00","19393","WN","N769SW","2054","1080003","32575","BUR","Burbank, CA","CA","California","1288904","32211","LAS","Las Vegas, NV","NV","Nevada","171","42","5","196","65","90","223","1","0","0","151","0","45","Less Than 250 Miles"
"13:00 - 13:59","12:00 - 12:59","2023-01-16 00:00:00","2023-01-16 00:00:00","2023-01-16 00:00:00","2023-01-16 00:00:00","2023-01-16 00:00:00","2023-01-16 00:00:00","Airport System","171","2023-01-16 00:00:00","12","13","1","2023-01-16 00:00:00","19393","WN","N404WN","1317","1490803","32575","SNA","Santa Ana, CA","CA","California","1288904","32211","LAS","Las Vegas, NV","NV","Nevada","178","8","8","171","70","63","226","1","0","0","171","0","0","Less Than 250 Miles"
"13:00 - 13:59","13:00 - 13:59","2023-01-16 00:00:00","2023-01-16 00:00:00","2023-01-16 00:00:00","2023-01-16 00:00:00","2023-01-16 00:00:00","2023-01-16 00:00:00","Fly Time","0","2023-01-16 00:00:00","13","13","1","2023-01-16 00:00:00","19393","WN","N908WN","443","1119302","33105","CVG","Cincinnati, OH","KY","Kentucky","1323202","30977","MDW","Chicago, IL","IL","Illinois","11","9","6","5","70","64","249","1","0","0","0","0","0","Less Than 250 Miles"
"13:00 - 13:59","13:00 - 13:59","2023-01-16 00:00:00","2023-01-16 00:00:00","2023-01-16 00:00:00","2023-01-16 00:00:00","2023-01-16 00:00:00","2023-01-16 00:00:00","Carrier","19","2023-01-16 00:00:00","13","13","1","2023-01-16 00:00:00","19393","WN","N8735L","767","1143302","31295","DTW","Detroit, MI","MI","Michigan","1323202","30977","MDW","Chicago, IL","IL","Illinois","23","12","4","19","70","66","228","1","19","0","0","0","0","Less Than 250 Miles"
"14:00 - 14:59","13:00 - 13:59","2023-01-16 00:00:00","2023-01-16 00:00:00","2023-01-16 00:00:00","2023-01-16 00:00:00","2023-01-16 00:00:00","2023-01-16 00:00:00","Fly Time","0","2023-01-16 00:00:00","13","14","1","2023-01-16 00:00:00","19393","WN","N240WN","1747","1129202","30325","DEN","Denver, CO","CO","Colorado","1110902","30189","COS","Colorado Springs, CO","CO","Colorado","16","10","3","0","45","29","73","1","0","0","0","0","0","Less Than 250 Miles"
"14:00 - 14:59","13:00 - 13:59","2023-01-16 00:00:00","2023-01-16 00:00:00","2023-01-16 00:00:00","2023-01-16 00:00:00","2023-01-16 00:00:00","2023-01-16 00:00:00","Fly Time","0","2023-01-16 00:00:00","13","14","1","2023-01-16 00:00:00","19393","WN","N439WN","955","1129202","30325","DEN","Denver, CO","CO","Colorado","1350202","33502","MTJ","Montrose/Delta, CO","CO","Colorado","8","10","4","0","55","47","196","1","0","0","0","0","0","Less Than 250 Miles"
"14:00 - 14:59","13:00 - 13:59","2023-01-16 00:00:00","2023-01-16 00:00:00","2023-01-16 00:00:00","2023-01-16 00:00:00","2023-01-16 00:00:00","2023-01-16 00:00:00","Fly Time","0","2023-01-16 00:00:00","13","14","1","2023-01-16 00:00:00","19393","WN","N8746Q","2347","1217305","32134","HNL","Honolulu, HI","HI","Hawaii","1240203","32402","ITO","Hilo, HI","HI","Hawaii","3","14","2","-5","60","52","216","1","0","0","0","0","0","Less Than 250 Miles"
"14:00 - 14:59","13:00 - 13:59","2023-01-16 00:00:00","2023-01-16 00:00:00","2023-01-16 00:00:00","2023-01-16 00:00:00","2023-01-16 00:00:00","2023-01-16 00:00:00","Late Aircraft","20","2023-01-16 00:00:00","13","14","1","2023-01-16 00:00:00","19393","WN","N8791D","1474","1383002","33830","OGG","Kahului, HI","HI","Hawaii","1217305","32134","HNL","Honolulu, HI","HI","Hawaii","11","22","4","20","45","54","100","1","0","0","9","0","11","Less Than 250 Miles"
"14:00 - 14:59","13:00 - 13:59","2023-01-16 00:00:00","2023-01-16 00:00:00","2023-01-16 00:00:00","2023-01-16 00:00:00","2023-01-16 00:00:00","2023-01-16 00:00:00","Airport System","151","2023-01-16 00:00:00","13","14","1","2023-01-16 00:00:00","19393","WN","N943WN","1970","1389101","32575","ONT","Ontario, CA","CA","California","1288904","32211","LAS","Las Vegas, NV","NV","Nevada","155","17","3","151","65","61","197","1","0","0","126","0","25","Less Than 250 Miles"
"14:00 - 14:59","13:00 - 13:59","2023-01-16 00:00:00","2023-01-16 00:00:00","2023-01-16 00:00:00","2023-01-16 00:00:00","2023-01-16 00:00:00","2023-01-16 00:00:00","Airport System","194","2023-01-16 00:00:00","13","14","1","2023-01-16 00:00:00","19393","WN","N7824A","1704","1080003","32575","BUR","Burbank, CA","CA","California","1288904","32211","LAS","Las Vegas, NV","NV","Nevada","150","24","46","194","65","109","223","1","0","0","154","0","40","Less Than 250 Miles"
"14:00 - 14:59","13:00 - 13:59","2023-01-16 00:00:00","2023-01-16 00:00:00","2023-01-16 00:00:00","2023-01-16 00:00:00","2023-01-16 00:00:00","2023-01-16 00:00:00","Late Aircraft","23","2023-01-16 00:00:00","13","14","1","2023-01-16 00:00:00","19393","WN","N7820L","2640","1082106","30852","BWI","Baltimore, MD","MD","Maryland","1239103","31703","ISP","Islip, NY","NY","New York","25","13","4","23","65","63","220","1","6","0","0","0","17","Less Than 250 Miles"
"14:00 - 14:59","13:00 - 13:59","2023-01-16 00:00:00","2023-01-16 00:00:00","2023-01-16 00:00:00","2023-01-16 00:00:00","2023-01-16 00:00:00","2023-01-16 00:00:00","Fly Time","0","2023-01-16 00:00:00","13","14","1","2023-01-16 00:00:00","19393","WN","N8826Q","1119","1468305","33214","SAT","San Antonio, TX","TX","Texas","1219103","31453","HOU","Houston, TX","TX","Texas","3","14","5","-4","60","53","192","1","0","0","0","0","0","Less Than 250 Miles"
"14:00 - 14:59","13:00 - 13:59","2023-01-17 00:00:00","2023-01-17 00:00:00","2023-01-16 00:00:00","2023-01-17 00:00:00","2023-01-16 00:00:00","2023-01-16 00:00:00","Fly Time","0","2023-01-16 00:00:00","13","14","1","2023-01-16 00:00:00","19393","WN","N747SA","593","1209402","34699","HDN","Hayden, CO","CO","Colorado","1129202","30325","DEN","Denver, CO","CO","Colorado","-5","12","33","8","60","73","141","1","0","0","0","0","0","Less Than 250 Miles"
"15:00 - 15:59","14:00 - 14:59","2023-01-16 00:00:00","2023-01-16 00:00:00","2023-01-16 00:00:00","2023-01-16 00:00:00","2023-01-16 00:00:00","2023-01-16 00:00:00","Late Aircraft","213","2023-01-16 00:00:00","14","15","1","2023-01-16 00:00:00","19393","WN","N757LV","1838","1288904","32211","LAS","Las Vegas, NV","NV","Nevada","1080003","32575","BUR","Burbank, CA","CA","California","223","17","2","213","75","65","223","1","81","0","0","0","132","Less Than 250 Miles"
"06:00 - 06:59","06:00 - 06:59","2023-03-06 00:00:00","2023-03-06 00:00:00","2023-03-06 00:00:00","2023-03-06 00:00:00","2023-03-06 00:00:00","2023-03-06 00:00:00","Airport System","30","2023-03-06 00:00:00","6","6","1","2023-03-06 00:00:00","19393","WN","N8841L","922","1198603","31986","GRR","Grand Rapids, MI","MI","Michigan","1323202","30977","MDW","Chicago, IL","IL","Illinois","4","51","4","30","65","91","137","1","0","0","30","0","0","Less Than 250 Miles"
"07:00 - 07:59","06:00 - 06:59","2023-03-06 00:00:00","2023-03-06 00:00:00","2023-03-06 00:00:00","2023-03-06 00:00:00","2023-03-06 00:00:00","2023-03-06 00:00:00","Airport System","16","2023-03-06 00:00:00","6","7","1","2023-03-06 00:00:00","19393","WN","N8697C","2737","1288904","32211","LAS","Las Vegas, NV","NV","Nevada","1289208","32575","LAX","Los Angeles, CA","CA","California","3","32","6","16","70","83","236","1","0","0","16","0","0","Less Than 250 Miles"
"07:00 - 07:59","06:00 - 06:59","2023-03-06 00:00:00","2023-03-06 00:00:00","2023-03-06 00:00:00","2023-03-06 00:00:00","2023-03-06 00:00:00","2023-03-06 00:00:00","Fly Time","0","2023-03-06 00:00:00","6","7","1","2023-03-06 00:00:00","19393","WN","N1803U","1021","1169706","32467","FLL","Fort Lauderdale, FL","FL","Florida","1530402","33195","TPA","Tampa, FL","FL","Florida","5","12","4","-8","65","52","197","1","0","0","0","0","0","Less Than 250 Miles"
"07:00 - 07:59","06:00 - 06:59","2023-03-06 00:00:00","2023-03-06 00:00:00","2023-03-06 00:00:00","2023-03-06 00:00:00","2023-03-06 00:00:00","2023-03-06 00:00:00","Fly Time","0","2023-03-06 00:00:00","6","7","1","2023-03-06 00:00:00","19393","WN","N1807U","1902","1383002","33830","OGG","Kahului, HI","HI","Hawaii","1217305","32134","HNL","Honolulu, HI","HI","Hawaii","0","9","3","2","40","42","100","1","0","0","0","0","0","Less Than 250 Miles"
"07:00 - 07:59","06:00 - 06:59","2023-03-06 00:00:00","2023-03-06 00:00:00","2023-03-06 00:00:00","2023-03-06 00:00:00","2023-03-06 00:00:00","2023-03-06 00:00:00","Carrier","27","2023-03-06 00:00:00","6","7","1","2023-03-06 00:00:00","19393","WN","N8732S","1253","1275804","32758","KOA","Kona, HI","HI","Hawaii","1217305","32134","HNL","Honolulu, HI","HI","Hawaii","29","12","3","27","50","48","163","1","27","0","0","0","0","Less Than 250 Miles"
"07:00 - 07:59","06:00 - 06:59","2023-03-06 00:00:00","2023-03-06 00:00:00","2023-03-06 00:00:00","2023-03-06 00:00:00","2023-03-06 00:00:00","2023-03-06 00:00:00","Fly Time","0","2023-03-06 00:00:00","6","7","1","2023-03-06 00:00:00","19393","WN","N8728Q","1045","1217305","32134","HNL","Honolulu, HI","HI","Hawaii","1240203","32402","ITO","Hilo, HI","HI","Hawaii","4","19","4","1","60","57","216","1","0","0","0","0","0","Less Than 250 Miles"
"07:00 - 07:59","06:00 - 06:59","2023-03-06 00:00:00","2023-03-06 00:00:00","2023-03-06 00:00:00","2023-03-06 00:00:00","2023-03-06 00:00:00","2023-03-06 00:00:00","Fly Time","0","2023-03-06 00:00:00","6","7","1","2023-03-06 00:00:00","19393","WN","N8675A","1351","1393102","33667","ORF","Norfolk, VA","VA","Virginia","1082106","30852","BWI","Baltimore, MD","MD","Maryland","6","8","3","-8","60","46","159","1","0","0","0","0","0","Less Than 250 Miles"
"07:00 - 07:59","06:00 - 06:59","2023-03-06 00:00:00","2023-03-06 00:00:00","2023-03-06 00:00:00","2023-03-06 00:00:00","2023-03-06 00:00:00","2023-03-06 00:00:00","Airport System","50","2023-03-06 00:00:00","6","7","1","2023-03-06 00:00:00","19393","WN","N8573Z","1634","1042302","30423","AUS","Austin, TX","TX","Texas","1219103","31453","HOU","Houston, TX","TX","Texas","63","16","2","50","60","47","148","1","0","0","50","0","0","Less Than 250 Miles"
"07:00 - 07:59","06:00 - 06:59","2023-03-06 00:00:00","2023-03-06 00:00:00","2023-03-06 00:00:00","2023-03-06 00:00:00","2023-03-06 00:00:00","2023-03-06 00:00:00","Airport System","32","2023-03-06 00:00:00","6","7","1","2023-03-06 00:00:00","19393","WN","N7833A","2067","1468305","33214","SAT","San Antonio, TX","TX","Texas","1219103","31453","HOU","Houston, TX","TX","Texas","45","17","2","32","65","52","192","1","0","0","32","0","0","Less Than 250 Miles"
"07:00 - 07:59","06:00 - 06:59","2023-03-06 00:00:00","2023-03-06 00:00:00","2023-03-06 00:00:00","2023-03-06 00:00:00","2023-03-06 00:00:00","2023-03-06 00:00:00","Airport System","45","2023-03-06 00:00:00","6","7","1","2023-03-06 00:00:00","19393","WN","N476WN","10","1114008","31140","CRP","Corpus Christi, TX","TX","Texas","1219103","31453","HOU","Houston, TX","TX","Texas","61","9","4","45","60","44","187","1","0","0","45","0","0","Less Than 250 Miles"
"08:00 - 08:59","06:00 - 06:59","2023-03-06 00:00:00","2023-03-06 00:00:00","2023-03-06 00:00:00","2023-03-06 00:00:00","2023-03-06 00:00:00","2023-03-06 00:00:00","Fly Time","0","2023-03-06 00:00:00","6","8","1","2023-03-06 00:00:00","19393","WN","N7721E","2594","1537002","34653","TUL","Tulsa, OK","OK","Oklahoma","1125904","30194","DAL","Dallas, TX","TX","Texas","1","9","16","-6","75","68","238","1","0","0","0","0","0","Less Than 250 Miles"
"08:00 - 08:59","07:00 - 07:59","2023-03-06 00:00:00","2023-03-06 00:00:00","2023-03-06 00:00:00","2023-03-06 00:00:00","2023-03-06 00:00:00","2023-03-06 00:00:00","Fly Time","0","2023-03-06 00:00:00","7","8","1","2023-03-06 00:00:00","19393","WN","N214WN","2513","1288904","32211","LAS","Las Vegas, NV","NV","Nevada","1389101","32575","ONT","Ontario, CA","CA","California","3","10","5","-3","60","54","197","1","0","0","0","0","0","Less Than 250 Miles"
"08:00 - 08:59","07:00 - 07:59","2023-03-06 00:00:00","2023-03-06 00:00:00","2023-03-06 00:00:00","2023-03-06 00:00:00","2023-03-06 00:00:00","2023-03-06 00:00:00","Fly Time","0","2023-03-06 00:00:00","7","8","1","2023-03-06 00:00:00","19393","WN","N960WN","1550","1080003","32575","BUR","Burbank, CA","CA","California","1288904","32211","LAS","Las Vegas, NV","NV","Nevada","2","10","3","-13","70","55","223","1","0","0","0","0","0","Less Than 250 Miles"
"08:00 - 08:59","07:00 - 07:59","2023-03-06 00:00:00","2023-03-06 00:00:00","2023-03-06 00:00:00","2023-03-06 00:00:00","2023-03-06 00:00:00","2023-03-06 00:00:00","Fly Time","0","2023-03-06 00:00:00","7","8","1","2023-03-06 00:00:00","19393","WN","N951WN","1435","1295407","32575","LGB","Long Beach, CA","CA","California","1288904","32211","LAS","Las Vegas, NV","NV","Nevada","1","11","5","-12","70","57","231","1","0","0","0","0","0","Less Than 250 Miles"
"08:00 - 08:59","07:00 - 07:59","2023-03-06 00:00:00","2023-03-06 00:00:00","2023-03-06 00:00:00","2023-03-06 00:00:00","2023-03-06 00:00:00","2023-03-06 00:00:00","Fly Time","0","2023-03-06 00:00:00","7","8","1","2023-03-06 00:00:00","19393","WN","N7820L","4","1219103","31453","HOU","Houston, TX","TX","Texas","1125904","30194","DAL","Dallas, TX","TX","Texas","1","9","2","-10","65","54","239","1","0","0","0","0","0","Less Than 250 Miles"
"08:00 - 08:59","07:00 - 07:59","2023-03-06 00:00:00","2023-03-06 00:00:00","2023-03-06 00:00:00","2023-03-06 00:00:00","2023-03-06 00:00:00","2023-03-06 00:00:00","Airport System","37","2023-03-06 00:00:00","7","8","1","2023-03-06 00:00:00","19393","WN","N8656B","3","1125904","30194","DAL","Dallas, TX","TX","Texas","1219103","31453","HOU","Houston, TX","TX","Texas","18","42","3","37","70","89","239","1","0","0","37","0","0","Less Than 250 Miles"
"09:00 - 09:59","08:00 - 08:59","2023-03-06 00:00:00","2023-03-06 00:00:00","2023-03-06 00:00:00","2023-03-06 00:00:00","2023-03-06 00:00:00","2023-03-06 00:00:00","Fly Time","0","2023-03-06 00:00:00","8","9","1","2023-03-06 00:00:00","19393","WN","N7723E","814","1288904","32211","LAS","Las Vegas, NV","NV","Nevada","1289208","32575","LAX","Los Angeles, CA","CA","California","5","12","6","-1","70","64","236","1","0","0","0","0","0","Less Than 250 Miles"
"09:00 - 09:59","08:00 - 08:59","2023-03-06 00:00:00","2023-03-06 00:00:00","2023-03-06 00:00:00","2023-03-06 00:00:00","2023-03-06 00:00:00","2023-03-06 00:00:00","Fly Time","0","2023-03-06 00:00:00","8","9","1","2023-03-06 00:00:00","19393","WN","N1808U","1903","1217305","32134","HNL","Honolulu, HI","HI","Hawaii","1275804","32758","KOA","Kona, HI","HI","Hawaii","0","33","5","14","50","64","163","1","0","0","0","0","0","Less Than 250 Miles"
"09:00 - 09:59","08:00 - 08:59","2023-03-06 00:00:00","2023-03-06 00:00:00","2023-03-06 00:00:00","2023-03-06 00:00:00","2023-03-06 00:00:00","2023-03-06 00:00:00","Fly Time","0","2023-03-06 00:00:00","8","9","1","2023-03-06 00:00:00","19393","WN","N479WN","1386","1483106","32457","SJC","San Jose, CA","CA","California","1457002","34570","RNO","Reno, NV","NV","Nevada","1","10","4","-15","65","49","188","1","0","0","0","0","0","Less Than 250 Miles"
"09:00 - 09:59","08:00 - 08:59","2023-03-06 00:00:00","2023-03-06 00:00:00","2023-03-06 00:00:00","2023-03-06 00:00:00","2023-03-06 00:00:00","2023-03-06 00:00:00","Fly Time","0","2023-03-06 00:00:00","8","9","1","2023-03-06 00:00:00","19393","WN","N8305E","2375","1219103","31453","HOU","Houston, TX","TX","Texas","1468305","33214","SAT","San Antonio, TX","TX","Texas","3","11","3","-6","60","51","192","1","0","0","0","0","0","Less Than 250 Miles"
"09:00 - 09:59","08:00 - 08:59","2023-03-06 00:00:00","2023-03-06 00:00:00","2023-03-06 00:00:00","2023-03-06 00:00:00","2023-03-06 00:00:00","2023-03-06 00:00:00","Late Aircraft","45","2023-03-06 00:00:00","8","9","1","2023-03-06 00:00:00","19393","WN","N476WN","10","1219103","31453","HOU","Houston, TX","TX","Texas","1125904","30194","DAL","Dallas, TX","TX","Texas","56","12","3","45","70","59","239","1","8","0","0","0","37","Less Than 250 Miles"
"09:00 - 09:59","08:00 - 08:59","2023-03-06 00:00:00","2023-03-06 00:00:00","2023-03-06 00:00:00","2023-03-06 00:00:00","2023-03-06 00:00:00","2023-03-06 00:00:00","Fly Time","0","2023-03-06 00:00:00","8","9","1","2023-03-06 00:00:00","19393","WN","N200WN","1697","1219103","31453","HOU","Houston, TX","TX","Texas","1042302","30423","AUS","Austin, TX","TX","Texas","3","9","5","-12","60","45","148","1","0","0","0","0","0","Less Than 250 Miles"
"10:00 - 10:59","09:00 - 09:59","2023-03-06 00:00:00","2023-03-06 00:00:00","2023-03-06 00:00:00","2023-03-06 00:00:00","2023-03-06 00:00:00","2023-03-06 00:00:00","Fly Time","0","2023-03-06 00:00:00","9","10","1","2023-03-06 00:00:00","19393","WN","N958WN","357","1288904","32211","LAS","Las Vegas, NV","NV","Nevada","1389101","32575","ONT","Ontario, CA","CA","California","7","15","4","5","60","58","197","1","0","0","0","0","0","Less Than 250 Miles"
"10:00 - 10:59","09:00 - 09:59","2023-03-06 00:00:00","2023-03-06 00:00:00","2023-03-06 00:00:00","2023-03-06 00:00:00","2023-03-06 00:00:00","2023-03-06 00:00:00","Fly Time","0","2023-03-06 00:00:00","9","10","1","2023-03-06 00:00:00","19393","WN","N7749B","2751","1288904","32211","LAS","Las Vegas, NV","NV","Nevada","1490803","32575","SNA","Santa Ana, CA","CA","California","0","20","6","11","65","76","226","1","0","0","0","0","0","Less Than 250 Miles"
"10:00 - 10:59","09:00 - 09:59","2023-03-06 00:00:00","2023-03-06 00:00:00","2023-03-06 00:00:00","2023-03-06 00:00:00","2023-03-06 00:00:00","2023-03-06 00:00:00","Fly Time","0","2023-03-06 00:00:00","9","10","1","2023-03-06 00:00:00","19393","WN","N769SW","1657","1319801","33198","MCI","Kansas City, MO","MO","Missouri","1501606","31123","STL","St. Louis, MO","MO","Missouri","23","7","5","6","65","48","237","1","0","0","0","0","0","Less Than 250 Miles"
"10:00 - 10:59","09:00 - 09:59","2023-03-06 00:00:00","2023-03-06 00:00:00","2023-03-06 00:00:00","2023-03-06 00:00:00","2023-03-06 00:00:00","2023-03-06 00:00:00","Late Aircraft","23","2023-03-06 00:00:00","9","10","1","2023-03-06 00:00:00","19393","WN","N473WN","562","1379609","32457","OAK","Oakland, CA","CA","California","1457002","34570","RNO","Reno, NV","NV","Nevada","22","15","4","23","55","56","181","1","9","0","1","0","13","Less Than 250 Miles"
"10:00 - 10:59","09:00 - 09:59","2023-03-06 00:00:00","2023-03-06 00:00:00","2023-03-06 00:00:00","2023-03-06 00:00:00","2023-03-06 00:00:00","2023-03-06 00:00:00","Carrier","99","2023-03-06 00:00:00","9","10","1","2023-03-06 00:00:00","19393","WN","N8543Z","1134","1289208","32575","LAX","Los Angeles, CA","CA","California","1288904","32211","LAS","Las Vegas, NV","NV","Nevada","94","28","4","99","70","75","236","1","78","0","5","0","16","Less Than 250 Miles"
"10:00 - 10:59","09:00 - 09:59","2023-03-06 00:00:00","2023-03-06 00:00:00","2023-03-06 00:00:00","2023-03-06 00:00:00","2023-03-06 00:00:00","2023-03-06 00:00:00","Fly Time","0","2023-03-06 00:00:00","9","10","1","2023-03-06 00:00:00","19393","WN","N8546V","14","1219103","31453","HOU","Houston, TX","TX","Texas","1125904","30194","DAL","Dallas, TX","TX","Texas","21","13","3","10","70","59","239","1","0","0","0","0","0","Less Than 250 Miles"
"10:00 - 10:59","09:00 - 09:59","2023-03-06 00:00:00","2023-03-06 00:00:00","2023-03-06 00:00:00","2023-03-06 00:00:00","2023-03-06 00:00:00","2023-03-06 00:00:00","Fly Time","0","2023-03-06 00:00:00","9","10","1","2023-03-06 00:00:00","19393","WN","N265WN","657","1226603","31453","IAH","Houston, TX","TX","Texas","1125904","30194","DAL","Dallas, TX","TX","Texas","9","14","3","0","65","56","216","1","0","0","0","0","0","Less Than 250 Miles"
"10:00 - 10:59","09:00 - 09:59","2023-03-06 00:00:00","2023-03-06 00:00:00","2023-03-06 00:00:00","2023-03-06 00:00:00","2023-03-06 00:00:00","2023-03-06 00:00:00","Late Aircraft","19","2023-03-06 00:00:00","9","10","1","2023-03-06 00:00:00","19393","WN","N8656B","3","1219103","31453","HOU","Houston, TX","TX","Texas","1114008","31140","CRP","Corpus Christi, TX","TX","Texas","28","10","4","19","60","51","187","1","0","0","0","0","19","Less Than 250 Miles"
"10:00 - 10:59","09:00 - 09:59","2023-03-06 00:00:00","2023-03-06 00:00:00","2023-03-06 00:00:00","2023-03-06 00:00:00","2023-03-06 00:00:00","2023-03-06 00:00:00","Fly Time","0","2023-03-06 00:00:00","9","10","1","2023-03-06 00:00:00","19393","WN","N451WN","9","1125904","30194","DAL","Dallas, TX","TX","Texas","1219103","31453","HOU","Houston, TX","TX","Texas","1","18","4","-5","70","64","239","1","0","0","0","0","0","Less Than 250 Miles"
"11:00 - 11:59","09:00 - 09:59","2023-03-06 00:00:00","2023-03-06 00:00:00","2023-03-06 00:00:00","2023-03-06 00:00:00","2023-03-06 00:00:00","2023-03-06 00:00:00","Fly Time","0","2023-03-06 00:00:00","9","11","1","2023-03-06 00:00:00","19393","WN","N494WN","1014","1323202","30977","MDW","Chicago, IL","IL","Illinois","1119302","33105","CVG","Cincinnati, OH","KY","Kentucky","26","12","3","8","75","57","249","1","0","0","0","0","0","Less Than 250 Miles"
"11:00 - 11:59","10:00 - 10:59","2023-03-06 00:00:00","2023-03-06 00:00:00","2023-03-06 00:00:00","2023-03-06 00:00:00","2023-03-06 00:00:00","2023-03-06 00:00:00","Fly Time","0","2023-03-06 00:00:00","10","11","1","2023-03-06 00:00:00","19393","WN","N294WN","1175","1288904","32211","LAS","Las Vegas, NV","NV","Nevada","1080003","32575","BUR","Burbank, CA","CA","California","1","27","5","14","65","78","223","1","0","0","0","0","0","Less Than 250 Miles"
"11:00 - 11:59","10:00 - 10:59","2023-03-06 00:00:00","2023-03-06 00:00:00","2023-03-06 00:00:00","2023-03-06 00:00:00","2023-03-06 00:00:00","2023-03-06 00:00:00","Fly Time","0","2023-03-06 00:00:00","10","11","1","2023-03-06 00:00:00","19393","WN","N8697C","1285","1288904","32211","LAS","Las Vegas, NV","NV","Nevada","1289208","32575","LAX","Los Angeles, CA","CA","California","0","25","8","4","75","79","236","1","0","0","0","0","0","Less Than 250 Miles"
"11:00 - 11:59","10:00 - 10:59","2023-03-06 00:00:00","2023-03-06 00:00:00","2023-03-06 00:00:00","2023-03-06 00:00:00","2023-03-06 00:00:00","2023-03-06 00:00:00","Fly Time","0","2023-03-06 00:00:00","10","11","1","2023-03-06 00:00:00","19393","WN","N254WN","2953","1209402","34699","HDN","Hayden, CO","CO","Colorado","1129202","30325","DEN","Denver, CO","CO","Colorado","3","16","5","-7","55","45","141","1","0","0","0","0","0","Less Than 250 Miles"
"11:00 - 11:59","10:00 - 10:59","2023-03-06 00:00:00","2023-03-06 00:00:00","2023-03-06 00:00:00","2023-03-06 00:00:00","2023-03-06 00:00:00","2023-03-06 00:00:00","Fly Time","0","2023-03-06 00:00:00","10","11","1","2023-03-06 00:00:00","19393","WN","N7835A","1968","1080003","32575","BUR","Burbank, CA","CA","California","1288904","32211","LAS","Las Vegas, NV","NV","Nevada","2","21","5","4","65","67","223","1","0","0","0","0","0","Less Than 250 Miles"
"11:00 - 11:59","10:00 - 10:59","2023-03-06 00:00:00","2023-03-06 00:00:00","2023-03-06 00:00:00","2023-03-06 00:00:00","2023-03-06 00:00:00","2023-03-06 00:00:00","Carrier","23","2023-03-06 00:00:00","10","11","1","2023-03-06 00:00:00","19393","WN","N284WN","989","1042302","30423","AUS","Austin, TX","TX","Texas","1125904","30194","DAL","Dallas, TX","TX","Texas","35","12","3","23","65","53","189","1","13","0","0","0","10","Less Than 250 Miles"
"11:00 - 11:59","10:00 - 10:59","2023-03-06 00:00:00","2023-03-06 00:00:00","2023-03-06 00:00:00","2023-03-06 00:00:00","2023-03-06 00:00:00","2023-03-06 00:00:00","Fly Time","0","2023-03-06 00:00:00","10","11","1","2023-03-06 00:00:00","19393","WN","N8605E","522","1082106","30852","BWI","Baltimore, MD","MD","Maryland","1393102","33667","ORF","Norfolk, VA","VA","Virginia","6","16","3","1","55","50","159","1","0","0","0","0","0","Less Than 250 Miles"
"11:00 - 11:59","11:00 - 11:59","2023-03-06 00:00:00","2023-03-06 00:00:00","2023-03-06 00:00:00","2023-03-06 00:00:00","2023-03-06 00:00:00","2023-03-06 00:00:00","Fly Time","0","2023-03-06 00:00:00","11","11","1","2023-03-06 00:00:00","19393","WN","N8781Q","348","1383002","33830","OGG","Kahului, HI","HI","Hawaii","1217305","32134","HNL","Honolulu, HI","HI","Hawaii","13","9","9","10","45","42","100","1","0","0","0","0","0","Less Than 250 Miles"
"12:00 - 12:59","11:00 - 11:59","2023-03-06 00:00:00","2023-03-06 00:00:00","2023-03-06 00:00:00","2023-03-06 00:00:00","2023-03-06 00:00:00","2023-03-06 00:00:00","Fly Time","0","2023-03-06 00:00:00","11","12","1","2023-03-06 00:00:00","19393","WN","N7866A","2470","1288904","32211","LAS","Las Vegas, NV","NV","Nevada","1289208","32575","LAX","Los Angeles, CA","CA","California","21","10","4","6","75","60","236","1","0","0","0","0","0","Less Than 250 Miles"
"12:00 - 12:59","11:00 - 11:59","2023-03-06 00:00:00","2023-03-06 00:00:00","2023-03-06 00:00:00","2023-03-06 00:00:00","2023-03-06 00:00:00","2023-03-06 00:00:00","Fly Time","0","2023-03-06 00:00:00","11","12","1","2023-03-06 00:00:00","19393","WN","N7835A","2752","1288904","32211","LAS","Las Vegas, NV","NV","Nevada","1389101","32575","ONT","Ontario, CA","CA","California","8","13","4","-2","65","55","197","1","0","0","0","0","0","Less Than 250 Miles"
"12:00 - 12:59","11:00 - 11:59","2023-03-06 00:00:00","2023-03-06 00:00:00","2023-03-06 00:00:00","2023-03-06 00:00:00","2023-03-06 00:00:00","2023-03-06 00:00:00","Fly Time","0","2023-03-06 00:00:00","11","12","1","2023-03-06 00:00:00","19393","WN","N8746Q","1905","1217305","32134","HNL","Honolulu, HI","HI","Hawaii","1275804","32758","KOA","Kona, HI","HI","Hawaii","8","17","4","4","55","51","163","1","0","0","0","0","0","Less Than 250 Miles"
"12:00 - 12:59","11:00 - 11:59","2023-03-06 00:00:00","2023-03-06 00:00:00","2023-03-06 00:00:00","2023-03-06 00:00:00","2023-03-06 00:00:00","2023-03-06 00:00:00","Late Aircraft","22","2023-03-06 00:00:00","11","12","1","2023-03-06 00:00:00","19393","WN","N871HK","1061","1298202","32982","LIH","Lihue, HI","HI","Hawaii","1217305","32134","HNL","Honolulu, HI","HI","Hawaii","12","13","10","22","40","50","102","1","0","0","10","0","12","Less Than 250 Miles"
"12:00 - 12:59","11:00 - 11:59","2023-03-06 00:00:00","2023-03-06 00:00:00","2023-03-06 00:00:00","2023-03-06 00:00:00","2023-03-06 00:00:00","2023-03-06 00:00:00","Fly Time","0","2023-03-06 00:00:00","11","12","1","2023-03-06 00:00:00","19393","WN","N243WN","1141","1490803","32575","SNA","Santa Ana, CA","CA","California","1288904","32211","LAS","Las Vegas, NV","NV","Nevada","3","27","3","2","75","74","226","1","0","0","0","0","0","Less Than 250 Miles"
"12:00 - 12:59","11:00 - 11:59","2023-03-06 00:00:00","2023-03-06 00:00:00","2023-03-06 00:00:00","2023-03-06 00:00:00","2023-03-06 00:00:00","2023-03-06 00:00:00","Fly Time","0","2023-03-06 00:00:00","11","12","1","2023-03-06 00:00:00","19393","WN","N291WN","2364","1080003","32575","BUR","Burbank, CA","CA","California","1288904","32211","LAS","Las Vegas, NV","NV","Nevada","8","10","4","-12","75","55","223","1","0","0","0","0","0","Less Than 250 Miles"
"12:00 - 12:59","11:00 - 11:59","2023-03-06 00:00:00","2023-03-06 00:00:00","2023-03-06 00:00:00","2023-03-06 00:00:00","2023-03-06 00:00:00","2023-03-06 00:00:00","Fly Time","0","2023-03-06 00:00:00","11","12","1","2023-03-06 00:00:00","19393","WN","N550WN","20","1219103","31453","HOU","Houston, TX","TX","Texas","1125904","30194","DAL","Dallas, TX","TX","Texas","8","11","2","-4","70","58","239","1","0","0","0","0","0","Less Than 250 Miles"
"12:00 - 12:59","11:00 - 11:59","2023-03-06 00:00:00","2023-03-06 00:00:00","2023-03-06 00:00:00","2023-03-06 00:00:00","2023-03-06 00:00:00","2023-03-06 00:00:00","Fly Time","0","2023-03-06 00:00:00","11","12","1","2023-03-06 00:00:00","19393","WN","N8656B","1470","1114008","31140","CRP","Corpus Christi, TX","TX","Texas","1219103","31453","HOU","Houston, TX","TX","Texas","3","10","6","-7","60","50","187","1","0","0","0","0","0","Less Than 250 Miles"
"13:00 - 13:59","12:00 - 12:59","2023-03-06 00:00:00","2023-03-06 00:00:00","2023-03-06 00:00:00","2023-03-06 00:00:00","2023-03-06 00:00:00","2023-03-06 00:00:00","Fly Time","0","2023-03-06 00:00:00","12","13","1","2023-03-06 00:00:00","19393","WN","N7844A","975","1288904","32211","LAS","Las Vegas, NV","NV","Nevada","1080003","32575","BUR","Burbank, CA","CA","California","7","17","1","-2","75","66","223","1","0","0","0","0","0","Less Than 250 Miles"
"13:00 - 13:59","12:00 - 12:59","2023-03-06 00:00:00","2023-03-06 00:00:00","2023-03-06 00:00:00","2023-03-06 00:00:00","2023-03-06 00:00:00","2023-03-06 00:00:00","Late Aircraft","15","2023-03-06 00:00:00","12","13","1","2023-03-06 00:00:00","19393","WN","N7704B","1147","1288904","32211","LAS","Las Vegas, NV","NV","Nevada","1490803","32575","SNA","Santa Ana, CA","CA","California","16","15","4","15","65","64","226","1","4","0","0","0","11","Less Than 250 Miles"
"13:00 - 13:59","12:00 - 12:59","2023-03-06 00:00:00","2023-03-06 00:00:00","2023-03-06 00:00:00","2023-03-06 00:00:00","2023-03-06 00:00:00","2023-03-06 00:00:00","Late Aircraft","40","2023-03-06 00:00:00","12","13","1","2023-03-06 00:00:00","19393","WN","N778SW","1423","1288904","32211","LAS","Las Vegas, NV","NV","Nevada","1426204","34262","PSP","Palm Springs, CA","CA","California","32","29","4","40","60","68","173","1","0","0","8","0","32","Less Than 250 Miles"
"13:00 - 13:59","12:00 - 12:59","2023-03-06 00:00:00","2023-03-06 00:00:00","2023-03-06 00:00:00","2023-03-06 00:00:00","2023-03-06 00:00:00","2023-03-06 00:00:00","Late Aircraft","17","2023-03-06 00:00:00","12","13","1","2023-03-06 00:00:00","19393","WN","N871HK","1062","1217305","32134","HNL","Honolulu, HI","HI","Hawaii","1298202","32982","LIH","Lihue, HI","HI","Hawaii","9","27","3","17","45","53","102","1","0","0","8","0","9","Less Than 250 Miles"
"13:00 - 13:59","12:00 - 12:59","2023-03-06 00:00:00","2023-03-06 00:00:00","2023-03-06 00:00:00","2023-03-06 00:00:00","2023-03-06 00:00:00","2023-03-06 00:00:00","Airport System","15","2023-03-06 00:00:00","12","13","1","2023-03-06 00:00:00","19393","WN","N8781Q","1070","1217305","32134","HNL","Honolulu, HI","HI","Hawaii","1383002","33830","OGG","Kahului, HI","HI","Hawaii","2","28","3","15","45","58","100","1","0","0","15","0","0","Less Than 250 Miles"
"13:00 - 13:59","12:00 - 12:59","2023-03-06 00:00:00","2023-03-06 00:00:00","2023-03-06 00:00:00","2023-03-06 00:00:00","2023-03-06 00:00:00","2023-03-06 00:00:00","Fly Time","0","2023-03-06 00:00:00","12","13","1","2023-03-06 00:00:00","19393","WN","N8605E","1943","1393102","33667","ORF","Norfolk, VA","VA","Virginia","1082106","30852","BWI","Baltimore, MD","MD","Maryland","2","8","3","-12","60","46","159","1","0","0","0","0","0","Less Than 250 Miles"
"13:00 - 13:59","12:00 - 12:59","2023-03-06 00:00:00","2023-03-06 00:00:00","2023-03-06 00:00:00","2023-03-06 00:00:00","2023-03-06 00:00:00","2023-03-06 00:00:00","Fly Time","0","2023-03-06 00:00:00","12","13","1","2023-03-06 00:00:00","19393","WN","N955WN","1317","1490803","32575","SNA","Santa Ana, CA","CA","California","1288904","32211","LAS","Las Vegas, NV","NV","Nevada","5","7","3","-12","70","53","226","1","0","0","0","0","0","Less Than 250 Miles"
"13:00 - 13:59","12:00 - 12:59","2023-03-06 00:00:00","2023-03-06 00:00:00","2023-03-06 00:00:00","2023-03-06 00:00:00","2023-03-06 00:00:00","2023-03-06 00:00:00","Weather","21","2023-03-06 00:00:00","12","13","1","2023-03-06 00:00:00","19393","WN","N7876A","2054","1080003","32575","BUR","Burbank, CA","CA","California","1288904","32211","LAS","Las Vegas, NV","NV","Nevada","16","24","4","21","65","70","223","1","0","16","5","0","0","Less Than 250 Miles"
"13:00 - 13:59","12:00 - 12:59","2023-03-06 00:00:00","2023-03-06 00:00:00","2023-03-06 00:00:00","2023-03-06 00:00:00","2023-03-06 00:00:00","2023-03-06 00:00:00","Airport System","23","2023-03-06 00:00:00","12","13","1","2023-03-06 00:00:00","19393","WN","N8697C","1286","1289208","32575","LAX","Los Angeles, CA","CA","California","1288904","32211","LAS","Las Vegas, NV","NV","Nevada","4","44","5","23","70","89","236","1","0","0","23","0","0","Less Than 250 Miles"
"13:00 - 13:59","12:00 - 12:59","2023-03-06 00:00:00","2023-03-06 00:00:00","2023-03-06 00:00:00","2023-03-06 00:00:00","2023-03-06 00:00:00","2023-03-06 00:00:00","Fly Time","0","2023-03-06 00:00:00","12","13","1","2023-03-06 00:00:00","19393","WN","N7741C","26","1219103","31453","HOU","Houston, TX","TX","Texas","1125904","30194","DAL","Dallas, TX","TX","Texas","7","8","4","-4","65","54","239","1","0","0","0","0","0","Less Than 250 Miles"
"13:00 - 13:59","13:00 - 13:59","2023-03-06 00:00:00","2023-03-06 00:00:00","2023-03-06 00:00:00","2023-03-06 00:00:00","2023-03-06 00:00:00","2023-03-06 00:00:00","Fly Time","0","2023-03-06 00:00:00","13","13","1","2023-03-06 00:00:00","19393","WN","N7827A","443","1119302","33105","CVG","Cincinnati, OH","KY","Kentucky","1323202","30977","MDW","Chicago, IL","IL","Illinois","4","10","6","-7","70","59","249","1","0","0","0","0","0","Less Than 250 Miles"
"13:00 - 13:59","13:00 - 13:59","2023-03-06 00:00:00","2023-03-06 00:00:00","2023-03-06 00:00:00","2023-03-06 00:00:00","2023-03-06 00:00:00","2023-03-06 00:00:00","Fly Time","0","2023-03-06 00:00:00","13","13","1","2023-03-06 00:00:00","19393","WN","N8643A","767","1143302","31295","DTW","Detroit, MI","MI","Michigan","1323202","30977","MDW","Chicago, IL","IL","Illinois","1","16","7","2","70","71","228","1","0","0","0","0","0","Less Than 250 Miles"
"14:00 - 14:59","12:00 - 12:59","2023-03-06 00:00:00","2023-03-06 00:00:00","2023-03-06 00:00:00","2023-03-06 00:00:00","2023-03-06 00:00:00","2023-03-06 00:00:00","Fly Time","0","2023-03-06 00:00:00","12","14","1","2023-03-06 00:00:00","19393","WN","N8778Q","848","1323202","30977","MDW","Chicago, IL","IL","Illinois","1119302","33105","CVG","Cincinnati, OH","KY","Kentucky","4","11","3","-6","65","55","249","1","0","0","0","0","0","Less Than 250 Miles"
"06:00 - 06:59","06:00 - 06:59","2023-07-24 00:00:00","2023-07-24 00:00:00","2023-07-24 00:00:00","2023-07-24 00:00:00","2023-07-24 00:00:00","2023-07-24 00:00:00","Fly Time","0","2023-07-24 00:00:00","6","6","1","2023-07-24 00:00:00","19393","WN","N966WN","1587","1119302","33105","CVG","Cincinnati, OH","KY","Kentucky","1323202","30977","MDW","Chicago, IL","IL","Illinois","10","7","5","1","65","56","249","1","0","0","0","0","0","Less Than 250 Miles"
"07:00 - 07:59","06:00 - 06:59","2023-07-24 00:00:00","2023-07-24 00:00:00","2023-07-24 00:00:00","2023-07-24 00:00:00","2023-07-24 00:00:00","2023-07-24 00:00:00","Fly Time","0","2023-07-24 00:00:00","6","7","1","2023-07-24 00:00:00","19393","WN","N938WN","3066","1199603","31871","GSP","Greer, SC","SC","South Carolina","1039707","30397","ATL","Atlanta, GA","GA","Georgia","3","14","7","-5","60","52","153","1","0","0","0","0","0","Less Than 250 Miles"
"07:00 - 07:59","06:00 - 06:59","2023-07-24 00:00:00","2023-07-24 00:00:00","2023-07-24 00:00:00","2023-07-24 00:00:00","2023-07-24 00:00:00","2023-07-24 00:00:00","Fly Time","0","2023-07-24 00:00:00","6","7","1","2023-07-24 00:00:00","19393","WN","N8324A","1376","1275804","32758","KOA","Kona, HI","HI","Hawaii","1217305","32134","HNL","Honolulu, HI","HI","Hawaii","1","9","4","-5","50","44","163","1","0","0","0","0","0","Less Than 250 Miles"
"07:00 - 07:59","06:00 - 06:59","2023-07-24 00:00:00","2023-07-24 00:00:00","2023-07-24 00:00:00","2023-07-24 00:00:00","2023-07-24 00:00:00","2023-07-24 00:00:00","Fly Time","0","2023-07-24 00:00:00","6","7","1","2023-07-24 00:00:00","19393","WN","N871HK","1164","1217305","32134","HNL","Honolulu, HI","HI","Hawaii","1240203","32402","ITO","Hilo, HI","HI","Hawaii","1","13","4","-6","60","53","216","1","0","0","0","0","0","Less Than 250 Miles"
"08:00 - 08:59","07:00 - 07:59","2023-07-24 00:00:00","2023-07-24 00:00:00","2023-07-24 00:00:00","2023-07-24 00:00:00","2023-07-24 00:00:00","2023-07-24 00:00:00","Fly Time","0","2023-07-24 00:00:00","7","8","1","2023-07-24 00:00:00","19393","WN","N212WN","2933","1288904","32211","LAS","Las Vegas, NV","NV","Nevada","1389101","32575","ONT","Ontario, CA","CA","California","3","15","6","-2","60","55","197","1","0","0","0","0","0","Less Than 250 Miles"
"08:00 - 08:59","07:00 - 07:59","2023-07-24 00:00:00","2023-07-24 00:00:00","2023-07-24 00:00:00","2023-07-24 00:00:00","2023-07-24 00:00:00","2023-07-24 00:00:00","Fly Time","0","2023-07-24 00:00:00","7","8","1","2023-07-24 00:00:00","19393","WN","N275WN","2324","1288904","32211","LAS","Las Vegas, NV","NV","Nevada","1490803","32575","SNA","Santa Ana, CA","CA","California","3","20","6","5","65","67","226","1","0","0","0","0","0","Less Than 250 Miles"
"08:00 - 08:59","07:00 - 07:59","2023-07-24 00:00:00","2023-07-24 00:00:00","2023-07-24 00:00:00","2023-07-24 00:00:00","2023-07-24 00:00:00","2023-07-24 00:00:00","Fly Time","0","2023-07-24 00:00:00","7","8","1","2023-07-24 00:00:00","19393","WN","N8778Q","1382","1275804","32758","KOA","Kona, HI","HI","Hawaii","1383002","33830","OGG","Kahului, HI","HI","Hawaii","2","14","3","-2","40","36","84","1","0","0","0","0","0","Less Than 250 Miles"
"08:00 - 08:59","07:00 - 07:59","2023-07-24 00:00:00","2023-07-24 00:00:00","2023-07-24 00:00:00","2023-07-24 00:00:00","2023-07-24 00:00:00","2023-07-24 00:00:00","Fly Time","0","2023-07-24 00:00:00","7","8","1","2023-07-24 00:00:00","19393","WN","N8622A","1347","1239103","31703","ISP","Islip, NY","NY","New York","1082106","30852","BWI","Baltimore, MD","MD","Maryland","4","9","5","2","70","68","220","1","0","0","0","0","0","Less Than 250 Miles"
"08:00 - 08:59","07:00 - 07:59","2023-07-24 00:00:00","2023-07-24 00:00:00","2023-07-24 00:00:00","2023-07-24 00:00:00","2023-07-24 00:00:00","2023-07-24 00:00:00","Fly Time","0","2023-07-24 00:00:00","7","8","1","2023-07-24 00:00:00","19393","WN","N286WN","1","1125904","30194","DAL","Dallas, TX","TX","Texas","1219103","31453","HOU","Houston, TX","TX","Texas","1","7","11","-7","65","57","239","1","0","0","0","0","0","Less Than 250 Miles"
"09:00 - 09:59","08:00 - 08:59","2023-07-24 00:00:00","2023-07-24 00:00:00","2023-07-24 00:00:00","2023-07-24 00:00:00","2023-07-24 00:00:00","2023-07-24 00:00:00","Fly Time","0","2023-07-24 00:00:00","8","9","1","2023-07-24 00:00:00","19393","WN","N914WN","960","1288904","32211","LAS","Las Vegas, NV","NV","Nevada","1490803","32575","SNA","Santa Ana, CA","CA","California","8","9","3","-5","65","52","226","1","0","0","0","0","0","Less Than 250 Miles"
"09:00 - 09:59","08:00 - 08:59","2023-07-24 00:00:00","2023-07-24 00:00:00","2023-07-24 00:00:00","2023-07-24 00:00:00","2023-07-24 00:00:00","2023-07-24 00:00:00","Fly Time","0","2023-07-24 00:00:00","8","9","1","2023-07-24 00:00:00","19393","WN","N494WN","2687","1288904","32211","LAS","Las Vegas, NV","NV","Nevada","1080003","32575","BUR","Burbank, CA","CA","California","4","9","17","3","70","69","223","1","0","0","0","0","0","Less Than 250 Miles"
"09:00 - 09:59","08:00 - 08:59","2023-07-24 00:00:00","2023-07-24 00:00:00","2023-07-24 00:00:00","2023-07-24 00:00:00","2023-07-24 00:00:00","2023-07-24 00:00:00","Fly Time","0","2023-07-24 00:00:00","8","9","1","2023-07-24 00:00:00","19393","WN","N8739L","534","1129202","30325","DEN","Denver, CO","CO","Colorado","1110902","30189","COS","Colorado Springs, CO","CO","Colorado","2","15","5","-4","45","39","73","1","0","0","0","0","0","Less Than 250 Miles"
"09:00 - 09:59","08:00 - 08:59","2023-07-24 00:00:00","2023-07-24 00:00:00","2023-07-24 00:00:00","2023-07-24 00:00:00","2023-07-24 00:00:00","2023-07-24 00:00:00","Airport System","37","2023-07-24 00:00:00","8","9","1","2023-07-24 00:00:00","19393","WN","N493WN","3374","1501606","31123","STL","St. Louis, MO","MO","Missouri","1319801","33198","MCI","Kansas City, MO","MO","Missouri","7","20","5","37","60","90","237","1","7","0","30","0","0","Less Than 250 Miles"
"09:00 - 09:59","08:00 - 08:59","2023-07-24 00:00:00","2023-07-24 00:00:00","2023-07-24 00:00:00","2023-07-24 00:00:00","2023-07-24 00:00:00","2023-07-24 00:00:00","Fly Time","0","2023-07-24 00:00:00","8","9","1","2023-07-24 00:00:00","19393","WN","N240WN","3389","1295407","32575","LGB","Long Beach, CA","CA","California","1288904","32211","LAS","Las Vegas, NV","NV","Nevada","13","8","3","5","65","57","231","1","0","0","0","0","0","Less Than 250 Miles"
"09:00 - 09:59","08:00 - 08:59","2023-07-24 00:00:00","2023-07-24 00:00:00","2023-07-24 00:00:00","2023-07-24 00:00:00","2023-07-24 00:00:00","2023-07-24 00:00:00","Fly Time","0","2023-07-24 00:00:00","8","9","1","2023-07-24 00:00:00","19393","WN","N8695D","794","1468305","33214","SAT","San Antonio, TX","TX","Texas","1125904","30194","DAL","Dallas, TX","TX","Texas","6","8","3","-5","70","59","247","1","0","0","0","0","0","Less Than 250 Miles"
"09:00 - 09:59","08:00 - 08:59","2023-07-24 00:00:00","2023-07-24 00:00:00","2023-07-24 00:00:00","2023-07-24 00:00:00","2023-07-24 00:00:00","2023-07-24 00:00:00","Carrier","15","2023-07-24 00:00:00","8","9","1","2023-07-24 00:00:00","19393","WN","N8576Z","1700","1042302","30423","AUS","Austin, TX","TX","Texas","1125904","30194","DAL","Dallas, TX","TX","Texas","20","12","3","15","60","55","189","1","14","0","0","0","1","Less Than 250 Miles"
"09:00 - 09:59","08:00 - 08:59","2023-07-24 00:00:00","2023-07-24 00:00:00","2023-07-24 00:00:00","2023-07-24 00:00:00","2023-07-24 00:00:00","2023-07-24 00:00:00","Fly Time","0","2023-07-24 00:00:00","8","9","1","2023-07-24 00:00:00","19393","WN","N8639B","3727","1082106","30852","BWI","Baltimore, MD","MD","Maryland","1393102","33667","ORF","Norfolk, VA","VA","Virginia","4","17","3","4","55","55","159","1","0","0","0","0","0","Less Than 250 Miles"
"10:00 - 10:59","07:00 - 07:59","2023-07-24 00:00:00","2023-07-24 00:00:00","2023-07-24 00:00:00","2023-07-24 00:00:00","2023-07-24 00:00:00","2023-07-24 00:00:00","Fly Time","0","2023-07-24 00:00:00","7","10","1","2023-07-24 00:00:00","19393","WN","N8575Z","3298","1323202","30977","MDW","Chicago, IL","IL","Illinois","1143302","31295","DTW","Detroit, MI","MI","Michigan","4","29","4","8","65","69","228","1","0","0","0","0","0","Less Than 250 Miles"
"10:00 - 10:59","08:00 - 08:59","2023-07-24 00:00:00","2023-07-24 00:00:00","2023-07-24 00:00:00","2023-07-24 00:00:00","2023-07-24 00:00:00","2023-07-24 00:00:00","Fly Time","0","2023-07-24 00:00:00","8","10","1","2023-07-24 00:00:00","19393","WN","N8756S","2780","1288904","32211","LAS","Las Vegas, NV","NV","Nevada","1295407","32575","LGB","Long Beach, CA","CA","California","7","15","3","2","65","60","231","1","0","0","0","0","0","Less Than 250 Miles"
"10:00 - 10:59","08:00 - 08:59","2023-07-24 00:00:00","2023-07-24 00:00:00","2023-07-24 00:00:00","2023-07-24 00:00:00","2023-07-24 00:00:00","2023-07-24 00:00:00","Fly Time","0","2023-07-24 00:00:00","8","10","1","2023-07-24 00:00:00","19393","WN","N908WN","3202","1069302","30693","BNA","Nashville, TN","TN","Tennessee","1039707","30397","ATL","Atlanta, GA","GA","Georgia","8","10","7","-7","70","55","214","1","0","0","0","0","0","Less Than 250 Miles"
"10:00 - 10:59","09:00 - 09:59","2023-07-24 00:00:00","2023-07-24 00:00:00","2023-07-24 00:00:00","2023-07-24 00:00:00","2023-07-24 00:00:00","2023-07-24 00:00:00","Late Aircraft","33","2023-07-24 00:00:00","9","10","1","2023-07-24 00:00:00","19393","WN","N208WN","522","1320402","31454","MCO","Orlando, FL","FL","Florida","1169706","32467","FLL","Fort Lauderdale, FL","FL","Florida","48","11","5","33","65","50","177","1","1","0","0","0","32","Less Than 250 Miles"
"10:00 - 10:59","09:00 - 09:59","2023-07-24 00:00:00","2023-07-24 00:00:00","2023-07-24 00:00:00","2023-07-24 00:00:00","2023-07-24 00:00:00","2023-07-24 00:00:00","Late Aircraft","38","2023-07-24 00:00:00","9","10","1","2023-07-24 00:00:00","19393","WN","N8826Q","1060","1530402","33195","TPA","Tampa, FL","FL","Florida","1169706","32467","FLL","Fort Lauderdale, FL","FL","Florida","40","15","6","38","65","63","197","1","0","0","0","0","38","Less Than 250 Miles"
"10:00 - 10:59","09:00 - 09:59","2023-07-24 00:00:00","2023-07-24 00:00:00","2023-07-24 00:00:00","2023-07-24 00:00:00","2023-07-24 00:00:00","2023-07-24 00:00:00","Fly Time","0","2023-07-24 00:00:00","9","10","1","2023-07-24 00:00:00","19393","WN","N8790Q","3888","1217305","32134","HNL","Honolulu, HI","HI","Hawaii","1383002","33830","OGG","Kahului, HI","HI","Hawaii","10","16","4","7","45","42","100","1","0","0","0","0","0","Less Than 250 Miles"
"10:00 - 10:59","09:00 - 09:59","2023-07-24 00:00:00","2023-07-24 00:00:00","2023-07-24 00:00:00","2023-07-24 00:00:00","2023-07-24 00:00:00","2023-07-24 00:00:00","Fly Time","0","2023-07-24 00:00:00","9","10","1","2023-07-24 00:00:00","19393","WN","N8639B","382","1393102","33667","ORF","Norfolk, VA","VA","Virginia","1082106","30852","BWI","Baltimore, MD","MD","Maryland","4","8","3","-9","60","47","159","1","0","0","0","0","0","Less Than 250 Miles"
"10:00 - 10:59","09:00 - 09:59","2023-07-24 00:00:00","2023-07-24 00:00:00","2023-07-24 00:00:00","2023-07-24 00:00:00","2023-07-24 00:00:00","2023-07-24 00:00:00","Fly Time","0","2023-07-24 00:00:00","9","10","1","2023-07-24 00:00:00","19393","WN","N461WN","3181","1319801","33198","MCI","Kansas City, MO","MO","Missouri","1501606","31123","STL","St. Louis, MO","MO","Missouri","3","7","3","-8","60","49","237","1","0","0","0","0","0","Less Than 250 Miles"
"10:00 - 10:59","09:00 - 09:59","2023-07-24 00:00:00","2023-07-24 00:00:00","2023-07-24 00:00:00","2023-07-24 00:00:00","2023-07-24 00:00:00","2023-07-24 00:00:00","Fly Time","0","2023-07-24 00:00:00","9","10","1","2023-07-24 00:00:00","19393","WN","N282WN","3313","1080003","32575","BUR","Burbank, CA","CA","California","1288904","32211","LAS","Las Vegas, NV","NV","Nevada","7","11","5","-4","70","59","223","1","0","0","0","0","0","Less Than 250 Miles"
"10:00 - 10:59","09:00 - 09:59","2023-07-24 00:00:00","2023-07-24 00:00:00","2023-07-24 00:00:00","2023-07-24 00:00:00","2023-07-24 00:00:00","2023-07-24 00:00:00","Fly Time","0","2023-07-24 00:00:00","9","10","1","2023-07-24 00:00:00","19393","WN","N8788L","14","1219103","31453","HOU","Houston, TX","TX","Texas","1125904","30194","DAL","Dallas, TX","TX","Texas","2","10","19","14","60","72","239","1","0","0","0","0","0","Less Than 250 Miles"
"11:00 - 11:59","10:00 - 10:59","2023-07-24 00:00:00","2023-07-24 00:00:00","2023-07-24 00:00:00","2023-07-24 00:00:00","2023-07-24 00:00:00","2023-07-24 00:00:00","Fly Time","0","2023-07-24 00:00:00","10","11","1","2023-07-24 00:00:00","19393","WN","N7814B","3018","1288904","32211","LAS","Las Vegas, NV","NV","Nevada","1389101","32575","ONT","Ontario, CA","CA","California","15","12","5","6","60","51","197","1","0","0","0","0","0","Less Than 250 Miles"
"11:00 - 11:59","10:00 - 10:59","2023-07-24 00:00:00","2023-07-24 00:00:00","2023-07-24 00:00:00","2023-07-24 00:00:00","2023-07-24 00:00:00","2023-07-24 00:00:00","Fly Time","0","2023-07-24 00:00:00","10","11","1","2023-07-24 00:00:00","19393","WN","N8818Q","2711","1288904","32211","LAS","Las Vegas, NV","NV","Nevada","1295407","32575","LGB","Long Beach, CA","CA","California","7","26","3","13","65","71","231","1","0","0","0","0","0","Less Than 250 Miles"
"11:00 - 11:59","10:00 - 10:59","2023-07-24 00:00:00","2023-07-24 00:00:00","2023-07-24 00:00:00","2023-07-24 00:00:00","2023-07-24 00:00:00","2023-07-24 00:00:00","Fly Time","0","2023-07-24 00:00:00","10","11","1","2023-07-24 00:00:00","19393","WN","N8832H","2943","1239103","31703","ISP","Islip, NY","NY","New York","1082106","30852","BWI","Baltimore, MD","MD","Maryland","11","12","4","6","75","70","220","1","0","0","0","0","0","Less Than 250 Miles"
"11:00 - 11:59","10:00 - 10:59","2023-07-24 00:00:00","2023-07-24 00:00:00","2023-07-24 00:00:00","2023-07-24 00:00:00","2023-07-24 00:00:00","2023-07-24 00:00:00","Late Aircraft","33","2023-07-24 00:00:00","10","11","1","2023-07-24 00:00:00","19393","WN","N955WN","1183","1412202","30198","PIT","Pittsburgh, PA","PA","Pennsylvania","1082106","30852","BWI","Baltimore, MD","MD","Maryland","43","9","5","33","65","55","210","1","0","0","0","0","33","Less Than 250 Miles"
"11:00 - 11:59","10:00 - 10:59","2023-07-24 00:00:00","2023-07-24 00:00:00","2023-07-24 00:00:00","2023-07-24 00:00:00","2023-07-24 00:00:00","2023-07-24 00:00:00","Late Aircraft","26","2023-07-24 00:00:00","10","11","1","2023-07-24 00:00:00","19393","WN","N8804L","3477","1082106","30852","BWI","Baltimore, MD","MD","Maryland","1239103","31703","ISP","Islip, NY","NY","New York","34","12","4","26","65","57","220","1","11","0","0","0","15","Less Than 250 Miles"
"11:00 - 11:59","10:00 - 10:59","2023-07-24 00:00:00","2023-07-24 00:00:00","2023-07-24 00:00:00","2023-07-24 00:00:00","2023-07-24 00:00:00","2023-07-24 00:00:00","Fly Time","0","2023-07-24 00:00:00","10","11","1","2023-07-24 00:00:00","19393","WN","N453WN","874","1082106","30852","BWI","Baltimore, MD","MD","Maryland","1412202","30198","PIT","Pittsburgh, PA","PA","Pennsylvania","3","9","5","-8","60","49","210","1","0","0","0","0","0","Less Than 250 Miles"
"11:00 - 11:59","10:00 - 10:59","2023-07-24 00:00:00","2023-07-24 00:00:00","2023-07-24 00:00:00","2023-07-24 00:00:00","2023-07-24 00:00:00","2023-07-24 00:00:00","Fly Time","0","2023-07-24 00:00:00","10","11","1","2023-07-24 00:00:00","19393","WN","N422WN","1090","1039707","30397","ATL","Atlanta, GA","GA","Georgia","1199603","31871","GSP","Greer, SC","SC","South Carolina","3","16","4","-7","60","50","153","1","0","0","0","0","0","Less Than 250 Miles"
"11:00 - 11:59","10:00 - 10:59","2023-07-24 00:00:00","2023-07-24 00:00:00","2023-07-24 00:00:00","2023-07-24 00:00:00","2023-07-24 00:00:00","2023-07-24 00:00:00","Fly Time","0","2023-07-24 00:00:00","10","11","1","2023-07-24 00:00:00","19393","WN","N7831B","23","1125904","30194","DAL","Dallas, TX","TX","Texas","1219103","31453","HOU","Houston, TX","TX","Texas","15","14","5","4","70","59","239","1","0","0","0","0","0","Less Than 250 Miles"
"12:00 - 12:59","10:00 - 10:59","2023-07-24 00:00:00","2023-07-24 00:00:00","2023-07-24 00:00:00","2023-07-24 00:00:00","2023-07-24 00:00:00","2023-07-24 00:00:00","Fly Time","0","2023-07-24 00:00:00","10","12","1","2023-07-24 00:00:00","19393","WN","N282WN","3488","1288904","32211","LAS","Las Vegas, NV","NV","Nevada","1490803","32575","SNA","Santa Ana, CA","CA","California","4","21","5","4","65","65","226","1","0","0","0","0","0","Less Than 250 Miles"
"12:00 - 12:59","11:00 - 11:59","2023-07-24 00:00:00","2023-07-24 00:00:00","2023-07-24 00:00:00","2023-07-24 00:00:00","2023-07-24 00:00:00","2023-07-24 00:00:00","Fly Time","0","2023-07-24 00:00:00","11","12","1","2023-07-24 00:00:00","19393","WN","N8562Z","2886","1288904","32211","LAS","Las Vegas, NV","NV","Nevada","1426204","34262","PSP","Palm Springs, CA","CA","California","14","16","3","7","60","53","173","1","0","0","0","0","0","Less Than 250 Miles"
"12:00 - 12:59","11:00 - 11:59","2023-07-24 00:00:00","2023-07-24 00:00:00","2023-07-24 00:00:00","2023-07-24 00:00:00","2023-07-24 00:00:00","2023-07-24 00:00:00","Fly Time","0","2023-07-24 00:00:00","11","12","1","2023-07-24 00:00:00","19393","WN","N938WN","3066","1129202","30325","DEN","Denver, CO","CO","Colorado","1209402","34699","HDN","Hayden, CO","CO","Colorado","4","19","5","-1","55","50","141","1","0","0","0","0","0","Less Than 250 Miles"
"12:00 - 12:59","11:00 - 11:59","2023-07-24 00:00:00","2023-07-24 00:00:00","2023-07-24 00:00:00","2023-07-24 00:00:00","2023-07-24 00:00:00","2023-07-24 00:00:00","Fly Time","0","2023-07-24 00:00:00","11","12","1","2023-07-24 00:00:00","19393","WN","N8318F","1191","1217305","32134","HNL","Honolulu, HI","HI","Hawaii","1383002","33830","OGG","Kahului, HI","HI","Hawaii","5","13","5","-10","55","40","100","1","0","0","0","0","0","Less Than 250 Miles"
"12:00 - 12:59","11:00 - 11:59","2023-07-24 00:00:00","2023-07-24 00:00:00","2023-07-24 00:00:00","2023-07-24 00:00:00","2023-07-24 00:00:00","2023-07-24 00:00:00","Fly Time","0","2023-07-24 00:00:00","11","12","1","2023-07-24 00:00:00","19393","WN","N8727M","2600","1217305","32134","HNL","Honolulu, HI","HI","Hawaii","1275804","32758","KOA","Kona, HI","HI","Hawaii","3","15","3","-5","55","47","163","1","0","0","0","0","0","Less Than 250 Miles"
"12:00 - 12:59","11:00 - 11:59","2023-07-24 00:00:00","2023-07-24 00:00:00","2023-07-24 00:00:00","2023-07-24 00:00:00","2023-07-24 00:00:00","2023-07-24 00:00:00","Fly Time","0","2023-07-24 00:00:00","11","12","1","2023-07-24 00:00:00","19393","WN","N904WN","3317","1289208","32575","LAX","Los Angeles, CA","CA","California","1288904","32211","LAS","Las Vegas, NV","NV","Nevada","1","7","3","-10","65","54","236","1","0","0","0","0","0","Less Than 250 Miles"
"12:00 - 12:59","11:00 - 11:59","2023-07-24 00:00:00","2023-07-24 00:00:00","2023-07-24 00:00:00","2023-07-24 00:00:00","2023-07-24 00:00:00","2023-07-24 00:00:00","Fly Time","0","2023-07-24 00:00:00","11","12","1","2023-07-24 00:00:00","19393","WN","N272WN","2594","1295407","32575","LGB","Long Beach, CA","CA","California","1288904","32211","LAS","Las Vegas, NV","NV","Nevada","18","14","3","13","65","60","231","1","0","0","0","0","0","Less Than 250 Miles"
"12:00 - 12:59","11:00 - 11:59","2023-07-24 00:00:00","2023-07-24 00:00:00","2023-07-24 00:00:00","2023-07-24 00:00:00","2023-07-24 00:00:00","2023-07-24 00:00:00","Fly Time","0","2023-07-24 00:00:00","11","12","1","2023-07-24 00:00:00","19393","WN","N940WN","1687","1389101","32575","ONT","Ontario, CA","CA","California","1288904","32211","LAS","Las Vegas, NV","NV","Nevada","2","17","5","0","65","63","197","1","0","0","0","0","0","Less Than 250 Miles"
"12:00 - 12:59","11:00 - 11:59","2023-07-24 00:00:00","2023-07-24 00:00:00","2023-07-24 00:00:00","2023-07-24 00:00:00","2023-07-24 00:00:00","2023-07-24 00:00:00","Fly Time","0","2023-07-24 00:00:00","11","12","1","2023-07-24 00:00:00","19393","WN","N8312C","263","1125904","30194","DAL","Dallas, TX","TX","Texas","1537002","34653","TUL","Tulsa, OK","OK","Oklahoma","12","10","3","2","65","55","238","1","0","0","0","0","0","Less Than 250 Miles"
"12:00 - 12:59","11:00 - 11:59","2023-07-24 00:00:00","2023-07-24 00:00:00","2023-07-24 00:00:00","2023-07-24 00:00:00","2023-07-24 00:00:00","2023-07-24 00:00:00","Fly Time","0","2023-07-24 00:00:00","11","12","1","2023-07-24 00:00:00","19393","WN","N8646B","2409","1468305","33214","SAT","San Antonio, TX","TX","Texas","1125904","30194","DAL","Dallas, TX","TX","Texas","1","9","6","-4","70","65","247","1","0","0","0","0","0","Less Than 250 Miles"
"12:00 - 12:59","11:00 - 11:59","2023-07-24 00:00:00","2023-07-24 00:00:00","2023-07-24 00:00:00","2023-07-24 00:00:00","2023-07-24 00:00:00","2023-07-24 00:00:00","Carrier","17","2023-07-24 00:00:00","11","12","1","2023-07-24 00:00:00","19393","WN","N8822Q","20","1219103","31453","HOU","Houston, TX","TX","Texas","1125904","30194","DAL","Dallas, TX","TX","Texas","18","15","4","17","65","64","239","1","16","0","0","0","1","Less Than 250 Miles"
"12:00 - 12:59","11:00 - 11:59","2023-07-24 00:00:00","2023-07-24 00:00:00","2023-07-24 00:00:00","2023-07-24 00:00:00","2023-07-24 00:00:00","2023-07-24 00:00:00","Fly Time","0","2023-07-24 00:00:00","11","12","1","2023-07-24 00:00:00","19393","WN","N7875A","2045","1042302","30423","AUS","Austin, TX","TX","Texas","1125904","30194","DAL","Dallas, TX","TX","Texas","1","15","4","0","60","59","189","1","0","0","0","0","0","Less Than 250 Miles"
"12:00 - 12:59","11:00 - 11:59","2023-07-24 00:00:00","2023-07-24 00:00:00","2023-07-24 00:00:00","2023-07-24 00:00:00","2023-07-24 00:00:00","2023-07-24 00:00:00","Fly Time","0","2023-07-24 00:00:00","11","12","1","2023-07-24 00:00:00","19393","WN","N8639B","2210","1082106","30852","BWI","Baltimore, MD","MD","Maryland","1393102","33667","ORF","Norfolk, VA","VA","Virginia","5","13","3","1","55","51","159","1","0","0","0","0","0","Less Than 250 Miles"
"12:00 - 12:59","12:00 - 12:59","2023-07-24 00:00:00","2023-07-24 00:00:00","2023-07-24 00:00:00","2023-07-24 00:00:00","2023-07-24 00:00:00","2023-07-24 00:00:00","Airport System","15","2023-07-24 00:00:00","12","12","1","2023-07-24 00:00:00","19393","WN","N8722L","2899","1217305","32134","HNL","Honolulu, HI","HI","Hawaii","1298202","32982","LIH","Lihue, HI","HI","Hawaii","4","20","3","15","50","61","102","1","0","0","15","0","0","Less Than 250 Miles"
"13:00 - 13:59","12:00 - 12:59","2023-07-24 00:00:00","2023-07-24 00:00:00","2023-07-24 00:00:00","2023-07-24 00:00:00","2023-07-24 00:00:00","2023-07-24 00:00:00","Fly Time","0","2023-07-24 00:00:00","12","13","1","2023-07-24 00:00:00","19393","WN","N282WN","1205","1490803","32575","SNA","Santa Ana, CA","CA","California","1288904","32211","LAS","Las Vegas, NV","NV","Nevada","11","12","10","7","70","66","226","1","0","0","0","0","0","Less Than 250 Miles"
"13:00 - 13:59","12:00 - 12:59","2023-07-24 00:00:00","2023-07-24 00:00:00","2023-07-24 00:00:00","2023-07-24 00:00:00","2023-07-24 00:00:00","2023-07-24 00:00:00","Fly Time","0","2023-07-24 00:00:00","12","13","1","2023-07-24 00:00:00","19393","WN","N563WN","26","1219103","31453","HOU","Houston, TX","TX","Texas","1125904","30194","DAL","Dallas, TX","TX","Texas","13","8","6","5","65","57","239","1","0","0","0","0","0","Less Than 250 Miles"
"13:00 - 13:59","12:00 - 12:59","2023-07-24 00:00:00","2023-07-24 00:00:00","2023-07-24 00:00:00","2023-07-24 00:00:00","2023-07-24 00:00:00","2023-07-24 00:00:00","Fly Time","0","2023-07-24 00:00:00","12","13","1","2023-07-24 00:00:00","19393","WN","N8561Z","2359","1042302","30423","AUS","Austin, TX","TX","Texas","1219103","31453","HOU","Houston, TX","TX","Texas","22","11","5","14","55","47","148","1","0","0","0","0","0","Less Than 250 Miles"
"13:00 - 13:59","13:00 - 13:59","2023-07-24 00:00:00","2023-07-24 00:00:00","2023-07-24 00:00:00","2023-07-24 00:00:00","2023-07-24 00:00:00","2023-07-24 00:00:00","Fly Time","0","2023-07-24 00:00:00","13","13","1","2023-07-24 00:00:00","19393","WN","N8820L","1289","1143302","31295","DTW","Detroit, MI","MI","Michigan","1323202","30977","MDW","Chicago, IL","IL","Illinois","4","10","7","-4","70","62","228","1","0","0","0","0","0","Less Than 250 Miles"
"14:00 - 14:59","12:00 - 12:59","2023-07-24 00:00:00","2023-07-24 00:00:00","2023-07-24 00:00:00","2023-07-24 00:00:00","2023-07-24 00:00:00","2023-07-24 00:00:00","Fly Time","0","2023-07-24 00:00:00","12","14","1","2023-07-24 00:00:00","19393","WN","N275WN","3366","1080003","32575","BUR","Burbank, CA","CA","California","1288904","32211","LAS","Las Vegas, NV","NV","Nevada","17","12","9","10","70","63","223","1","0","0","0","0","0","Less Than 250 Miles"
"14:00 - 14:59","13:00 - 13:59","2023-07-24 00:00:00","2023-07-24 00:00:00","2023-07-24 00:00:00","2023-07-24 00:00:00","2023-07-24 00:00:00","2023-07-24 00:00:00","Carrier","24","2023-07-24 00:00:00","13","14","1","2023-07-24 00:00:00","19393","WN","N272WN","1537","1288904","32211","LAS","Las Vegas, NV","NV","Nevada","1080003","32575","BUR","Burbank, CA","CA","California","40","17","2","24","75","59","223","1","15","0","0","0","9","Less Than 250 Miles"
"14:00 - 14:59","13:00 - 13:59","2023-07-24 00:00:00","2023-07-24 00:00:00","2023-07-24 00:00:00","2023-07-24 00:00:00","2023-07-24 00:00:00","2023-07-24 00:00:00","Late Aircraft","15","2023-07-24 00:00:00","13","14","1","2023-07-24 00:00:00","19393","WN","N8852Q","2945","1288904","32211","LAS","Las Vegas, NV","NV","Nevada","1289208","32575","LAX","Los Angeles, CA","CA","California","24","21","4","15","75","66","236","1","1","0","0","0","14","Less Than 250 Miles"
"14:00 - 14:59","13:00 - 13:59","2023-07-24 00:00:00","2023-07-24 00:00:00","2023-07-24 00:00:00","2023-07-24 00:00:00","2023-07-24 00:00:00","2023-07-24 00:00:00","Fly Time","0","2023-07-24 00:00:00","13","14","1","2023-07-24 00:00:00","19393","WN","N938WN","908","1209402","34699","HDN","Hayden, CO","CO","Colorado","1129202","30325","DEN","Denver, CO","CO","Colorado","6","11","5","-11","60","43","141","1","0","0","0","0","0","Less Than 250 Miles"
"14:00 - 14:59","13:00 - 13:59","2023-07-24 00:00:00","2023-07-24 00:00:00","2023-07-24 00:00:00","2023-07-24 00:00:00","2023-07-24 00:00:00","2023-07-24 00:00:00","Fly Time","0","2023-07-24 00:00:00","13","14","1","2023-07-24 00:00:00","19393","WN","N7723E","2448","1129202","30325","DEN","Denver, CO","CO","Colorado","1350202","33502","MTJ","Montrose/Delta, CO","CO","Colorado","16","12","4","8","55","47","196","1","0","0","0","0","0","Less Than 250 Miles"
"14:00 - 14:59","13:00 - 13:59","2023-07-24 00:00:00","2023-07-24 00:00:00","2023-07-24 00:00:00","2023-07-24 00:00:00","2023-07-24 00:00:00","2023-07-24 00:00:00","Fly Time","0","2023-07-24 00:00:00","13","14","1","2023-07-24 00:00:00","19393","WN","N8759Q","3903","1217305","32134","HNL","Honolulu, HI","HI","Hawaii","1383002","33830","OGG","Kahului, HI","HI","Hawaii","2","18","3","-10","55","43","100","1","0","0","0","0","0","Less Than 250 Miles"
"14:00 - 14:59","13:00 - 13:59","2023-07-24 00:00:00","2023-07-24 00:00:00","2023-07-24 00:00:00","2023-07-24 00:00:00","2023-07-24 00:00:00","2023-07-24 00:00:00","Carrier","56","2023-07-24 00:00:00","13","14","1","2023-07-24 00:00:00","19393","WN","N8724J","2002","1217305","32134","HNL","Honolulu, HI","HI","Hawaii","1275804","32758","KOA","Kona, HI","HI","Hawaii","57","21","4","56","55","54","163","1","41","0","0","0","15","Less Than 250 Miles"
"06:00 - 06:59","06:00 - 06:59","2023-07-03 00:00:00","2023-07-03 00:00:00","2023-07-03 00:00:00","2023-07-03 00:00:00","2023-07-03 00:00:00","2023-07-03 00:00:00","Carrier","23","2023-07-03 00:00:00","6","6","1","2023-07-03 00:00:00","19393","WN","N908WN","697","1119302","33105","CVG","Cincinnati, OH","KY","Kentucky","1323202","30977","MDW","Chicago, IL","IL","Illinois","28","8","5","23","60","55","249","1","23","0","0","0","0","Less Than 250 Miles"
"06:00 - 06:59","06:00 - 06:59","2023-07-03 00:00:00","2023-07-03 00:00:00","2023-07-03 00:00:00","2023-07-03 00:00:00","2023-07-03 00:00:00","2023-07-03 00:00:00","Carrier","54","2023-07-03 00:00:00","6","6","1","2023-07-03 00:00:00","19393","WN","N8814K","1039","1143302","31295","DTW","Detroit, MI","MI","Michigan","1323202","30977","MDW","Chicago, IL","IL","Illinois","54","17","11","54","70","70","228","1","54","0","0","0","0","Less Than 250 Miles"
"07:00 - 07:59","06:00 - 06:59","2023-07-03 00:00:00","2023-07-03 00:00:00","2023-07-03 00:00:00","2023-07-03 00:00:00","2023-07-03 00:00:00","2023-07-03 00:00:00","Fly Time","0","2023-07-03 00:00:00","6","7","1","2023-07-03 00:00:00","19393","WN","N773SA","3418","1288904","32211","LAS","Las Vegas, NV","NV","Nevada","1080003","32575","BUR","Burbank, CA","CA","California","27","11","1","13","70","56","223","1","0","0","0","0","0","Less Than 250 Miles"
"07:00 - 07:59","06:00 - 06:59","2023-07-03 00:00:00","2023-07-03 00:00:00","2023-07-03 00:00:00","2023-07-03 00:00:00","2023-07-03 00:00:00","2023-07-03 00:00:00","Fly Time","0","2023-07-03 00:00:00","6","7","1","2023-07-03 00:00:00","19393","WN","N7740A","1462","1288904","32211","LAS","Las Vegas, NV","NV","Nevada","1490803","32575","SNA","Santa Ana, CA","CA","California","11","10","3","1","65","55","226","1","0","0","0","0","0","Less Than 250 Miles"
"07:00 - 07:59","06:00 - 06:59","2023-07-03 00:00:00","2023-07-03 00:00:00","2023-07-03 00:00:00","2023-07-03 00:00:00","2023-07-03 00:00:00","2023-07-03 00:00:00","Fly Time","0","2023-07-03 00:00:00","6","7","1","2023-07-03 00:00:00","19393","WN","N558WN","2197","1393102","33667","ORF","Norfolk, VA","VA","Virginia","1082106","30852","BWI","Baltimore, MD","MD","Maryland","1","12","3","-10","60","49","159","1","0","0","0","0","0","Less Than 250 Miles"
"07:00 - 07:59","06:00 - 06:59","2023-07-03 00:00:00","2023-07-03 00:00:00","2023-07-03 00:00:00","2023-07-03 00:00:00","2023-07-03 00:00:00","2023-07-03 00:00:00","Fly Time","0","2023-07-03 00:00:00","6","7","1","2023-07-03 00:00:00","19393","WN","N469WN","3673","1125904","30194","DAL","Dallas, TX","TX","Texas","1468305","33214","SAT","San Antonio, TX","TX","Texas","25","5","2","12","60","47","247","1","0","0","0","0","0","Less Than 250 Miles"
"07:00 - 07:59","06:00 - 06:59","2023-07-03 00:00:00","2023-07-03 00:00:00","2023-07-03 00:00:00","2023-07-03 00:00:00","2023-07-03 00:00:00","2023-07-03 00:00:00","Fly Time","0","2023-07-03 00:00:00","6","7","1","2023-07-03 00:00:00","19393","WN","N8833L","3072","1226603","31453","IAH","Houston, TX","TX","Texas","1125904","30194","DAL","Dallas, TX","TX","Texas","0","14","5","1","60","61","216","1","0","0","0","0","0","Less Than 250 Miles"
"08:00 - 08:59","07:00 - 07:59","2023-07-03 00:00:00","2023-07-03 00:00:00","2023-07-03 00:00:00","2023-07-03 00:00:00","2023-07-03 00:00:00","2023-07-03 00:00:00","Fly Time","0","2023-07-03 00:00:00","7","8","1","2023-07-03 00:00:00","19393","WN","N8779Q","2416","1457002","34570","RNO","Reno, NV","NV","Nevada","1379610","32457","OAK","Oakland, CA","CA","California","2","13","4","-4","60","54","181","1","0","0","0","0","0","Less Than 250 Miles"
"08:00 - 08:59","07:00 - 07:59","2023-07-03 00:00:00","2023-07-03 00:00:00","2023-07-03 00:00:00","2023-07-03 00:00:00","2023-07-03 00:00:00","2023-07-03 00:00:00","Fly Time","0","2023-07-03 00:00:00","7","8","1","2023-07-03 00:00:00","19393","WN","N935WN","1560","1295407","32575","LGB","Long Beach, CA","CA","California","1288904","32211","LAS","Las Vegas, NV","NV","Nevada","19","9","7","9","70","60","231","1","0","0","0","0","0","Less Than 250 Miles"
"08:00 - 08:59","07:00 - 07:59","2023-07-03 00:00:00","2023-07-03 00:00:00","2023-07-03 00:00:00","2023-07-03 00:00:00","2023-07-03 00:00:00","2023-07-03 00:00:00","Fly Time","0","2023-07-03 00:00:00","7","8","1","2023-07-03 00:00:00","19393","WN","N469WN","787","1468305","33214","SAT","San Antonio, TX","TX","Texas","1125904","30194","DAL","Dallas, TX","TX","Texas","9","6","3","-13","70","48","247","1","0","0","0","0","0","Less Than 250 Miles"
"08:00 - 08:59","07:00 - 07:59","2023-07-03 00:00:00","2023-07-03 00:00:00","2023-07-03 00:00:00","2023-07-03 00:00:00","2023-07-03 00:00:00","2023-07-03 00:00:00","Fly Time","0","2023-07-03 00:00:00","7","8","1","2023-07-03 00:00:00","19393","WN","N8635F","1529","1125904","30194","DAL","Dallas, TX","TX","Texas","1468305","33214","SAT","San Antonio, TX","TX","Texas","3","7","4","-9","65","53","247","1","0","0","0","0","0","Less Than 250 Miles"
"09:00 - 09:59","07:00 - 07:59","2023-07-03 00:00:00","2023-07-03 00:00:00","2023-07-03 00:00:00","2023-07-03 00:00:00","2023-07-03 00:00:00","2023-07-03 00:00:00","Fly Time","0","2023-07-03 00:00:00","7","9","1","2023-07-03 00:00:00","19393","WN","N8678E","1902","1323202","30977","MDW","Chicago, IL","IL","Illinois","1143302","31295","DTW","Detroit, MI","MI","Michigan","14","10","5","6","60","52","228","1","0","0","0","0","0","Less Than 250 Miles"
"09:00 - 09:59","08:00 - 08:59","2023-07-03 00:00:00","2023-07-03 00:00:00","2023-07-03 00:00:00","2023-07-03 00:00:00","2023-07-03 00:00:00","2023-07-03 00:00:00","Fly Time","0","2023-07-03 00:00:00","8","9","1","2023-07-03 00:00:00","19393","WN","N227WN","1784","1129202","30325","DEN","Denver, CO","CO","Colorado","1110902","30189","COS","Colorado Springs, CO","CO","Colorado","21","9","3","9","45","33","73","1","0","0","0","0","0","Less Than 250 Miles"
"09:00 - 09:59","08:00 - 08:59","2023-07-03 00:00:00","2023-07-03 00:00:00","2023-07-03 00:00:00","2023-07-03 00:00:00","2023-07-03 00:00:00","2023-07-03 00:00:00","Fly Time","0","2023-07-03 00:00:00","8","9","1","2023-07-03 00:00:00","19393","WN","N8789Q","3166","1389101","32575","ONT","Ontario, CA","CA","California","1288904","32211","LAS","Las Vegas, NV","NV","Nevada","3","9","5","-5","60","52","197","1","0","0","0","0","0","Less Than 250 Miles"
"09:00 - 09:59","08:00 - 08:59","2023-07-03 00:00:00","2023-07-03 00:00:00","2023-07-03 00:00:00","2023-07-03 00:00:00","2023-07-03 00:00:00","2023-07-03 00:00:00","Fly Time","0","2023-07-03 00:00:00","8","9","1","2023-07-03 00:00:00","19393","WN","N773SA","2964","1080003","32575","BUR","Burbank, CA","CA","California","1288904","32211","LAS","Las Vegas, NV","NV","Nevada","2","10","6","-4","65","59","223","1","0","0","0","0","0","Less Than 250 Miles"
"09:00 - 09:59","08:00 - 08:59","2023-07-03 00:00:00","2023-07-03 00:00:00","2023-07-03 00:00:00","2023-07-03 00:00:00","2023-07-03 00:00:00","2023-07-03 00:00:00","Fly Time","0","2023-07-03 00:00:00","8","9","1","2023-07-03 00:00:00","19393","WN","N8327A","137","1082106","30852","BWI","Baltimore, MD","MD","Maryland","1239103","31703","ISP","Islip, NY","NY","New York","8","16","3","-4","75","63","220","1","0","0","0","0","0","Less Than 250 Miles"
"09:00 - 09:59","08:00 - 08:59","2023-07-03 00:00:00","2023-07-03 00:00:00","2023-07-03 00:00:00","2023-07-03 00:00:00","2023-07-03 00:00:00","2023-07-03 00:00:00","Fly Time","0","2023-07-03 00:00:00","8","9","1","2023-07-03 00:00:00","19393","WN","N489WN","10","1219103","31453","HOU","Houston, TX","TX","Texas","1125904","30194","DAL","Dallas, TX","TX","Texas","7","8","3","-4","65","54","239","1","0","0","0","0","0","Less Than 250 Miles"
"09:00 - 09:59","08:00 - 08:59","2023-07-03 00:00:00","2023-07-03 00:00:00","2023-07-03 00:00:00","2023-07-03 00:00:00","2023-07-03 00:00:00","2023-07-03 00:00:00","Fly Time","0","2023-07-03 00:00:00","8","9","1","2023-07-03 00:00:00","19393","WN","N7704B","3096","1125904","30194","DAL","Dallas, TX","TX","Texas","1042302","30423","AUS","Austin, TX","TX","Texas","3","10","4","-9","60","48","189","1","0","0","0","0","0","Less Than 250 Miles"
"09:00 - 09:59","08:00 - 08:59","2023-07-03 00:00:00","2023-07-03 00:00:00","2023-07-03 00:00:00","2023-07-03 00:00:00","2023-07-03 00:00:00","2023-07-03 00:00:00","Fly Time","0","2023-07-03 00:00:00","8","9","1","2023-07-03 00:00:00","19393","WN","N8783L","3376","1219103","31453","HOU","Houston, TX","TX","Texas","1468305","33214","SAT","San Antonio, TX","TX","Texas","1","13","4","-9","60","50","192","1","0","0","0","0","0","Less Than 250 Miles"
"09:00 - 09:59","08:00 - 08:59","2023-07-03 00:00:00","2023-07-03 00:00:00","2023-07-03 00:00:00","2023-07-03 00:00:00","2023-07-03 00:00:00","2023-07-03 00:00:00","Fly Time","0","2023-07-03 00:00:00","8","9","1","2023-07-03 00:00:00","19393","WN","N7860A","3495","1082106","30852","BWI","Baltimore, MD","MD","Maryland","1393102","33667","ORF","Norfolk, VA","VA","Virginia","3","20","3","3","55","55","159","1","0","0","0","0","0","Less Than 250 Miles"
"10:00 - 10:59","08:00 - 08:59","2023-07-03 00:00:00","2023-07-03 00:00:00","2023-07-03 00:00:00","2023-07-03 00:00:00","2023-07-03 00:00:00","2023-07-03 00:00:00","Fly Time","0","2023-07-03 00:00:00","8","10","1","2023-07-03 00:00:00","19393","WN","N459WN","4498","1288904","32211","LAS","Las Vegas, NV","NV","Nevada","1289208","32575","LAX","Los Angeles, CA","CA","California","1","14","11","-4","70","65","236","1","0","0","0","0","0","Less Than 250 Miles"
"10:00 - 10:59","08:00 - 08:59","2023-07-03 00:00:00","2023-07-03 00:00:00","2023-07-03 00:00:00","2023-07-03 00:00:00","2023-07-03 00:00:00","2023-07-03 00:00:00","Fly Time","0","2023-07-03 00:00:00","8","10","1","2023-07-03 00:00:00","19393","WN","N8622A","1973","1289208","32575","LAX","Los Angeles, CA","CA","California","1288904","32211","LAS","Las Vegas, NV","NV","Nevada","22","11","9","14","70","62","236","1","0","0","0","0","0","Less Than 250 Miles"
"10:00 - 10:59","09:00 - 09:59","2023-07-03 00:00:00","2023-07-03 00:00:00","2023-07-03 00:00:00","2023-07-03 00:00:00","2023-07-03 00:00:00","2023-07-03 00:00:00","Late Aircraft","45","2023-07-03 00:00:00","9","10","1","2023-07-03 00:00:00","19393","WN","N456WN","4427","1288904","32211","LAS","Las Vegas, NV","NV","Nevada","1080003","32575","BUR","Burbank, CA","CA","California","62","11","2","45","70","53","223","1","0","0","0","0","45","Less Than 250 Miles"
"10:00 - 10:59","09:00 - 09:59","2023-07-03 00:00:00","2023-07-03 00:00:00","2023-07-03 00:00:00","2023-07-03 00:00:00","2023-07-03 00:00:00","2023-07-03 00:00:00","Fly Time","0","2023-07-03 00:00:00","9","10","1","2023-07-03 00:00:00","19393","WN","N8647A","4742","1288904","32211","LAS","Las Vegas, NV","NV","Nevada","1426204","34262","PSP","Palm Springs, CA","CA","California","6","19","3","1","60","55","173","1","0","0","0","0","0","Less Than 250 Miles"
"10:00 - 10:59","09:00 - 09:59","2023-07-03 00:00:00","2023-07-03 00:00:00","2023-07-03 00:00:00","2023-07-03 00:00:00","2023-07-03 00:00:00","2023-07-03 00:00:00","Fly Time","0","2023-07-03 00:00:00","9","10","1","2023-07-03 00:00:00","19393","WN","N935WN","3249","1288904","32211","LAS","Las Vegas, NV","NV","Nevada","1295407","32575","LGB","Long Beach, CA","CA","California","3","11","4","-5","65","57","231","1","0","0","0","0","0","Less Than 250 Miles"
"10:00 - 10:59","09:00 - 09:59","2023-07-03 00:00:00","2023-07-03 00:00:00","2023-07-03 00:00:00","2023-07-03 00:00:00","2023-07-03 00:00:00","2023-07-03 00:00:00","Fly Time","0","2023-07-03 00:00:00","9","10","1","2023-07-03 00:00:00","19393","WN","N497WN","2897","1288904","32211","LAS","Las Vegas, NV","NV","Nevada","1490803","32575","SNA","Santa Ana, CA","CA","California","6","27","4","12","65","71","226","1","0","0","0","0","0","Less Than 250 Miles"
"10:00 - 10:59","09:00 - 09:59","2023-07-03 00:00:00","2023-07-03 00:00:00","2023-07-03 00:00:00","2023-07-03 00:00:00","2023-07-03 00:00:00","2023-07-03 00:00:00","Fly Time","0","2023-07-03 00:00:00","9","10","1","2023-07-03 00:00:00","19393","WN","N7722B","670","1530402","33195","TPA","Tampa, FL","FL","Florida","1169706","32467","FLL","Fort Lauderdale, FL","FL","Florida","2","9","2","-16","65","47","197","1","0","0","0","0","0","Less Than 250 Miles"
"10:00 - 10:59","09:00 - 09:59","2023-07-03 00:00:00","2023-07-03 00:00:00","2023-07-03 00:00:00","2023-07-03 00:00:00","2023-07-03 00:00:00","2023-07-03 00:00:00","Fly Time","0","2023-07-03 00:00:00","9","10","1","2023-07-03 00:00:00","19393","WN","N1802U","3784","1217305","32134","HNL","Honolulu, HI","HI","Hawaii","1383002","33830","OGG","Kahului, HI","HI","Hawaii","2","13","3","-5","45","38","100","1","0","0","0","0","0","Less Than 250 Miles"
"10:00 - 10:59","09:00 - 09:59","2023-07-03 00:00:00","2023-07-03 00:00:00","2023-07-03 00:00:00","2023-07-03 00:00:00","2023-07-03 00:00:00","2023-07-03 00:00:00","Carrier","24","2023-07-03 00:00:00","9","10","1","2023-07-03 00:00:00","19393","WN","N8784Q","3762","1217305","32134","HNL","Honolulu, HI","HI","Hawaii","1298202","32982","LIH","Lihue, HI","HI","Hawaii","27","16","4","24","45","42","102","1","24","0","0","0","0","Less Than 250 Miles"
"10:00 - 10:59","09:00 - 09:59","2023-07-03 00:00:00","2023-07-03 00:00:00","2023-07-03 00:00:00","2023-07-03 00:00:00","2023-07-03 00:00:00","2023-07-03 00:00:00","Fly Time","0","2023-07-03 00:00:00","9","10","1","2023-07-03 00:00:00","19393","WN","N555LV","1437","1080003","32575","BUR","Burbank, CA","CA","California","1288904","32211","LAS","Las Vegas, NV","NV","Nevada","4","19","5","-1","70","65","223","1","0","0","0","0","0","Less Than 250 Miles"
"10:00 - 10:59","09:00 - 09:59","2023-07-03 00:00:00","2023-07-03 00:00:00","2023-07-03 00:00:00","2023-07-03 00:00:00","2023-07-03 00:00:00","2023-07-03 00:00:00","Fly Time","0","2023-07-03 00:00:00","9","10","1","2023-07-03 00:00:00","19393","WN","N7749B","3372","1226603","31453","IAH","Houston, TX","TX","Texas","1125904","30194","DAL","Dallas, TX","TX","Texas","13","8","3","2","60","49","216","1","0","0","0","0","0","Less Than 250 Miles"
"10:00 - 10:59","09:00 - 09:59","2023-07-03 00:00:00","2023-07-03 00:00:00","2023-07-03 00:00:00","2023-07-03 00:00:00","2023-07-03 00:00:00","2023-07-03 00:00:00","Fly Time","0","2023-07-03 00:00:00","9","10","1","2023-07-03 00:00:00","19393","WN","N7751A","3","1219103","31453","HOU","Houston, TX","TX","Texas","1114008","31140","CRP","Corpus Christi, TX","TX","Texas","2","6","4","-14","60","44","187","1","0","0","0","0","0","Less Than 250 Miles"
"10:00 - 10:59","09:00 - 09:59","2023-07-03 00:00:00","2023-07-03 00:00:00","2023-07-03 00:00:00","2023-07-03 00:00:00","2023-07-03 00:00:00","2023-07-03 00:00:00","Fly Time","0","2023-07-03 00:00:00","9","10","1","2023-07-03 00:00:00","19393","WN","N8578Q","470","1125904","30194","DAL","Dallas, TX","TX","Texas","1042302","30423","AUS","Austin, TX","TX","Texas","2","7","5","-14","60","44","189","1","0","0","0","0","0","Less Than 250 Miles"
"10:00 - 10:59","10:00 - 10:59","2023-07-03 00:00:00","2023-07-03 00:00:00","2023-07-03 00:00:00","2023-07-03 00:00:00","2023-07-03 00:00:00","2023-07-03 00:00:00","Fly Time","0","2023-07-03 00:00:00","10","10","1","2023-07-03 00:00:00","19393","WN","N8678E","1903","1143302","31295","DTW","Detroit, MI","MI","Michigan","1323202","30977","MDW","Chicago, IL","IL","Illinois","3","15","3","-7","70","60","228","1","0","0","0","0","0","Less Than 250 Miles"
"11:00 - 11:59","10:00 - 10:59","2023-07-03 00:00:00","2023-07-03 00:00:00","2023-07-03 00:00:00","2023-07-03 00:00:00","2023-07-03 00:00:00","2023-07-03 00:00:00","Fly Time","0","2023-07-03 00:00:00","10","11","1","2023-07-03 00:00:00","19393","WN","N8509U","1667","1288904","32211","LAS","Las Vegas, NV","NV","Nevada","1295407","32575","LGB","Long Beach, CA","CA","California","6","12","4","-7","70","57","231","1","0","0","0","0","0","Less Than 250 Miles"
"11:00 - 11:59","10:00 - 10:59","2023-07-03 00:00:00","2023-07-03 00:00:00","2023-07-03 00:00:00","2023-07-03 00:00:00","2023-07-03 00:00:00","2023-07-03 00:00:00","Fly Time","0","2023-07-03 00:00:00","10","11","1","2023-07-03 00:00:00","19393","WN","N951WN","2613","1288904","32211","LAS","Las Vegas, NV","NV","Nevada","1490803","32575","SNA","Santa Ana, CA","CA","California","12","14","14","14","65","67","226","1","0","0","0","0","0","Less Than 250 Miles"
"11:00 - 11:59","10:00 - 10:59","2023-07-03 00:00:00","2023-07-03 00:00:00","2023-07-03 00:00:00","2023-07-03 00:00:00","2023-07-03 00:00:00","2023-07-03 00:00:00","Fly Time","0","2023-07-03 00:00:00","10","11","1","2023-07-03 00:00:00","19393","WN","N8327A","3576","1239103","31703","ISP","Islip, NY","NY","New York","1082106","30852","BWI","Baltimore, MD","MD","Maryland","5","9","4","0","70","65","220","1","0","0","0","0","0","Less Than 250 Miles"
"11:00 - 11:59","10:00 - 10:59","2023-07-03 00:00:00","2023-07-03 00:00:00","2023-07-03 00:00:00","2023-07-03 00:00:00","2023-07-03 00:00:00","2023-07-03 00:00:00","Fly Time","0","2023-07-03 00:00:00","10","11","1","2023-07-03 00:00:00","19393","WN","N935WN","4941","1295407","32575","LGB","Long Beach, CA","CA","California","1288904","32211","LAS","Las Vegas, NV","NV","Nevada","2","11","5","-2","65","61","231","1","0","0","0","0","0","Less Than 250 Miles"
"11:00 - 11:59","10:00 - 10:59","2023-07-03 00:00:00","2023-07-03 00:00:00","2023-07-03 00:00:00","2023-07-03 00:00:00","2023-07-03 00:00:00","2023-07-03 00:00:00","Carrier","63","2023-07-03 00:00:00","10","11","1","2023-07-03 00:00:00","19393","WN","N403WN","2671","1490803","32575","SNA","Santa Ana, CA","CA","California","1288904","32211","LAS","Las Vegas, NV","NV","Nevada","62","15","6","63","70","71","226","1","62","0","1","0","0","Less Than 250 Miles"
"11:00 - 11:59","10:00 - 10:59","2023-07-03 00:00:00","2023-07-03 00:00:00","2023-07-03 00:00:00","2023-07-03 00:00:00","2023-07-03 00:00:00","2023-07-03 00:00:00","Carrier","22","2023-07-03 00:00:00","10","11","1","2023-07-03 00:00:00","19393","WN","N8691A","639","1039707","30397","ATL","Atlanta, GA","GA","Georgia","1199603","31871","GSP","Greer, SC","SC","South Carolina","29","10","2","22","55","48","153","1","19","0","0","0","3","Less Than 250 Miles"
"11:00 - 11:59","10:00 - 10:59","2023-07-03 00:00:00","2023-07-03 00:00:00","2023-07-03 00:00:00","2023-07-03 00:00:00","2023-07-03 00:00:00","2023-07-03 00:00:00","Fly Time","0","2023-07-03 00:00:00","10","11","1","2023-07-03 00:00:00","19393","WN","N8604K","23","1125904","30194","DAL","Dallas, TX","TX","Texas","1219103","31453","HOU","Houston, TX","TX","Texas","9","9","4","-4","70","57","239","1","0","0","0","0","0","Less Than 250 Miles"
"12:00 - 12:59","11:00 - 11:59","2023-07-03 00:00:00","2023-07-03 00:00:00","2023-07-03 00:00:00","2023-07-03 00:00:00","2023-07-03 00:00:00","2023-07-03 00:00:00","Fly Time","0","2023-07-03 00:00:00","11","12","1","2023-07-03 00:00:00","19393","WN","N7848A","3343","1288904","32211","LAS","Las Vegas, NV","NV","Nevada","1389101","32575","ONT","Ontario, CA","CA","California","6","25","5","11","60","65","197","1","0","0","0","0","0","Less Than 250 Miles"
"12:00 - 12:59","11:00 - 11:59","2023-07-03 00:00:00","2023-07-03 00:00:00","2023-07-03 00:00:00","2023-07-03 00:00:00","2023-07-03 00:00:00","2023-07-03 00:00:00","Late Aircraft","19","2023-07-03 00:00:00","11","12","1","2023-07-03 00:00:00","19393","WN","N8784Q","3804","1298202","32982","LIH","Lihue, HI","HI","Hawaii","1217305","32134","HNL","Honolulu, HI","HI","Hawaii","23","10","3","19","40","36","102","1","0","0","0","0","19","Less Than 250 Miles"
"12:00 - 12:59","11:00 - 11:59","2023-07-03 00:00:00","2023-07-03 00:00:00","2023-07-03 00:00:00","2023-07-03 00:00:00","2023-07-03 00:00:00","2023-07-03 00:00:00","Late Aircraft","45","2023-07-03 00:00:00","11","12","1","2023-07-03 00:00:00","19393","WN","N456WN","3304","1080003","32575","BUR","Burbank, CA","CA","California","1288904","32211","LAS","Las Vegas, NV","NV","Nevada","47","22","3","45","70","68","223","1","0","0","0","0","45","Less Than 250 Miles"
"12:00 - 12:59","11:00 - 11:59","2023-07-03 00:00:00","2023-07-03 00:00:00","2023-07-03 00:00:00","2023-07-03 00:00:00","2023-07-03 00:00:00","2023-07-03 00:00:00","Fly Time","0","2023-07-03 00:00:00","11","12","1","2023-07-03 00:00:00","19393","WN","N951WN","2950","1490803","32575","SNA","Santa Ana, CA","CA","California","1288904","32211","LAS","Las Vegas, NV","NV","Nevada","10","21","4","13","65","68","226","1","0","0","0","0","0","Less Than 250 Miles"
"12:00 - 12:59","12:00 - 12:59","2023-07-03 00:00:00","2023-07-03 00:00:00","2023-07-03 00:00:00","2023-07-03 00:00:00","2023-07-03 00:00:00","2023-07-03 00:00:00","Fly Time","0","2023-07-03 00:00:00","12","12","1","2023-07-03 00:00:00","19393","WN","N7728D","497","1119302","33105","CVG","Cincinnati, OH","KY","Kentucky","1323202","30977","MDW","Chicago, IL","IL","Illinois","24","8","3","14","70","60","249","1","0","0","0","0","0","Less Than 250 Miles"
"13:00 - 13:59","11:00 - 11:59","2023-07-03 00:00:00","2023-07-03 00:00:00","2023-07-03 00:00:00","2023-07-03 00:00:00","2023-07-03 00:00:00","2023-07-03 00:00:00","Late Aircraft","17","2023-07-03 00:00:00","11","13","1","2023-07-03 00:00:00","19393","WN","N491WN","457","1288904","32211","LAS","Las Vegas, NV","NV","Nevada","1289208","32575","LAX","Los Angeles, CA","CA","California","23","26","5","17","80","74","236","1","5","0","0","0","12","Less Than 250 Miles"
"13:00 - 13:59","12:00 - 12:59","2023-07-03 00:00:00","2023-07-03 00:00:00","2023-07-03 00:00:00","2023-07-03 00:00:00","2023-07-03 00:00:00","2023-07-03 00:00:00","Fly Time","0","2023-07-03 00:00:00","12","13","1","2023-07-03 00:00:00","19393","WN","N934WN","1058","1288904","32211","LAS","Las Vegas, NV","NV","Nevada","1080003","32575","BUR","Burbank, CA","CA","California","0","35","2","14","70","84","223","1","0","0","0","0","0","Less Than 250 Miles"
"13:00 - 13:59","12:00 - 12:59","2023-07-03 00:00:00","2023-07-03 00:00:00","2023-07-03 00:00:00","2023-07-03 00:00:00","2023-07-03 00:00:00","2023-07-03 00:00:00","Fly Time","0","2023-07-03 00:00:00","12","13","1","2023-07-03 00:00:00","19393","WN","N872CB","3796","1275804","32758","KOA","Kona, HI","HI","Hawaii","1217305","32134","HNL","Honolulu, HI","HI","Hawaii","9","17","4","5","55","51","163","1","0","0","0","0","0","Less Than 250 Miles"
"13:00 - 13:59","12:00 - 12:59","2023-07-03 00:00:00","2023-07-03 00:00:00","2023-07-03 00:00:00","2023-07-03 00:00:00","2023-07-03 00:00:00","2023-07-03 00:00:00","Late Aircraft","21","2023-07-03 00:00:00","12","13","1","2023-07-03 00:00:00","19393","WN","N958WN","2967","1080003","32575","BUR","Burbank, CA","CA","California","1288904","32211","LAS","Las Vegas, NV","NV","Nevada","30","11","5","21","70","61","223","1","0","0","0","0","21","Less Than 250 Miles"
"13:00 - 13:59","12:00 - 12:59","2023-07-03 00:00:00","2023-07-03 00:00:00","2023-07-03 00:00:00","2023-07-03 00:00:00","2023-07-03 00:00:00","2023-07-03 00:00:00","Late Aircraft","22","2023-07-03 00:00:00","12","13","1","2023-07-03 00:00:00","19393","WN","N480WN","2488","1125904","30194","DAL","Dallas, TX","TX","Texas","1537002","34653","TUL","Tulsa, OK","OK","Oklahoma","30","9","3","22","65","57","238","1","0","0","0","0","22","Less Than 250 Miles"
"13:00 - 13:59","12:00 - 12:59","2023-07-03 00:00:00","2023-07-03 00:00:00","2023-07-03 00:00:00","2023-07-03 00:00:00","2023-07-03 00:00:00","2023-07-03 00:00:00","Carrier","43","2023-07-03 00:00:00","12","13","1","2023-07-03 00:00:00","19393","WN","N7751A","26","1219103","31453","HOU","Houston, TX","TX","Texas","1125904","30194","DAL","Dallas, TX","TX","Texas","61","9","3","43","70","52","239","1","43","0","0","0","0","Less Than 250 Miles"
"13:00 - 13:59","13:00 - 13:59","2023-07-03 00:00:00","2023-07-03 00:00:00","2023-07-03 00:00:00","2023-07-03 00:00:00","2023-07-03 00:00:00","2023-07-03 00:00:00","Fly Time","0","2023-07-03 00:00:00","13","13","1","2023-07-03 00:00:00","19393","WN","N8605E","3158","1143302","31295","DTW","Detroit, MI","MI","Michigan","1323202","30977","MDW","Chicago, IL","IL","Illinois","6","13","3","-1","65","58","228","1","0","0","0","0","0","Less Than 250 Miles"
"14:00 - 14:59","13:00 - 13:59","2023-07-03 00:00:00","2023-07-03 00:00:00","2023-07-03 00:00:00","2023-07-03 00:00:00","2023-07-03 00:00:00","2023-07-03 00:00:00","Late Aircraft","83","2023-07-03 00:00:00","13","14","1","2023-07-03 00:00:00","19393","WN","N922WN","1422","1288904","32211","LAS","Las Vegas, NV","NV","Nevada","1080003","32575","BUR","Burbank, CA","CA","California","88","20","1","83","70","65","223","1","40","0","0","0","43","Less Than 250 Miles"
"14:00 - 14:59","13:00 - 13:59","2023-07-03 00:00:00","2023-07-03 00:00:00","2023-07-03 00:00:00","2023-07-03 00:00:00","2023-07-03 00:00:00","2023-07-03 00:00:00","Late Aircraft","29","2023-07-03 00:00:00","13","14","1","2023-07-03 00:00:00","19393","WN","N8647A","4778","1288904","32211","LAS","Las Vegas, NV","NV","Nevada","1289208","32575","LAX","Los Angeles, CA","CA","California","29","23","7","29","70","70","236","1","11","0","0","0","18","Less Than 250 Miles"
"14:00 - 14:59","13:00 - 13:59","2023-07-03 00:00:00","2023-07-03 00:00:00","2023-07-03 00:00:00","2023-07-03 00:00:00","2023-07-03 00:00:00","2023-07-03 00:00:00","Fly Time","0","2023-07-03 00:00:00","13","14","1","2023-07-03 00:00:00","19393","WN","N923WN","329","1129202","30325","DEN","Denver, CO","CO","Colorado","1209402","34699","HDN","Hayden, CO","CO","Colorado","5","13","3","-7","55","43","141","1","0","0","0","0","0","Less Than 250 Miles"
"14:00 - 14:59","13:00 - 13:59","2023-07-03 00:00:00","2023-07-03 00:00:00","2023-07-03 00:00:00","2023-07-03 00:00:00","2023-07-03 00:00:00","2023-07-03 00:00:00","Fly Time","0","2023-07-03 00:00:00","13","14","1","2023-07-03 00:00:00","19393","WN","N7839A","1763","1129202","30325","DEN","Denver, CO","CO","Colorado","1350202","33502","MTJ","Montrose/Delta, CO","CO","Colorado","20","12","4","9","60","49","196","1","0","0","0","0","0","Less Than 250 Miles"
"14:00 - 14:59","13:00 - 13:59","2023-07-03 00:00:00","2023-07-03 00:00:00","2023-07-03 00:00:00","2023-07-03 00:00:00","2023-07-03 00:00:00","2023-07-03 00:00:00","Late Aircraft","16","2023-07-03 00:00:00","13","14","1","2023-07-03 00:00:00","19393","WN","N7848A","2974","1389101","32575","ONT","Ontario, CA","CA","California","1288904","32211","LAS","Las Vegas, NV","NV","Nevada","10","19","5","16","60","66","197","1","0","0","6","0","10","Less Than 250 Miles"
"14:00 - 14:59","13:00 - 13:59","2023-07-03 00:00:00","2023-07-03 00:00:00","2023-07-03 00:00:00","2023-07-03 00:00:00","2023-07-03 00:00:00","2023-07-03 00:00:00","Airport System","16","2023-07-03 00:00:00","13","14","1","2023-07-03 00:00:00","19393","WN","N8795L","2718","1289208","32575","LAX","Los Angeles, CA","CA","California","1288904","32211","LAS","Las Vegas, NV","NV","Nevada","4","24","12","16","70","82","236","1","0","0","16","0","0","Less Than 250 Miles"
"14:00 - 14:59","13:00 - 13:59","2023-07-03 00:00:00","2023-07-03 00:00:00","2023-07-03 00:00:00","2023-07-03 00:00:00","2023-07-03 00:00:00","2023-07-03 00:00:00","Fly Time","0","2023-07-03 00:00:00","13","14","1","2023-07-03 00:00:00","19393","WN","N8306H","528","1226603","31453","IAH","Houston, TX","TX","Texas","1125904","30194","DAL","Dallas, TX","TX","Texas","14","9","5","1","65","52","216","1","0","0","0","0","0","Less Than 250 Miles"
"06:00 - 06:59","00:01 - 05:59","2023-01-01 00:00:00","2023-01-01 00:00:00","2023-01-01 00:00:00","2023-01-01 00:00:00","2023-01-01 00:00:00","2023-01-01 00:00:00","Airport System","24","2023-01-01 00:00:00","0","6","7","2023-01-01 00:00:00","20363","9E","N906XJ","4630","1133705","31337","DLH","Duluth, MN","MN","Minnesota","1348702","31650","MSP","Minneapolis, MN","MN","Minnesota","6","55","6","24","76","94","144","1","6","0","18","0","0","Less Than 250 Miles"
"07:00 - 07:59","00:01 - 05:59","2023-01-01 00:00:00","2023-01-01 00:00:00","2023-01-01 00:00:00","2023-01-01 00:00:00","2023-01-01 00:00:00","2023-01-01 00:00:00","Fly Time","0","2023-01-01 00:00:00","0","7","7","2023-01-01 00:00:00","20363","9E","N197PQ","4633","1393102","33667","ORF","Norfolk, VA","VA","Virginia","1143302","31295","DTW","Detroit, MI","MI","Michigan","6","12","9","-7","125","112","529","3","0","0","0","0","0","500-749 Miles"
"07:00 - 07:59","00:01 - 05:59","2023-01-01 00:00:00","2023-01-01 00:00:00","2023-01-01 00:00:00","2023-01-01 00:00:00","2023-01-01 00:00:00","2023-01-01 00:00:00","Fly Time","0","2023-01-01 00:00:00","0","7","7","2023-01-01 00:00:00","20363","9E","N293PQ","4656","1430706","30721","PVD","Providence, RI","RI","Rhode Island","1143302","31295","DTW","Detroit, MI","MI","Michigan","2","20","10","-7","138","129","615","3","0","0","0","0","0","500-749 Miles"
"14:00 - 14:59","12:00 - 12:59","2023-01-01 00:00:00","2023-01-01 00:00:00","2023-01-01 00:00:00","2023-01-01 00:00:00","2023-01-01 00:00:00","2023-01-01 00:00:00","Fly Time","0","2023-01-01 00:00:00","12","14","7","2023-01-01 00:00:00","20363","9E","N478PX","4668","1043106","30431","AVL","Asheville, NC","NC","North Carolina","1295304","31703","LGA","New York, NY","NY","New York","19","9","8","-16","130","95","599","3","0","0","0","0","0","500-749 Miles"
"11:00 - 11:59","08:00 - 08:59","2023-01-02 00:00:00","2023-01-02 00:00:00","2023-01-01 00:00:00","2023-01-02 00:00:00","2023-01-01 00:00:00","2023-01-01 00:00:00","Airport System","26","2023-01-01 00:00:00","8","11","7","2023-01-01 00:00:00","20363","9E","N478PX","4668","1295304","31703","LGA","New York, NY","NY","New York","1043106","30431","AVL","Asheville, NC","NC","North Carolina","-3","12","3","26","160","189","599","3","0","0","26","0","0","500-749 Miles"
"22:00 - 22:59","21:00 - 21:59","2023-01-01 00:00:00","2023-01-01 00:00:00","2023-01-01 00:00:00","2023-01-01 00:00:00","2023-01-01 00:00:00","2023-01-01 00:00:00","Fly Time","0","2023-01-01 00:00:00","21","22","7","2023-01-01 00:00:00","20363","9E","N8970D","4671","1039707","30397","ATL","Atlanta, GA","GA","Georgia","1114608","31146","CRW","Charleston/Dunbar, WV","WV","West Virginia","2","12","7","-15","85","68","363","2","0","0","0","0","0","250-499 Miles"
"18:00 - 18:59","17:00 - 17:59","2023-01-01 00:00:00","2023-01-01 00:00:00","2023-01-01 00:00:00","2023-01-01 00:00:00","2023-01-01 00:00:00","2023-01-01 00:00:00","Airport System","58","2023-01-01 00:00:00","17","18","7","2023-01-01 00:00:00","20363","9E","N272PQ","4672","1195302","31953","GNV","Gainesville, FL","FL","Florida","1039707","30397","ATL","Atlanta, GA","GA","Georgia","18","35","41","58","88","128","300","2","18","0","40","0","0","250-499 Miles"
"14:00 - 14:59","12:00 - 12:59","2023-01-01 00:00:00","2023-01-01 00:00:00","2023-01-01 00:00:00","2023-01-01 00:00:00","2023-01-01 00:00:00","2023-01-01 00:00:00","Fly Time","0","2023-01-01 00:00:00","12","14","7","2023-01-01 00:00:00","20363","9E","N341PQ","4677","1025702","30257","ALB","Albany, NY","NY","New York","1143302","31295","DTW","Detroit, MI","MI","Michigan","31","19","8","14","126","109","489","2","0","0","0","0","0","250-499 Miles"
"11:00 - 11:59","10:00 - 10:59","2023-01-01 00:00:00","2023-01-01 00:00:00","2023-01-01 00:00:00","2023-01-01 00:00:00","2023-01-01 00:00:00","2023-01-01 00:00:00","Carrier","42","2023-01-01 00:00:00","10","11","7","2023-01-01 00:00:00","20363","9E","N341PQ","4677","1143302","31295","DTW","Detroit, MI","MI","Michigan","1025702","30257","ALB","Albany, NY","NY","New York","58","18","3","42","105","89","489","2","42","0","0","0","0","250-499 Miles"
"11:00 - 11:59","09:00 - 09:59","2023-01-01 00:00:00","2023-01-01 00:00:00","2023-01-01 00:00:00","2023-01-01 00:00:00","2023-01-01 00:00:00","2023-01-01 00:00:00","Fly Time","0","2023-01-01 00:00:00","9","11","7","2023-01-01 00:00:00","20363","9E","N906XJ","4682","1348702","31650","MSP","Minneapolis, MN","MN","Minnesota","1343302","33304","MOT","Minot, ND","ND","North Dakota","8","8","7","-24","122","90","449","2","0","0","0","0","0","250-499 Miles"
"08:00 - 08:59","07:00 - 07:59","2023-01-01 00:00:00","2023-01-01 00:00:00","2023-01-01 00:00:00","2023-01-01 00:00:00","2023-01-01 00:00:00","2023-01-01 00:00:00","Airport System","30","2023-01-01 00:00:00","7","8","7","2023-01-01 00:00:00","20363","9E","N8933B","4684","1114608","31146","CRW","Charleston/Dunbar, WV","WV","West Virginia","1039707","30397","ATL","Atlanta, GA","GA","Georgia","1","49","9","30","104","133","363","2","0","0","30","0","0","250-499 Miles"
"22:00 - 22:59","21:00 - 21:59","2023-01-02 00:00:00","2023-01-02 00:00:00","2023-01-02 00:00:00","2023-01-02 00:00:00","2023-01-01 00:00:00","2023-01-01 00:00:00","Weather","906","2023-01-01 00:00:00","21","22","7","2023-01-01 00:00:00","20363","9E","N8928A","4685","1039707","30397","ATL","Atlanta, GA","GA","Georgia","1560702","35550","VLD","Valdosta, GA","GA","Georgia","917","12","7","906","66","55","208","1","0","906","0","0","0","Less Than 250 Miles"
"07:00 - 07:59","06:00 - 06:59","2023-01-02 00:00:00","2023-01-02 00:00:00","2023-01-01 00:00:00","2023-01-02 00:00:00","2023-01-01 00:00:00","2023-01-01 00:00:00","Fly Time","0","2023-01-01 00:00:00","6","7","7","2023-01-01 00:00:00","20363","9E","N8965E","4703","1040805","30408","ATW","Appleton, WI","WI","Wisconsin","1348702","31650","MSP","Minneapolis, MN","MN","Minnesota","-6","42","9","3","89","98","236","1","0","0","0","0","0","Less Than 250 Miles"
"18:00 - 18:59","16:00 - 16:59","2023-01-01 00:00:00","2023-01-01 00:00:00","2023-01-01 00:00:00","2023-01-01 00:00:00","2023-01-01 00:00:00","2023-01-01 00:00:00","Fly Time","0","2023-01-01 00:00:00","16","18","7","2023-01-01 00:00:00","20363","9E","N166PQ","4718","1247805","31703","JFK","New York, NY","NY","New York","1334207","33342","MKE","Milwaukee, WI","WI","Wisconsin","1","30","6","0","170","169","745","3","0","0","0","0","0","500-749 Miles"
"20:00 - 20:59","17:00 - 17:59","2023-01-01 00:00:00","2023-01-01 00:00:00","2023-01-01 00:00:00","2023-01-01 00:00:00","2023-01-01 00:00:00","2023-01-01 00:00:00","Fly Time","0","2023-01-01 00:00:00","17","20","7","2023-01-01 00:00:00","20363","9E","N335PQ","4723","1247805","31703","JFK","New York, NY","NY","New York","1105703","31057","CLT","Charlotte, NC","NC","North Carolina","5","14","9","-30","142","107","541","3","0","0","0","0","0","500-749 Miles"
"15:00 - 15:59","13:00 - 13:59","2023-01-01 00:00:00","2023-01-01 00:00:00","2023-01-01 00:00:00","2023-01-01 00:00:00","2023-01-01 00:00:00","2023-01-01 00:00:00","Fly Time","0","2023-01-01 00:00:00","13","15","7","2023-01-01 00:00:00","20363","9E","N601LR","4729","1039707","30397","ATL","Atlanta, GA","GA","Georgia","1164102","31641","FAY","Fayetteville, NC","NC","North Carolina","16","12","4","2","78","64","331","2","0","0","0","0","0","250-499 Miles"
"17:00 - 17:59","15:00 - 15:59","2023-01-01 00:00:00","2023-01-01 00:00:00","2023-01-01 00:00:00","2023-01-01 00:00:00","2023-01-01 00:00:00","2023-01-01 00:00:00","Fly Time","0","2023-01-01 00:00:00","15","17","7","2023-01-01 00:00:00","20363","9E","N601LR","4729","1164102","31641","FAY","Fayetteville, NC","NC","North Carolina","1039707","30397","ATL","Atlanta, GA","GA","Georgia","10","12","6","-9","93","74","331","2","0","0","0","0","0","250-499 Miles"
"14:00 - 14:59","13:00 - 13:59","2023-01-01 00:00:00","2023-01-01 00:00:00","2023-01-01 00:00:00","2023-01-01 00:00:00","2023-01-01 00:00:00","2023-01-01 00:00:00","Carrier","70","2023-01-01 00:00:00","13","14","7","2023-01-01 00:00:00","20363","9E","N391CA","4740","1039707","30397","ATL","Atlanta, GA","GA","Georgia","1232305","32323","ILM","Wilmington, NC","NC","North Carolina","50","47","3","70","84","104","377","2","50","0","20","0","0","250-499 Miles"
"17:00 - 17:59","15:00 - 15:59","2023-01-01 00:00:00","2023-01-01 00:00:00","2023-01-01 00:00:00","2023-01-01 00:00:00","2023-01-01 00:00:00","2023-01-01 00:00:00","Late Aircraft","47","2023-01-01 00:00:00","15","17","7","2023-01-01 00:00:00","20363","9E","N391CA","4740","1232305","32323","ILM","Wilmington, NC","NC","North Carolina","1039707","30397","ATL","Atlanta, GA","GA","Georgia","69","12","5","47","101","79","377","2","0","0","0","0","47","250-499 Miles"
"07:00 - 07:59","06:00 - 06:59","2023-01-02 00:00:00","2023-01-02 00:00:00","2023-01-01 00:00:00","2023-01-02 00:00:00","2023-01-01 00:00:00","2023-01-01 00:00:00","Fly Time","0","2023-01-01 00:00:00","6","7","7","2023-01-01 00:00:00","20363","9E","N368CA","4749","1538005","35380","TVC","Traverse City, MI","MI","Michigan","1143302","31295","DTW","Detroit, MI","MI","Michigan","-6","40","11","5","75","86","207","1","0","0","0","0","0","Less Than 250 Miles"
"14:00 - 14:59","13:00 - 13:59","2023-01-01 00:00:00","2023-01-01 00:00:00","2023-01-01 00:00:00","2023-01-01 00:00:00","2023-01-01 00:00:00","2023-01-01 00:00:00","Fly Time","0","2023-01-01 00:00:00","13","14","7","2023-01-01 00:00:00","20363","9E","N604LR","4762","1119302","33105","CVG","Cincinnati, OH","KY","Kentucky","1143302","31295","DTW","Detroit, MI","MI","Michigan","2","10","6","-13","79","64","229","1","0","0","0","0","0","Less Than 250 Miles"
"07:00 - 07:59","06:00 - 06:59","2023-01-02 00:00:00","2023-01-02 00:00:00","2023-01-01 00:00:00","2023-01-02 00:00:00","2023-01-01 00:00:00","2023-01-01 00:00:00","Fly Time","0","2023-01-01 00:00:00","6","7","7","2023-01-01 00:00:00","20363","9E","N8932C","4765","1318403","33184","MBS","Saginaw/Bay City/Midland, MI","MI","Michigan","1143302","31295","DTW","Detroit, MI","MI","Michigan","-5","45","8","6","64","75","98","1","0","0","0","0","0","Less Than 250 Miles"
"11:00 - 11:59","10:00 - 10:59","2023-01-01 00:00:00","2023-01-01 00:00:00","2023-01-01 00:00:00","2023-01-01 00:00:00","2023-01-01 00:00:00","2023-01-01 00:00:00","Late Aircraft","38","2023-01-01 00:00:00","10","11","7","2023-01-01 00:00:00","20363","9E","N390CA","4771","1323202","30977","MDW","Chicago, IL","IL","Illinois","1348702","31650","MSP","Minneapolis, MN","MN","Minnesota","57","14","6","38","105","86","349","2","0","0","0","0","38","250-499 Miles"
"09:00 - 09:59","07:00 - 07:59","2023-01-01 00:00:00","2023-01-01 00:00:00","2023-01-01 00:00:00","2023-01-01 00:00:00","2023-01-01 00:00:00","2023-01-01 00:00:00","Weather","73","2023-01-01 00:00:00","7","9","7","2023-01-01 00:00:00","20363","9E","N390CA","4771","1348702","31650","MSP","Minneapolis, MN","MN","Minnesota","1323202","30977","MDW","Chicago, IL","IL","Illinois","103","22","5","73","121","91","349","2","30","43","0","0","0","250-499 Miles"
"10:00 - 10:59","09:00 - 09:59","2023-01-01 00:00:00","2023-01-01 00:00:00","2023-01-01 00:00:00","2023-01-01 00:00:00","2023-01-01 00:00:00","2023-01-01 00:00:00","Late Aircraft","317","2023-01-01 00:00:00","9","10","7","2023-01-01 00:00:00","20363","9E","N833AY","4794","1039707","30397","ATL","Atlanta, GA","GA","Georgia","1073103","30731","BQK","Brunswick, GA","GA","Georgia","336","9","3","317","72","53","238","1","12","0","0","0","305","Less Than 250 Miles"
"12:00 - 12:59","10:00 - 10:59","2023-01-01 00:00:00","2023-01-01 00:00:00","2023-01-01 00:00:00","2023-01-01 00:00:00","2023-01-01 00:00:00","2023-01-01 00:00:00","Late Aircraft","321","2023-01-01 00:00:00","10","12","7","2023-01-01 00:00:00","20363","9E","N833AY","4794","1073103","30731","BQK","Brunswick, GA","GA","Georgia","1039707","30397","ATL","Atlanta, GA","GA","Georgia","318","26","5","321","69","72","238","1","0","0","4","0","317","Less Than 250 Miles"
"19:00 - 19:59","18:00 - 18:59","2023-01-02 00:00:00","2023-01-02 00:00:00","2023-01-01 00:00:00","2023-01-02 00:00:00","2023-01-01 00:00:00","2023-01-01 00:00:00","Fly Time","0","2023-01-01 00:00:00","18","19","7","2023-01-01 00:00:00","20363","9E","N8965E","4796","1348702","31650","MSP","Minneapolis, MN","MN","Minnesota","1120302","30424","CWA","Mosinee, WI","WI","Wisconsin","-5","41","3","11","63","79","175","1","0","0","0","0","0","Less Than 250 Miles"
"07:00 - 07:59","00:01 - 05:59","2023-01-01 00:00:00","2023-01-01 00:00:00","2023-01-01 00:00:00","2023-01-01 00:00:00","2023-01-01 00:00:00","2023-01-01 00:00:00","Late Aircraft","288","2023-01-01 00:00:00","0","7","7","2023-01-01 00:00:00","20363","9E","N903XJ","4800","1025702","30257","ALB","Albany, NY","NY","New York","1143302","31295","DTW","Detroit, MI","MI","Michigan","307","19","10","288","130","111","489","2","0","0","0","0","288","250-499 Miles"
"13:00 - 13:59","10:00 - 10:59","2023-01-01 00:00:00","2023-01-01 00:00:00","2023-01-01 00:00:00","2023-01-01 00:00:00","2023-01-01 00:00:00","2023-01-01 00:00:00","Late Aircraft","161","2023-01-01 00:00:00","10","13","7","2023-01-01 00:00:00","20363","9E","N181GJ","4815","1078105","30781","BTR","Baton Rouge, LA","LA","Louisiana","1039707","30397","ATL","Atlanta, GA","GA","Georgia","164","18","6","161","95","92","448","2","20","0","0","0","141","250-499 Miles"
"20:00 - 20:59","18:00 - 18:59","2023-01-02 00:00:00","2023-01-02 00:00:00","2023-01-01 00:00:00","2023-01-02 00:00:00","2023-01-01 00:00:00","2023-01-01 00:00:00","Airport System","43","2023-01-01 00:00:00","18","20","7","2023-01-01 00:00:00","20363","9E","N8918B","4825","1073103","30731","BQK","Brunswick, GA","GA","Georgia","1039707","30397","ATL","Atlanta, GA","GA","Georgia","-5","16","61","43","76","124","238","1","0","0","43","0","0","Less Than 250 Miles"
"08:00 - 08:59","08:00 - 08:59","2023-01-01 00:00:00","2023-01-01 00:00:00","2023-01-01 00:00:00","2023-01-01 00:00:00","2023-01-01 00:00:00","2023-01-01 00:00:00","Weather","67","2023-01-01 00:00:00","8","8","7","2023-01-01 00:00:00","20363","9E","N368CA","4828","1143302","31295","DTW","Detroit, MI","MI","Michigan","1323202","30977","MDW","Chicago, IL","IL","Illinois","73","25","5","67","84","78","228","1","0","62","0","0","5","Less Than 250 Miles"
"11:00 - 11:59","09:00 - 09:59","2023-01-01 00:00:00","2023-01-01 00:00:00","2023-01-01 00:00:00","2023-01-01 00:00:00","2023-01-01 00:00:00","2023-01-01 00:00:00","Late Aircraft","48","2023-01-01 00:00:00","9","11","7","2023-01-01 00:00:00","20363","9E","N368CA","4828","1323202","30977","MDW","Chicago, IL","IL","Illinois","1143302","31295","DTW","Detroit, MI","MI","Michigan","50","21","9","48","71","69","228","1","0","0","0","0","48","Less Than 250 Miles"
"15:00 - 15:59","12:00 - 12:59","2023-01-01 00:00:00","2023-01-01 00:00:00","2023-01-01 00:00:00","2023-01-01 00:00:00","2023-01-01 00:00:00","2023-01-01 00:00:00","Fly Time","0","2023-01-01 00:00:00","12","15","7","2023-01-01 00:00:00","20363","9E","N907XJ","4830","1219702","31703","HPN","White Plains, NY","NY","New York","1039707","30397","ATL","Atlanta, GA","GA","Georgia","1","26","9","-11","160","148","780","4","0","0","0","0","0","750-999 Miles"
"14:00 - 14:59","13:00 - 13:59","2023-01-01 00:00:00","2023-01-01 00:00:00","2023-01-01 00:00:00","2023-01-01 00:00:00","2023-01-01 00:00:00","2023-01-01 00:00:00","Fly Time","0","2023-01-01 00:00:00","13","14","7","2023-01-01 00:00:00","20363","9E","N272PQ","4855","1457406","34574","ROA","Roanoke, VA","VA","Virginia","1039707","30397","ATL","Atlanta, GA","GA","Georgia","3","18","3","-7","91","81","357","2","0","0","0","0","0","250-499 Miles"
"14:00 - 14:59","13:00 - 13:59","2023-01-01 00:00:00","2023-01-01 00:00:00","2023-01-01 00:00:00","2023-01-01 00:00:00","2023-01-01 00:00:00","2023-01-01 00:00:00","Carrier","21","2023-01-01 00:00:00","13","14","7","2023-01-01 00:00:00","20363","9E","N836AY","4861","1039707","30397","ATL","Atlanta, GA","GA","Georgia","1532305","35323","TRI","Bristol/Johnson City/Kingsport, TN","TN","Tennessee","23","17","4","21","65","63","227","1","21","0","0","0","0","Less Than 250 Miles"
"16:00 - 16:59","15:00 - 15:59","2023-01-01 00:00:00","2023-01-01 00:00:00","2023-01-01 00:00:00","2023-01-01 00:00:00","2023-01-01 00:00:00","2023-01-01 00:00:00","Fly Time","0","2023-01-01 00:00:00","15","16","7","2023-01-01 00:00:00","20363","9E","N836AY","4861","1532305","35323","TRI","Bristol/Johnson City/Kingsport, TN","TN","Tennessee","1039707","30397","ATL","Atlanta, GA","GA","Georgia","26","7","4","9","68","51","227","1","0","0","0","0","0","Less Than 250 Miles"
"20:00 - 20:59","17:00 - 17:59","2023-01-01 00:00:00","2023-01-01 00:00:00","2023-01-01 00:00:00","2023-01-01 00:00:00","2023-01-01 00:00:00","2023-01-01 00:00:00","Late Aircraft","72","2023-01-01 00:00:00","17","20","7","2023-01-01 00:00:00","20363","9E","N836AY","4864","1018502","30185","AEX","Alexandria, LA","LA","Louisiana","1039707","30397","ATL","Atlanta, GA","GA","Georgia","91","10","5","72","109","90","500","3","11","0","0","0","61","500-749 Miles"
"17:00 - 17:59","16:00 - 16:59","2023-01-01 00:00:00","2023-01-01 00:00:00","2023-01-01 00:00:00","2023-01-01 00:00:00","2023-01-01 00:00:00","2023-01-01 00:00:00","Carrier","77","2023-01-01 00:00:00","16","17","7","2023-01-01 00:00:00","20363","9E","N836AY","4864","1039707","30397","ATL","Atlanta, GA","GA","Georgia","1018502","30185","AEX","Alexandria, LA","LA","Louisiana","70","29","4","77","108","115","500","3","61","0","7","0","9","500-749 Miles"
"14:00 - 14:59","13:00 - 13:59","2023-01-01 00:00:00","2023-01-01 00:00:00","2023-01-01 00:00:00","2023-01-01 00:00:00","2023-01-01 00:00:00","2023-01-01 00:00:00","Fly Time","0","2023-01-01 00:00:00","13","14","7","2023-01-01 00:00:00","20363","9E","N479PX","4870","1430706","30721","PVD","Providence, RI","RI","Rhode Island","1295304","31703","LGA","New York, NY","NY","New York","1","9","6","-14","72","57","143","1","0","0","0","0","0","Less Than 250 Miles"
"07:00 - 07:59","06:00 - 06:59","2023-01-01 00:00:00","2023-01-01 00:00:00","2023-01-01 00:00:00","2023-01-01 00:00:00","2023-01-01 00:00:00","2023-01-01 00:00:00","Fly Time","0","2023-01-01 00:00:00","6","7","7","2023-01-01 00:00:00","20363","9E","N8877A","4887","1560702","35550","VLD","Valdosta, GA","GA","Georgia","1039707","30397","ATL","Atlanta, GA","GA","Georgia","15","9","9","3","75","63","208","1","0","0","0","0","0","Less Than 250 Miles"
"19:00 - 19:59","18:00 - 18:59","2023-01-01 00:00:00","2023-01-01 00:00:00","2023-01-01 00:00:00","2023-01-01 00:00:00","2023-01-01 00:00:00","2023-01-01 00:00:00","Fly Time","0","2023-01-01 00:00:00","18","19","7","2023-01-01 00:00:00","20363","9E","N601XJ","4890","1239703","32397","ITH","Ithaca/Cortland, NY","NY","New York","1143302","31295","DTW","Detroit, MI","MI","Michigan","8","11","6","-20","112","84","353","2","0","0","0","0","0","250-499 Miles"
"21:00 - 21:59","19:00 - 19:59","2023-01-01 00:00:00","2023-01-01 00:00:00","2023-01-01 00:00:00","2023-01-01 00:00:00","2023-01-01 00:00:00","2023-01-01 00:00:00","Fly Time","0","2023-01-01 00:00:00","19","21","7","2023-01-01 00:00:00","20363","9E","N341PQ","4894","1247805","31703","JFK","New York, NY","NY","New York","1449202","34492","RDU","Raleigh/Durham, NC","NC","North Carolina","1","17","5","-35","128","92","427","2","0","0","0","0","0","250-499 Miles"
"10:00 - 10:59","08:00 - 08:59","2023-01-01 00:00:00","2023-01-01 00:00:00","2023-01-01 00:00:00","2023-01-01 00:00:00","2023-01-01 00:00:00","2023-01-01 00:00:00","Late Aircraft","86","2023-01-01 00:00:00","8","10","7","2023-01-01 00:00:00","20363","9E","N902XJ","4903","1457607","34576","ROC","Rochester, NY","NY","New York","1295304","31703","LGA","New York, NY","NY","New York","113","11","4","86","88","61","254","2","8","0","0","0","78","250-499 Miles"
"16:00 - 16:59","15:00 - 15:59","2023-01-01 00:00:00","2023-01-01 00:00:00","2023-01-01 00:00:00","2023-01-01 00:00:00","2023-01-01 00:00:00","2023-01-01 00:00:00","Fly Time","0","2023-01-01 00:00:00","15","16","7","2023-01-01 00:00:00","20363","9E","N8877A","4919","1039707","30397","ATL","Atlanta, GA","GA","Georgia","1541206","35412","TYS","Knoxville, TN","TN","Tennessee","1","16","3","-6","57","50","152","1","0","0","0","0","0","Less Than 250 Miles"
"20:00 - 20:59","18:00 - 18:59","2023-01-01 00:00:00","2023-01-01 00:00:00","2023-01-01 00:00:00","2023-01-01 00:00:00","2023-01-01 00:00:00","2023-01-01 00:00:00","Fly Time","0","2023-01-01 00:00:00","18","20","7","2023-01-01 00:00:00","20363","9E","N305PQ","4940","1501606","31123","STL","St. Louis, MO","MO","Missouri","1348702","31650","MSP","Minneapolis, MN","MN","Minnesota","14","11","14","13","99","98","448","2","0","0","0","0","0","250-499 Miles"
"14:00 - 14:59","14:00 - 14:59","2023-01-01 00:00:00","2023-01-01 00:00:00","2023-01-01 00:00:00","2023-01-01 00:00:00","2023-01-01 00:00:00","2023-01-01 00:00:00","Fly Time","0","2023-01-01 00:00:00","14","14","7","2023-01-01 00:00:00","20363","9E","N8933B","4941","1039707","30397","ATL","Atlanta, GA","GA","Georgia","1337703","33377","MLU","Monroe, LA","LA","Louisiana","2","28","4","4","105","107","448","2","0","0","0","0","0","250-499 Miles"
"18:00 - 18:59","15:00 - 15:59","2023-01-01 00:00:00","2023-01-01 00:00:00","2023-01-01 00:00:00","2023-01-01 00:00:00","2023-01-01 00:00:00","2023-01-01 00:00:00","Airport System","23","2023-01-01 00:00:00","15","18","7","2023-01-01 00:00:00","20363","9E","N8933B","4941","1337703","33377","MLU","Monroe, LA","LA","Louisiana","1039707","30397","ATL","Atlanta, GA","GA","Georgia","8","41","9","23","99","114","448","2","4","0","15","0","4","250-499 Miles"
"10:00 - 10:59","08:00 - 08:59","2023-01-01 00:00:00","2023-01-01 00:00:00","2023-01-01 00:00:00","2023-01-01 00:00:00","2023-01-01 00:00:00","2023-01-01 00:00:00","Fly Time","0","2023-01-01 00:00:00","8","10","7","2023-01-01 00:00:00","20363","9E","N913XJ","4950","1295304","31703","LGA","New York, NY","NY","New York","1104205","30647","CLE","Cleveland, OH","OH","Ohio","13","20","8","-3","120","104","419","2","0","0","0","0","0","250-499 Miles"
"17:00 - 17:59","16:00 - 16:59","2023-01-01 00:00:00","2023-01-01 00:00:00","2023-01-01 00:00:00","2023-01-01 00:00:00","2023-01-01 00:00:00","2023-01-01 00:00:00","Fly Time","0","2023-01-01 00:00:00","16","17","7","2023-01-01 00:00:00","20363","9E","N8965E","4958","1307605","33076","LSE","La Crosse, WI","WI","Wisconsin","1348702","31650","MSP","Minneapolis, MN","MN","Minnesota","7","27","7","-7","77","63","119","1","0","0","0","0","0","Less Than 250 Miles"
"15:00 - 15:59","14:00 - 14:59","2023-01-01 00:00:00","2023-01-01 00:00:00","2023-01-01 00:00:00","2023-01-01 00:00:00","2023-01-01 00:00:00","2023-01-01 00:00:00","Fly Time","0","2023-01-01 00:00:00","14","15","7","2023-01-01 00:00:00","20363","9E","N8965E","4958","1348702","31650","MSP","Minneapolis, MN","MN","Minnesota","1307605","33076","LSE","La Crosse, WI","WI","Wisconsin","33","15","2","9","65","41","119","1","0","0","0","0","0","Less Than 250 Miles"
"22:00 - 22:59","21:00 - 21:59","2023-01-01 00:00:00","2023-01-01 00:00:00","2023-01-01 00:00:00","2023-01-01 00:00:00","2023-01-01 00:00:00","2023-01-01 00:00:00","Carrier","78","2023-01-01 00:00:00","21","22","7","2023-01-01 00:00:00","20363","9E","N8903A","4966","1348702","31650","MSP","Minneapolis, MN","MN","Minnesota","1040805","30408","ATW","Appleton, WI","WI","Wisconsin","68","48","6","78","82","92","236","1","68","0","10","0","0","Less Than 250 Miles"
"15:00 - 15:59","13:00 - 13:59","2023-01-01 00:00:00","2023-01-01 00:00:00","2023-01-01 00:00:00","2023-01-01 00:00:00","2023-01-01 00:00:00","2023-01-01 00:00:00","Fly Time","0","2023-01-01 00:00:00","13","15","7","2023-01-01 00:00:00","20363","9E","N306PQ","4969","1233904","32337","IND","Indianapolis, IN","IN","Indiana","1247805","31703","JFK","New York, NY","NY","New York","6","22","10","3","124","121","665","3","0","0","0","0","0","500-749 Miles"
"12:00 - 12:59","11:00 - 11:59","2023-01-01 00:00:00","2023-01-01 00:00:00","2023-01-01 00:00:00","2023-01-01 00:00:00","2023-01-01 00:00:00","2023-01-01 00:00:00","Carrier","49","2023-01-01 00:00:00","11","12","7","2023-01-01 00:00:00","20363","9E","N8970D","4972","1039707","30397","ATL","Atlanta, GA","GA","Georgia","1200704","30894","GTR","Columbus, MS","MS","Mississippi","53","17","3","49","69","65","241","1","49","0","0","0","0","Less Than 250 Miles"
"15:00 - 15:59","12:00 - 12:59","2023-01-01 00:00:00","2023-01-01 00:00:00","2023-01-01 00:00:00","2023-01-01 00:00:00","2023-01-01 00:00:00","2023-01-01 00:00:00","Late Aircraft","31","2023-01-01 00:00:00","12","15","7","2023-01-01 00:00:00","20363","9E","N8970D","4972","1200704","30894","GTR","Columbus, MS","MS","Mississippi","1039707","30397","ATL","Atlanta, GA","GA","Georgia","55","6","7","31","78","54","241","1","0","0","3","0","28","Less Than 250 Miles"
"19:00 - 19:59","18:00 - 18:59","2023-01-01 00:00:00","2023-01-01 00:00:00","2023-01-01 00:00:00","2023-01-01 00:00:00","2023-01-01 00:00:00","2023-01-01 00:00:00","Fly Time","0","2023-01-01 00:00:00","18","19","7","2023-01-01 00:00:00","20363","9E","N907XJ","4981","1039707","30397","ATL","Atlanta, GA","GA","Georgia","1541206","35412","TYS","Knoxville, TN","TN","Tennessee","6","11","4","-8","60","46","152","1","0","0","0","0","0","Less Than 250 Miles"
"10:00 - 10:59","08:00 - 08:59","2023-01-01 00:00:00","2023-01-01 00:00:00","2023-01-01 00:00:00","2023-01-01 00:00:00","2023-01-01 00:00:00","2023-01-01 00:00:00","Fly Time","0","2023-01-01 00:00:00","8","10","7","2023-01-01 00:00:00","20363","9E","N910XJ","4989","1143302","31295","DTW","Detroit, MI","MI","Michigan","1393102","33667","ORF","Norfolk, VA","VA","Virginia","14","21","4","0","116","102","529","3","0","0","0","0","0","500-749 Miles"
"18:00 - 18:59","16:00 - 16:59","2023-01-01 00:00:00","2023-01-01 00:00:00","2023-01-01 00:00:00","2023-01-01 00:00:00","2023-01-01 00:00:00","2023-01-01 00:00:00","Fly Time","0","2023-01-01 00:00:00","16","18","7","2023-01-01 00:00:00","20363","9E","N341PQ","4994","1143302","31295","DTW","Detroit, MI","MI","Michigan","1247805","31703","JFK","New York, NY","NY","New York","18","17","12","-3","117","96","509","3","0","0","0","0","0","500-749 Miles"
"12:00 - 12:59","11:00 - 11:59","2023-01-01 00:00:00","2023-01-01 00:00:00","2023-01-01 00:00:00","2023-01-01 00:00:00","2023-01-01 00:00:00","2023-01-01 00:00:00","Carrier","53","2023-01-01 00:00:00","11","12","7","2023-01-01 00:00:00","20363","9E","N232PQ","5025","1039707","30397","ATL","Atlanta, GA","GA","Georgia","1481403","30476","SHV","Shreveport, LA","LA","Louisiana","78","13","4","53","123","98","551","3","53","0","0","0","0","500-749 Miles"
"15:00 - 15:59","13:00 - 13:59","2023-01-01 00:00:00","2023-01-01 00:00:00","2023-01-01 00:00:00","2023-01-01 00:00:00","2023-01-01 00:00:00","2023-01-01 00:00:00","Late Aircraft","32","2023-01-01 00:00:00","13","15","7","2023-01-01 00:00:00","20363","9E","N232PQ","5025","1481403","30476","SHV","Shreveport, LA","LA","Louisiana","1039707","30397","ATL","Atlanta, GA","GA","Georgia","52","9","5","32","108","88","551","3","1","0","0","0","31","500-749 Miles"
"13:00 - 13:59","12:00 - 12:59","2023-01-01 00:00:00","2023-01-01 00:00:00","2023-01-01 00:00:00","2023-01-01 00:00:00","2023-01-01 00:00:00","2023-01-01 00:00:00","Fly Time","0","2023-01-01 00:00:00","12","13","7","2023-01-01 00:00:00","20363","9E","N601LR","5055","1195302","31953","GNV","Gainesville, FL","FL","Florida","1039707","30397","ATL","Atlanta, GA","GA","Georgia","14","10","7","-2","83","67","300","2","0","0","0","0","0","250-499 Miles"
"09:00 - 09:59","08:00 - 08:59","2023-10-30 00:00:00","2023-10-30 00:00:00","2023-10-30 00:00:00","2023-10-30 00:00:00","2023-10-30 00:00:00","2023-10-30 00:00:00","Fly Time","0","2023-10-30 00:00:00","8","9","1","2023-10-30 00:00:00","19393","WN","N223WN","3608","1490803","32575","SNA","Santa Ana, CA","CA","California","1288904","32211","LAS","Las Vegas, NV","NV","Nevada","2","14","10","-2","70","66","226","1","0","0","0","0","0","Less Than 250 Miles"
"09:00 - 09:59","08:00 - 08:59","2023-10-30 00:00:00","2023-10-30 00:00:00","2023-10-30 00:00:00","2023-10-30 00:00:00","2023-10-30 00:00:00","2023-10-30 00:00:00","Carrier","111","2023-10-30 00:00:00","8","9","1","2023-10-30 00:00:00","19393","WN","N263WN","1153","1537002","34653","TUL","Tulsa, OK","OK","Oklahoma","1125904","30194","DAL","Dallas, TX","TX","Texas","116","9","4","111","65","60","238","1","111","0","0","0","0","Less Than 250 Miles"
"09:00 - 09:59","08:00 - 08:59","2023-10-30 00:00:00","2023-10-30 00:00:00","2023-10-30 00:00:00","2023-10-30 00:00:00","2023-10-30 00:00:00","2023-10-30 00:00:00","Fly Time","0","2023-10-30 00:00:00","8","9","1","2023-10-30 00:00:00","19393","WN","N488WN","1228","1042302","30423","AUS","Austin, TX","TX","Texas","1219103","31453","HOU","Houston, TX","TX","Texas","2","23","3","6","60","64","148","1","0","0","0","0","0","Less Than 250 Miles"
"09:00 - 09:59","08:00 - 08:59","2023-10-30 00:00:00","2023-10-30 00:00:00","2023-10-30 00:00:00","2023-10-30 00:00:00","2023-10-30 00:00:00","2023-10-30 00:00:00","Late Aircraft","57","2023-10-30 00:00:00","8","9","1","2023-10-30 00:00:00","19393","WN","N453WN","1","1219103","31453","HOU","Houston, TX","TX","Texas","1114008","31140","CRP","Corpus Christi, TX","TX","Texas","61","13","4","57","55","51","187","1","0","0","0","0","57","Less Than 250 Miles"
"09:00 - 09:59","08:00 - 08:59","2023-10-30 00:00:00","2023-10-30 00:00:00","2023-10-30 00:00:00","2023-10-30 00:00:00","2023-10-30 00:00:00","2023-10-30 00:00:00","Fly Time","0","2023-10-30 00:00:00","8","9","1","2023-10-30 00:00:00","19393","WN","N441WN","1708","1125904","30194","DAL","Dallas, TX","TX","Texas","1226603","31453","IAH","Houston, TX","TX","Texas","7","9","7","-5","70","58","216","1","0","0","0","0","0","Less Than 250 Miles"
"09:00 - 09:59","08:00 - 08:59","2023-10-31 00:00:00","2023-10-31 00:00:00","2023-10-30 00:00:00","2023-10-31 00:00:00","2023-10-30 00:00:00","2023-10-30 00:00:00","Fly Time","0","2023-10-30 00:00:00","8","9","1","2023-10-30 00:00:00","19393","WN","N8315C","1278","1288904","32211","LAS","Las Vegas, NV","NV","Nevada","1289208","32575","LAX","Los Angeles, CA","CA","California","-2","24","9","2","70","74","236","1","0","0","0","0","0","Less Than 250 Miles"
"09:00 - 09:59","08:00 - 08:59","2023-10-31 00:00:00","2023-10-31 00:00:00","2023-10-30 00:00:00","2023-10-31 00:00:00","2023-10-30 00:00:00","2023-10-30 00:00:00","Fly Time","0","2023-10-30 00:00:00","8","9","1","2023-10-30 00:00:00","19393","WN","N8571Z","7","1125904","30194","DAL","Dallas, TX","TX","Texas","1219103","31453","HOU","Houston, TX","TX","Texas","-1","11","3","1","65","67","239","1","0","0","0","0","0","Less Than 250 Miles"
"09:00 - 09:59","08:00 - 08:59","2023-11-06 00:00:00","2023-11-06 00:00:00","2023-11-06 00:00:00","2023-11-06 00:00:00","2023-11-06 00:00:00","2023-11-06 00:00:00","Fly Time","0","2023-11-06 00:00:00","8","9","1","2023-11-06 00:00:00","19393","WN","N219WN","2054","1288904","32211","LAS","Las Vegas, NV","NV","Nevada","1080003","32575","BUR","Burbank, CA","CA","California","9","19","2","4","70","65","223","1","0","0","0","0","0","Less Than 250 Miles"
"09:00 - 09:59","08:00 - 08:59","2023-11-06 00:00:00","2023-11-06 00:00:00","2023-11-06 00:00:00","2023-11-06 00:00:00","2023-11-06 00:00:00","2023-11-06 00:00:00","Fly Time","0","2023-11-06 00:00:00","8","9","1","2023-11-06 00:00:00","19393","WN","N965WN","901","1288904","32211","LAS","Las Vegas, NV","NV","Nevada","1490803","32575","SNA","Santa Ana, CA","CA","California","3","17","4","-5","70","62","226","1","0","0","0","0","0","Less Than 250 Miles"
"09:00 - 09:59","08:00 - 08:59","2023-11-06 00:00:00","2023-11-06 00:00:00","2023-11-06 00:00:00","2023-11-06 00:00:00","2023-11-06 00:00:00","2023-11-06 00:00:00","Fly Time","0","2023-11-06 00:00:00","8","9","1","2023-11-06 00:00:00","19393","WN","N400WN","353","1288904","32211","LAS","Las Vegas, NV","NV","Nevada","1289208","32575","LAX","Los Angeles, CA","CA","California","2","27","9","3","75","76","236","1","0","0","0","0","0","Less Than 250 Miles"
"09:00 - 09:59","08:00 - 08:59","2023-11-06 00:00:00","2023-11-06 00:00:00","2023-11-06 00:00:00","2023-11-06 00:00:00","2023-11-06 00:00:00","2023-11-06 00:00:00","Fly Time","0","2023-11-06 00:00:00","8","9","1","2023-11-06 00:00:00","19393","WN","N8706W","2219","1295407","32575","LGB","Long Beach, CA","CA","California","1288904","32211","LAS","Las Vegas, NV","NV","Nevada","2","15","4","-3","70","65","231","1","0","0","0","0","0","Less Than 250 Miles"
"09:00 - 09:59","08:00 - 08:59","2023-11-06 00:00:00","2023-11-06 00:00:00","2023-11-06 00:00:00","2023-11-06 00:00:00","2023-11-06 00:00:00","2023-11-06 00:00:00","Fly Time","0","2023-11-06 00:00:00","8","9","1","2023-11-06 00:00:00","19393","WN","N7865A","408","1289208","32575","LAX","Los Angeles, CA","CA","California","1288904","32211","LAS","Las Vegas, NV","NV","Nevada","3","18","6","1","70","68","236","1","0","0","0","0","0","Less Than 250 Miles"
"09:00 - 09:59","08:00 - 08:59","2023-11-06 00:00:00","2023-11-06 00:00:00","2023-11-06 00:00:00","2023-11-06 00:00:00","2023-11-06 00:00:00","2023-11-06 00:00:00","Fly Time","0","2023-11-06 00:00:00","8","9","1","2023-11-06 00:00:00","19393","WN","N419WN","8","1219103","31453","HOU","Houston, TX","TX","Texas","1125904","30194","DAL","Dallas, TX","TX","Texas","12","6","3","-2","65","51","239","1","0","0","0","0","0","Less Than 250 Miles"
"09:00 - 09:59","08:00 - 08:59","2023-11-06 00:00:00","2023-11-06 00:00:00","2023-11-06 00:00:00","2023-11-06 00:00:00","2023-11-06 00:00:00","2023-11-06 00:00:00","Fly Time","0","2023-11-06 00:00:00","8","9","1","2023-11-06 00:00:00","19393","WN","N208WN","5","1125904","30194","DAL","Dallas, TX","TX","Texas","1219103","31453","HOU","Houston, TX","TX","Texas","14","13","7","4","70","60","239","1","0","0","0","0","0","Less Than 250 Miles"
"09:00 - 09:59","09:00 - 09:59","2023-11-07 00:00:00","2023-11-07 00:00:00","2023-11-06 00:00:00","2023-11-07 00:00:00","2023-11-06 00:00:00","2023-11-06 00:00:00","Fly Time","0","2023-11-06 00:00:00","9","9","1","2023-11-06 00:00:00","19393","WN","N8724J","1242","1240203","32402","ITO","Hilo, HI","HI","Hawaii","1217305","32134","HNL","Honolulu, HI","HI","Hawaii","-1","21","3","6","55","62","216","1","0","0","0","0","0","Less Than 250 Miles"
"09:00 - 09:59","09:00 - 09:59","2023-11-07 00:00:00","2023-11-07 00:00:00","2023-11-06 00:00:00","2023-11-07 00:00:00","2023-11-06 00:00:00","2023-11-06 00:00:00","Fly Time","0","2023-11-06 00:00:00","9","9","1","2023-11-06 00:00:00","19393","WN","N8755L","3753","1383002","33830","OGG","Kahului, HI","HI","Hawaii","1217305","32134","HNL","Honolulu, HI","HI","Hawaii","-4","25","4","8","45","57","100","1","0","0","0","0","0","Less Than 250 Miles"
"10:00 - 10:59","09:00 - 09:59","2023-10-23 00:00:00","2023-10-23 00:00:00","2023-10-23 00:00:00","2023-10-23 00:00:00","2023-10-23 00:00:00","2023-10-23 00:00:00","Fly Time","0","2023-10-23 00:00:00","9","10","1","2023-10-23 00:00:00","19393","WN","N412WN","1957","1288904","32211","LAS","Las Vegas, NV","NV","Nevada","1490803","32575","SNA","Santa Ana, CA","CA","California","5","19","5","7","65","67","226","1","0","0","0","0","0","Less Than 250 Miles"
"10:00 - 10:59","09:00 - 09:59","2023-10-23 00:00:00","2023-10-23 00:00:00","2023-10-23 00:00:00","2023-10-23 00:00:00","2023-10-23 00:00:00","2023-10-23 00:00:00","Fly Time","0","2023-10-23 00:00:00","9","10","1","2023-10-23 00:00:00","19393","WN","N8884Q","874","1288904","32211","LAS","Las Vegas, NV","NV","Nevada","1289208","32575","LAX","Los Angeles, CA","CA","California","1","25","10","3","75","77","236","1","0","0","0","0","0","Less Than 250 Miles"
"10:00 - 10:59","09:00 - 09:59","2023-10-23 00:00:00","2023-10-23 00:00:00","2023-10-23 00:00:00","2023-10-23 00:00:00","2023-10-23 00:00:00","2023-10-23 00:00:00","Fly Time","0","2023-10-23 00:00:00","9","10","1","2023-10-23 00:00:00","19393","WN","N8704Q","1350","1217305","32134","HNL","Honolulu, HI","HI","Hawaii","1298202","32982","LIH","Lihue, HI","HI","Hawaii","9","19","3","11","45","47","102","1","0","0","0","0","0","Less Than 250 Miles"
"10:00 - 10:59","09:00 - 09:59","2023-10-23 00:00:00","2023-10-23 00:00:00","2023-10-23 00:00:00","2023-10-23 00:00:00","2023-10-23 00:00:00","2023-10-23 00:00:00","Fly Time","0","2023-10-23 00:00:00","9","10","1","2023-10-23 00:00:00","19393","WN","N435WN","2775","1483106","32457","SJC","San Jose, CA","CA","California","1457002","34570","RNO","Reno, NV","NV","Nevada","5","20","4","8","60","63","188","1","0","0","0","0","0","Less Than 250 Miles"
"10:00 - 10:59","09:00 - 09:59","2023-10-23 00:00:00","2023-10-23 00:00:00","2023-10-23 00:00:00","2023-10-23 00:00:00","2023-10-23 00:00:00","2023-10-23 00:00:00","Fly Time","0","2023-10-23 00:00:00","9","10","1","2023-10-23 00:00:00","19393","WN","N7738A","3112","1490803","32575","SNA","Santa Ana, CA","CA","California","1288904","32211","LAS","Las Vegas, NV","NV","Nevada","1","8","16","-6","70","63","226","1","0","0","0","0","0","Less Than 250 Miles"
"10:00 - 10:59","09:00 - 09:59","2023-10-23 00:00:00","2023-10-23 00:00:00","2023-10-23 00:00:00","2023-10-23 00:00:00","2023-10-23 00:00:00","2023-10-23 00:00:00","Fly Time","0","2023-10-23 00:00:00","9","10","1","2023-10-23 00:00:00","19393","WN","N226WN","3373","1125904","30194","DAL","Dallas, TX","TX","Texas","1468305","33214","SAT","San Antonio, TX","TX","Texas","8","12","3","8","65","65","247","1","0","0","0","0","0","Less Than 250 Miles"
"10:00 - 10:59","09:00 - 09:59","2023-10-23 00:00:00","2023-10-23 00:00:00","2023-10-23 00:00:00","2023-10-23 00:00:00","2023-10-23 00:00:00","2023-10-23 00:00:00","Fly Time","0","2023-10-23 00:00:00","9","10","1","2023-10-23 00:00:00","19393","WN","N8761L","2826","1219103","31453","HOU","Houston, TX","TX","Texas","1468305","33214","SAT","San Antonio, TX","TX","Texas","17","13","4","14","60","57","192","1","0","0","0","0","0","Less Than 250 Miles"
"10:00 - 10:59","09:00 - 09:59","2023-10-23 00:00:00","2023-10-23 00:00:00","2023-10-23 00:00:00","2023-10-23 00:00:00","2023-10-23 00:00:00","2023-10-23 00:00:00","Fly Time","0","2023-10-23 00:00:00","9","10","1","2023-10-23 00:00:00","19393","WN","N7852A","571","1042302","30423","AUS","Austin, TX","TX","Texas","1125904","30194","DAL","Dallas, TX","TX","Texas","10","18","4","2","70","62","189","1","0","0","0","0","0","Less Than 250 Miles"
"10:00 - 10:59","08:00 - 08:59","2023-10-30 00:00:00","2023-10-30 00:00:00","2023-10-30 00:00:00","2023-10-30 00:00:00","2023-10-30 00:00:00","2023-10-30 00:00:00","Fly Time","0","2023-10-30 00:00:00","8","10","1","2023-10-30 00:00:00","19393","WN","N418WN","3421","1323202","30977","MDW","Chicago, IL","IL","Illinois","1143302","31295","DTW","Detroit, MI","MI","Michigan","0","30","6","12","60","72","228","1","0","0","0","0","0","Less Than 250 Miles"
"10:00 - 10:59","08:00 - 08:59","2023-10-30 00:00:00","2023-10-30 00:00:00","2023-10-30 00:00:00","2023-10-30 00:00:00","2023-10-30 00:00:00","2023-10-30 00:00:00","Fly Time","0","2023-10-30 00:00:00","8","10","1","2023-10-30 00:00:00","19393","WN","N468WN","335","1082106","30852","BWI","Baltimore, MD","MD","Maryland","1239103","31703","ISP","Islip, NY","NY","New York","3","10","4","6","75","78","220","1","0","0","0","0","0","Less Than 250 Miles"
"10:00 - 10:59","09:00 - 09:59","2023-10-30 00:00:00","2023-10-30 00:00:00","2023-10-30 00:00:00","2023-10-30 00:00:00","2023-10-30 00:00:00","2023-10-30 00:00:00","Fly Time","0","2023-10-30 00:00:00","9","10","1","2023-10-30 00:00:00","19393","WN","N931WN","1957","1288904","32211","LAS","Las Vegas, NV","NV","Nevada","1490803","32575","SNA","Santa Ana, CA","CA","California","7","14","2","1","65","59","226","1","0","0","0","0","0","Less Than 250 Miles"
"10:00 - 10:59","09:00 - 09:59","2023-10-30 00:00:00","2023-10-30 00:00:00","2023-10-30 00:00:00","2023-10-30 00:00:00","2023-10-30 00:00:00","2023-10-30 00:00:00","Fly Time","0","2023-10-30 00:00:00","9","10","1","2023-10-30 00:00:00","19393","WN","N265WN","215","1288904","32211","LAS","Las Vegas, NV","NV","Nevada","1080003","32575","BUR","Burbank, CA","CA","California","10","24","2","9","70","69","223","1","0","0","0","0","0","Less Than 250 Miles"
"10:00 - 10:59","09:00 - 09:59","2023-10-30 00:00:00","2023-10-30 00:00:00","2023-10-30 00:00:00","2023-10-30 00:00:00","2023-10-30 00:00:00","2023-10-30 00:00:00","Fly Time","0","2023-10-30 00:00:00","9","10","1","2023-10-30 00:00:00","19393","WN","N8603F","874","1288904","32211","LAS","Las Vegas, NV","NV","Nevada","1289208","32575","LAX","Los Angeles, CA","CA","California","4","14","9","-7","75","64","236","1","0","0","0","0","0","Less Than 250 Miles"
"10:00 - 10:59","09:00 - 09:59","2023-10-30 00:00:00","2023-10-30 00:00:00","2023-10-30 00:00:00","2023-10-30 00:00:00","2023-10-30 00:00:00","2023-10-30 00:00:00","Fly Time","0","2023-10-30 00:00:00","9","10","1","2023-10-30 00:00:00","19393","WN","N763SW","3476","1129202","30325","DEN","Denver, CO","CO","Colorado","1209402","34699","HDN","Hayden, CO","CO","Colorado","15","10","2","5","50","40","141","1","0","0","0","0","0","Less Than 250 Miles"
"10:00 - 10:59","09:00 - 09:59","2023-10-30 00:00:00","2023-10-30 00:00:00","2023-10-30 00:00:00","2023-10-30 00:00:00","2023-10-30 00:00:00","2023-10-30 00:00:00","Carrier","16","2023-10-30 00:00:00","9","10","1","2023-10-30 00:00:00","19393","WN","N217JC","2775","1483106","32457","SJC","San Jose, CA","CA","California","1457002","34570","RNO","Reno, NV","NV","Nevada","10","22","3","16","60","66","188","1","10","0","6","0","0","Less Than 250 Miles"
"10:00 - 10:59","09:00 - 09:59","2023-10-30 00:00:00","2023-10-30 00:00:00","2023-10-30 00:00:00","2023-10-30 00:00:00","2023-10-30 00:00:00","2023-10-30 00:00:00","Fly Time","0","2023-10-30 00:00:00","9","10","1","2023-10-30 00:00:00","19393","WN","N943WN","3112","1490803","32575","SNA","Santa Ana, CA","CA","California","1288904","32211","LAS","Las Vegas, NV","NV","Nevada","1","7","7","-15","70","54","226","1","0","0","0","0","0","Less Than 250 Miles"
"10:00 - 10:59","09:00 - 09:59","2023-10-30 00:00:00","2023-10-30 00:00:00","2023-10-30 00:00:00","2023-10-30 00:00:00","2023-10-30 00:00:00","2023-10-30 00:00:00","Fly Time","0","2023-10-30 00:00:00","9","10","1","2023-10-30 00:00:00","19393","WN","N235WN","574","1289208","32575","LAX","Los Angeles, CA","CA","California","1288904","32211","LAS","Las Vegas, NV","NV","Nevada","9","16","8","4","70","65","236","1","0","0","0","0","0","Less Than 250 Miles"
"10:00 - 10:59","09:00 - 09:59","2023-10-31 00:00:00","2023-10-31 00:00:00","2023-10-30 00:00:00","2023-10-31 00:00:00","2023-10-30 00:00:00","2023-10-30 00:00:00","Fly Time","0","2023-10-30 00:00:00","9","10","1","2023-10-30 00:00:00","19393","WN","N8795L","2826","1219103","31453","HOU","Houston, TX","TX","Texas","1468305","33214","SAT","San Antonio, TX","TX","Texas","-2","22","5","8","60","70","192","1","0","0","0","0","0","Less Than 250 Miles"
"10:00 - 10:59","09:00 - 09:59","2023-11-06 00:00:00","2023-11-06 00:00:00","2023-11-06 00:00:00","2023-11-06 00:00:00","2023-11-06 00:00:00","2023-11-06 00:00:00","Fly Time","0","2023-11-06 00:00:00","9","10","1","2023-11-06 00:00:00","19393","WN","N8784Q","1340","1217305","32134","HNL","Honolulu, HI","HI","Hawaii","1298202","32982","LIH","Lihue, HI","HI","Hawaii","2","12","4","-6","45","37","102","1","0","0","0","0","0","Less Than 250 Miles"
"10:00 - 10:59","09:00 - 09:59","2023-11-06 00:00:00","2023-11-06 00:00:00","2023-11-06 00:00:00","2023-11-06 00:00:00","2023-11-06 00:00:00","2023-11-06 00:00:00","Late Aircraft","28","2023-11-06 00:00:00","9","10","1","2023-11-06 00:00:00","19393","WN","N8305E","2176","1289208","32575","LAX","Los Angeles, CA","CA","California","1288904","32211","LAS","Las Vegas, NV","NV","Nevada","35","17","4","28","70","63","236","1","0","0","0","0","28","Less Than 250 Miles"
"10:00 - 10:59","09:00 - 09:59","2023-11-06 00:00:00","2023-11-06 00:00:00","2023-11-06 00:00:00","2023-11-06 00:00:00","2023-11-06 00:00:00","2023-11-06 00:00:00","Late Aircraft","36","2023-11-06 00:00:00","9","10","1","2023-11-06 00:00:00","19393","WN","N942WN","2774","1490803","32575","SNA","Santa Ana, CA","CA","California","1288904","32211","LAS","Las Vegas, NV","NV","Nevada","30","25","6","36","70","76","226","1","0","0","8","0","28","Less Than 250 Miles"
"10:00 - 10:59","09:00 - 09:59","2023-11-06 00:00:00","2023-11-06 00:00:00","2023-11-06 00:00:00","2023-11-06 00:00:00","2023-11-06 00:00:00","2023-11-06 00:00:00","Fly Time","0","2023-11-06 00:00:00","9","10","1","2023-11-06 00:00:00","19393","WN","N7715E","12","1219103","31453","HOU","Houston, TX","TX","Texas","1125904","30194","DAL","Dallas, TX","TX","Texas","8","10","3","-10","75","57","239","1","0","0","0","0","0","Less Than 250 Miles"
"11:00 - 11:59","10:00 - 10:59","2023-10-23 00:00:00","2023-10-23 00:00:00","2023-10-23 00:00:00","2023-10-23 00:00:00","2023-10-23 00:00:00","2023-10-23 00:00:00","Airport System","35","2023-10-23 00:00:00","10","11","1","2023-10-23 00:00:00","19393","WN","N8750Q","2811","1275804","32758","KOA","Kona, HI","HI","Hawaii","1217305","32134","HNL","Honolulu, HI","HI","Hawaii","13","21","10","35","50","72","163","1","0","0","35","0","0","Less Than 250 Miles"
"11:00 - 11:59","10:00 - 10:59","2023-10-23 00:00:00","2023-10-23 00:00:00","2023-10-23 00:00:00","2023-10-23 00:00:00","2023-10-23 00:00:00","2023-10-23 00:00:00","Fly Time","0","2023-10-23 00:00:00","10","11","1","2023-10-23 00:00:00","19393","WN","N7724A","2986","1490803","32575","SNA","Santa Ana, CA","CA","California","1288904","32211","LAS","Las Vegas, NV","NV","Nevada","4","12","6","-7","70","59","226","1","0","0","0","0","0","Less Than 250 Miles"
"11:00 - 11:59","10:00 - 10:59","2023-10-23 00:00:00","2023-10-23 00:00:00","2023-10-23 00:00:00","2023-10-23 00:00:00","2023-10-23 00:00:00","2023-10-23 00:00:00","Late Aircraft","31","2023-10-23 00:00:00","10","11","1","2023-10-23 00:00:00","19393","WN","N202WN","1816","1080003","32575","BUR","Burbank, CA","CA","California","1288904","32211","LAS","Las Vegas, NV","NV","Nevada","37","18","7","31","70","64","223","1","4","0","0","0","27","Less Than 250 Miles"
"11:00 - 11:59","10:00 - 10:59","2023-10-23 00:00:00","2023-10-23 00:00:00","2023-10-23 00:00:00","2023-10-23 00:00:00","2023-10-23 00:00:00","2023-10-23 00:00:00","Fly Time","0","2023-10-23 00:00:00","10","11","1","2023-10-23 00:00:00","19393","WN","N8698B","3284","1039707","30397","ATL","Atlanta, GA","GA","Georgia","1199603","31871","GSP","Greer, SC","SC","South Carolina","4","12","4","-8","55","43","153","1","0","0","0","0","0","Less Than 250 Miles"
"11:00 - 11:59","10:00 - 10:59","2023-10-23 00:00:00","2023-10-23 00:00:00","2023-10-23 00:00:00","2023-10-23 00:00:00","2023-10-23 00:00:00","2023-10-23 00:00:00","Fly Time","0","2023-10-23 00:00:00","10","11","1","2023-10-23 00:00:00","19393","WN","N926WN","23","1125904","30194","DAL","Dallas, TX","TX","Texas","1219103","31453","HOU","Houston, TX","TX","Texas","3","9","2","-5","65","57","239","1","0","0","0","0","0","Less Than 250 Miles"
"11:00 - 11:59","11:00 - 11:59","2023-10-23 00:00:00","2023-10-23 00:00:00","2023-10-23 00:00:00","2023-10-23 00:00:00","2023-10-23 00:00:00","2023-10-23 00:00:00","Late Aircraft","72","2023-10-23 00:00:00","11","11","1","2023-10-23 00:00:00","19393","WN","N8748Q","983","1217305","32134","HNL","Honolulu, HI","HI","Hawaii","1275804","32758","KOA","Kona, HI","HI","Hawaii","77","17","4","72","55","50","163","1","0","0","0","0","72","Less Than 250 Miles"
"11:00 - 11:59","11:00 - 11:59","2023-10-23 00:00:00","2023-10-23 00:00:00","2023-10-23 00:00:00","2023-10-23 00:00:00","2023-10-23 00:00:00","2023-10-23 00:00:00","Late Aircraft","19","2023-10-23 00:00:00","11","11","1","2023-10-23 00:00:00","19393","WN","N8704Q","3257","1298202","32982","LIH","Lihue, HI","HI","Hawaii","1217305","32134","HNL","Honolulu, HI","HI","Hawaii","19","9","11","19","45","45","102","1","0","0","5","0","14","Less Than 250 Miles"
"11:00 - 11:59","09:00 - 09:59","2023-10-30 00:00:00","2023-10-30 00:00:00","2023-10-30 00:00:00","2023-10-30 00:00:00","2023-10-30 00:00:00","2023-10-30 00:00:00","Fly Time","0","2023-10-30 00:00:00","9","11","1","2023-10-30 00:00:00","19393","WN","N8566Z","549","1468305","33214","SAT","San Antonio, TX","TX","Texas","1125904","30194","DAL","Dallas, TX","TX","Texas","12","8","4","-1","70","57","247","1","0","0","0","0","0","Less Than 250 Miles"
"11:00 - 11:59","09:00 - 09:59","2023-10-31 00:00:00","2023-10-31 00:00:00","2023-10-30 00:00:00","2023-10-31 00:00:00","2023-10-30 00:00:00","2023-10-30 00:00:00","Fly Time","0","2023-10-30 00:00:00","9","11","1","2023-10-30 00:00:00","19393","WN","N8838Q","329","1323202","30977","MDW","Chicago, IL","IL","Illinois","1119302","33105","CVG","Cincinnati, OH","KY","Kentucky","-4","20","5","2","65","71","249","1","0","0","0","0","0","Less Than 250 Miles"
"11:00 - 11:59","10:00 - 10:59","2023-10-30 00:00:00","2023-10-30 00:00:00","2023-10-30 00:00:00","2023-10-30 00:00:00","2023-10-30 00:00:00","2023-10-30 00:00:00","Fly Time","0","2023-10-30 00:00:00","10","11","1","2023-10-30 00:00:00","19393","WN","N8697C","3068","1412202","30198","PIT","Pittsburgh, PA","PA","Pennsylvania","1082106","30852","BWI","Baltimore, MD","MD","Maryland","1","14","2","-7","65","57","210","1","0","0","0","0","0","Less Than 250 Miles"
"11:00 - 11:59","10:00 - 10:59","2023-10-30 00:00:00","2023-10-30 00:00:00","2023-10-30 00:00:00","2023-10-30 00:00:00","2023-10-30 00:00:00","2023-10-30 00:00:00","Fly Time","0","2023-10-30 00:00:00","10","11","1","2023-10-30 00:00:00","19393","WN","N959WN","1816","1080003","32575","BUR","Burbank, CA","CA","California","1288904","32211","LAS","Las Vegas, NV","NV","Nevada","15","12","6","1","70","56","223","1","0","0","0","0","0","Less Than 250 Miles"
"11:00 - 11:59","10:00 - 10:59","2023-10-30 00:00:00","2023-10-30 00:00:00","2023-10-30 00:00:00","2023-10-30 00:00:00","2023-10-30 00:00:00","2023-10-30 00:00:00","Late Aircraft","24","2023-10-30 00:00:00","10","11","1","2023-10-30 00:00:00","19393","WN","N8892S","3284","1039707","30397","ATL","Atlanta, GA","GA","Georgia","1199603","31871","GSP","Greer, SC","SC","South Carolina","28","16","3","24","55","51","153","1","10","0","0","0","14","Less Than 250 Miles"
"11:00 - 11:59","10:00 - 10:59","2023-10-30 00:00:00","2023-10-30 00:00:00","2023-10-30 00:00:00","2023-10-30 00:00:00","2023-10-30 00:00:00","2023-10-30 00:00:00","Late Aircraft","60","2023-10-30 00:00:00","10","11","1","2023-10-30 00:00:00","19393","WN","N453WN","26","1114008","31140","CRP","Corpus Christi, TX","TX","Texas","1219103","31453","HOU","Houston, TX","TX","Texas","52","23","4","60","60","68","187","1","0","0","8","0","52","Less Than 250 Miles"
"11:00 - 11:59","10:00 - 10:59","2023-10-31 00:00:00","2023-10-31 00:00:00","2023-10-30 00:00:00","2023-10-31 00:00:00","2023-10-30 00:00:00","2023-10-30 00:00:00","Airport System","16","2023-10-30 00:00:00","10","11","1","2023-10-30 00:00:00","19393","WN","N8584Z","438","1389101","32575","ONT","Ontario, CA","CA","California","1288904","32211","LAS","Las Vegas, NV","NV","Nevada","-4","43","6","16","70","90","197","1","0","0","16","0","0","Less Than 250 Miles"
"11:00 - 11:59","10:00 - 10:59","2023-10-31 00:00:00","2023-10-31 00:00:00","2023-10-30 00:00:00","2023-10-31 00:00:00","2023-10-30 00:00:00","2023-10-30 00:00:00","Airport System","30","2023-10-30 00:00:00","10","11","1","2023-10-30 00:00:00","19393","WN","N441WN","3311","1226603","31453","IAH","Houston, TX","TX","Texas","1125904","30194","DAL","Dallas, TX","TX","Texas","-5","67","3","30","70","105","216","1","0","0","30","0","0","Less Than 250 Miles"
"11:00 - 11:59","09:00 - 09:59","2023-11-06 00:00:00","2023-11-06 00:00:00","2023-11-06 00:00:00","2023-11-06 00:00:00","2023-11-06 00:00:00","2023-11-06 00:00:00","Carrier","76","2023-11-06 00:00:00","9","11","1","2023-11-06 00:00:00","19393","WN","N7889A","2956","1069302","30693","BNA","Nashville, TN","TN","Tennessee","1039707","30397","ATL","Atlanta, GA","GA","Georgia","80","19","5","76","65","61","214","1","76","0","0","0","0","Less Than 250 Miles"
"11:00 - 11:59","10:00 - 10:59","2023-11-06 00:00:00","2023-11-06 00:00:00","2023-11-06 00:00:00","2023-11-06 00:00:00","2023-11-06 00:00:00","2023-11-06 00:00:00","Late Aircraft","30","2023-11-06 00:00:00","10","11","1","2023-11-06 00:00:00","19393","WN","N8572X","1296","1288904","32211","LAS","Las Vegas, NV","NV","Nevada","1295407","32575","LGB","Long Beach, CA","CA","California","23","39","3","30","80","87","231","1","7","0","7","0","16","Less Than 250 Miles"
"11:00 - 11:59","10:00 - 10:59","2023-11-06 00:00:00","2023-11-06 00:00:00","2023-11-06 00:00:00","2023-11-06 00:00:00","2023-11-06 00:00:00","2023-11-06 00:00:00","Fly Time","0","2023-11-06 00:00:00","10","11","1","2023-11-06 00:00:00","19393","WN","N286WN","1191","1288904","32211","LAS","Las Vegas, NV","NV","Nevada","1389101","32575","ONT","Ontario, CA","CA","California","3","17","4","1","60","58","197","1","0","0","0","0","0","Less Than 250 Miles"
"11:00 - 11:59","10:00 - 10:59","2023-11-06 00:00:00","2023-11-06 00:00:00","2023-11-06 00:00:00","2023-11-06 00:00:00","2023-11-06 00:00:00","2023-11-06 00:00:00","Carrier","44","2023-11-06 00:00:00","10","11","1","2023-11-06 00:00:00","19393","WN","N8891Q","384","1288904","32211","LAS","Las Vegas, NV","NV","Nevada","1426204","34262","PSP","Palm Springs, CA","CA","California","33","39","5","44","70","81","173","1","32","0","11","0","1","Less Than 250 Miles"
"11:00 - 11:59","10:00 - 10:59","2023-11-06 00:00:00","2023-11-06 00:00:00","2023-11-06 00:00:00","2023-11-06 00:00:00","2023-11-06 00:00:00","2023-11-06 00:00:00","Fly Time","0","2023-11-06 00:00:00","10","11","1","2023-11-06 00:00:00","19393","WN","N7865A","3666","1288904","32211","LAS","Las Vegas, NV","NV","Nevada","1289208","32575","LAX","Los Angeles, CA","CA","California","12","16","7","-2","80","66","236","1","0","0","0","0","0","Less Than 250 Miles"
"11:00 - 11:59","10:00 - 10:59","2023-11-06 00:00:00","2023-11-06 00:00:00","2023-11-06 00:00:00","2023-11-06 00:00:00","2023-11-06 00:00:00","2023-11-06 00:00:00","Fly Time","0","2023-11-06 00:00:00","10","11","1","2023-11-06 00:00:00","19393","WN","N8520Q","738","1295407","32575","LGB","Long Beach, CA","CA","California","1288904","32211","LAS","Las Vegas, NV","NV","Nevada","5","25","4","8","70","73","231","1","0","0","0","0","0","Less Than 250 Miles"
"11:00 - 11:59","10:00 - 10:59","2023-11-06 00:00:00","2023-11-06 00:00:00","2023-11-06 00:00:00","2023-11-06 00:00:00","2023-11-06 00:00:00","2023-11-06 00:00:00","Late Aircraft","33","2023-11-06 00:00:00","10","11","1","2023-11-06 00:00:00","19393","WN","N269WN","1194","1080003","32575","BUR","Burbank, CA","CA","California","1288904","32211","LAS","Las Vegas, NV","NV","Nevada","24","35","4","33","70","79","223","1","0","0","9","0","24","Less Than 250 Miles"
"11:00 - 11:59","10:00 - 10:59","2023-11-06 00:00:00","2023-11-06 00:00:00","2023-11-06 00:00:00","2023-11-06 00:00:00","2023-11-06 00:00:00","2023-11-06 00:00:00","Fly Time","0","2023-11-06 00:00:00","10","11","1","2023-11-06 00:00:00","19393","WN","N8824Q","777","1389101","32575","ONT","Ontario, CA","CA","California","1288904","32211","LAS","Las Vegas, NV","NV","Nevada","7","15","5","5","65","63","197","1","0","0","0","0","0","Less Than 250 Miles"
"11:00 - 11:59","10:00 - 10:59","2023-11-06 00:00:00","2023-11-06 00:00:00","2023-11-06 00:00:00","2023-11-06 00:00:00","2023-11-06 00:00:00","2023-11-06 00:00:00","Fly Time","0","2023-11-06 00:00:00","10","11","1","2023-11-06 00:00:00","19393","WN","N902WN","2036","1226603","31453","IAH","Houston, TX","TX","Texas","1125904","30194","DAL","Dallas, TX","TX","Texas","3","17","3","-7","70","60","216","1","0","0","0","0","0","Less Than 250 Miles"
"12:00 - 12:59","10:00 - 10:59","2023-10-23 00:00:00","2023-10-23 00:00:00","2023-10-23 00:00:00","2023-10-23 00:00:00","2023-10-23 00:00:00","2023-10-23 00:00:00","Fly Time","0","2023-10-23 00:00:00","10","12","1","2023-10-23 00:00:00","19393","WN","N500WR","1088","1082106","30852","BWI","Baltimore, MD","MD","Maryland","1239103","31703","ISP","Islip, NY","NY","New York","1","16","4","-3","70","66","220","1","0","0","0","0","0","Less Than 250 Miles"
"12:00 - 12:59","11:00 - 11:59","2023-10-23 00:00:00","2023-10-23 00:00:00","2023-10-23 00:00:00","2023-10-23 00:00:00","2023-10-23 00:00:00","2023-10-23 00:00:00","Fly Time","0","2023-10-23 00:00:00","11","12","1","2023-10-23 00:00:00","19393","WN","N8302F","2126","1288904","32211","LAS","Las Vegas, NV","NV","Nevada","1389101","32575","ONT","Ontario, CA","CA","California","2","21","4","-9","70","59","197","1","0","0","0","0","0","Less Than 250 Miles"
"12:00 - 12:59","11:00 - 11:59","2023-10-23 00:00:00","2023-10-23 00:00:00","2023-10-23 00:00:00","2023-10-23 00:00:00","2023-10-23 00:00:00","2023-10-23 00:00:00","Fly Time","0","2023-10-23 00:00:00","11","12","1","2023-10-23 00:00:00","19393","WN","N8670A","2970","1319801","33198","MCI","Kansas City, MO","MO","Missouri","1501606","31123","STL","St. Louis, MO","MO","Missouri","1","9","6","-9","60","50","237","1","0","0","0","0","0","Less Than 250 Miles"
"12:00 - 12:59","11:00 - 11:59","2023-10-23 00:00:00","2023-10-23 00:00:00","2023-10-23 00:00:00","2023-10-23 00:00:00","2023-10-23 00:00:00","2023-10-23 00:00:00","Late Aircraft","37","2023-10-23 00:00:00","11","12","1","2023-10-23 00:00:00","19393","WN","N8569Z","2297","1289208","32575","LAX","Los Angeles, CA","CA","California","1288904","32211","LAS","Las Vegas, NV","NV","Nevada","51","9","7","37","70","56","236","1","2","0","0","0","35","Less Than 250 Miles"
"12:00 - 12:59","11:00 - 11:59","2023-10-23 00:00:00","2023-10-23 00:00:00","2023-10-23 00:00:00","2023-10-23 00:00:00","2023-10-23 00:00:00","2023-10-23 00:00:00","Fly Time","0","2023-10-23 00:00:00","11","12","1","2023-10-23 00:00:00","19393","WN","N226WN","2104","1468305","33214","SAT","San Antonio, TX","TX","Texas","1125904","30194","DAL","Dallas, TX","TX","Texas","19","14","2","12","70","63","247","1","0","0","0","0","0","Less Than 250 Miles"
"12:00 - 12:59","11:00 - 11:59","2023-10-23 00:00:00","2023-10-23 00:00:00","2023-10-23 00:00:00","2023-10-23 00:00:00","2023-10-23 00:00:00","2023-10-23 00:00:00","Fly Time","0","2023-10-23 00:00:00","11","12","1","2023-10-23 00:00:00","19393","WN","N209WN","20","1219103","31453","HOU","Houston, TX","TX","Texas","1125904","30194","DAL","Dallas, TX","TX","Texas","1","11","4","-8","65","56","239","1","0","0","0","0","0","Less Than 250 Miles"
"12:00 - 12:59","11:00 - 11:59","2023-10-23 00:00:00","2023-10-23 00:00:00","2023-10-23 00:00:00","2023-10-23 00:00:00","2023-10-23 00:00:00","2023-10-23 00:00:00","Fly Time","0","2023-10-23 00:00:00","11","12","1","2023-10-23 00:00:00","19393","WN","N8688J","547","1468305","33214","SAT","San Antonio, TX","TX","Texas","1219103","31453","HOU","Houston, TX","TX","Texas","7","9","7","-3","60","50","192","1","0","0","0","0","0","Less Than 250 Miles"
"12:00 - 12:59","11:00 - 11:59","2023-10-23 00:00:00","2023-10-23 00:00:00","2023-10-23 00:00:00","2023-10-23 00:00:00","2023-10-23 00:00:00","2023-10-23 00:00:00","Late Aircraft","15","2023-10-23 00:00:00","11","12","1","2023-10-23 00:00:00","19393","WN","N7733B","19","1125904","30194","DAL","Dallas, TX","TX","Texas","1219103","31453","HOU","Houston, TX","TX","Texas","25","11","7","15","70","60","239","1","0","0","0","0","15","Less Than 250 Miles"
"12:00 - 12:59","11:00 - 11:59","2023-10-23 00:00:00","2023-10-23 00:00:00","2023-10-23 00:00:00","2023-10-23 00:00:00","2023-10-23 00:00:00","2023-10-23 00:00:00","Late Aircraft","39","2023-10-23 00:00:00","11","12","1","2023-10-23 00:00:00","19393","WN","N563WN","2405","1082106","30852","BWI","Baltimore, MD","MD","Maryland","1393102","33667","ORF","Norfolk, VA","VA","Virginia","50","10","3","39","55","44","159","1","0","0","0","0","39","Less Than 250 Miles"
"12:00 - 12:59","12:00 - 12:59","2023-10-23 00:00:00","2023-10-23 00:00:00","2023-10-23 00:00:00","2023-10-23 00:00:00","2023-10-23 00:00:00","2023-10-23 00:00:00","Fly Time","0","2023-10-23 00:00:00","12","12","1","2023-10-23 00:00:00","19393","WN","N8690A","826","1129202","30325","DEN","Denver, CO","CO","Colorado","1110902","30189","COS","Colorado Springs, CO","CO","Colorado","4","12","4","-9","45","32","73","1","0","0","0","0","0","Less Than 250 Miles"
"12:00 - 12:59","11:00 - 11:59","2023-10-30 00:00:00","2023-10-30 00:00:00","2023-10-30 00:00:00","2023-10-30 00:00:00","2023-10-30 00:00:00","2023-10-30 00:00:00","Late Aircraft","43","2023-10-30 00:00:00","11","12","1","2023-10-30 00:00:00","19393","WN","N8688J","2941","1288904","32211","LAS","Las Vegas, NV","NV","Nevada","1295407","32575","LGB","Long Beach, CA","CA","California","57","11","3","43","70","56","231","1","4","0","0","0","39","Less Than 250 Miles"
"12:00 - 12:59","11:00 - 11:59","2023-10-30 00:00:00","2023-10-30 00:00:00","2023-10-30 00:00:00","2023-10-30 00:00:00","2023-10-30 00:00:00","2023-10-30 00:00:00","Fly Time","0","2023-10-30 00:00:00","11","12","1","2023-10-30 00:00:00","19393","WN","N8801Q","2970","1319801","33198","MCI","Kansas City, MO","MO","Missouri","1501606","31123","STL","St. Louis, MO","MO","Missouri","6","14","5","2","60","56","237","1","0","0","0","0","0","Less Than 250 Miles"
"12:00 - 12:59","11:00 - 11:59","2023-10-30 00:00:00","2023-10-30 00:00:00","2023-10-30 00:00:00","2023-10-30 00:00:00","2023-10-30 00:00:00","2023-10-30 00:00:00","Fly Time","0","2023-10-30 00:00:00","11","12","1","2023-10-30 00:00:00","19393","WN","N8565Z","2297","1289208","32575","LAX","Los Angeles, CA","CA","California","1288904","32211","LAS","Las Vegas, NV","NV","Nevada","17","8","8","4","70","57","236","1","0","0","0","0","0","Less Than 250 Miles"
"12:00 - 12:59","11:00 - 11:59","2023-10-30 00:00:00","2023-10-30 00:00:00","2023-10-30 00:00:00","2023-10-30 00:00:00","2023-10-30 00:00:00","2023-10-30 00:00:00","Fly Time","0","2023-10-30 00:00:00","11","12","1","2023-10-30 00:00:00","19393","WN","N8786Q","547","1468305","33214","SAT","San Antonio, TX","TX","Texas","1219103","31453","HOU","Houston, TX","TX","Texas","0","10","4","7","60","67","192","1","0","0","0","0","0","Less Than 250 Miles"
"12:00 - 12:59","11:00 - 11:59","2023-10-30 00:00:00","2023-10-30 00:00:00","2023-10-30 00:00:00","2023-10-30 00:00:00","2023-10-30 00:00:00","2023-10-30 00:00:00","Fly Time","0","2023-10-30 00:00:00","11","12","1","2023-10-30 00:00:00","19393","WN","N8788L","487","1042302","30423","AUS","Austin, TX","TX","Texas","1219103","31453","HOU","Houston, TX","TX","Texas","3","14","4","7","55","59","148","1","0","0","0","0","0","Less Than 250 Miles"
"12:00 - 12:59","11:00 - 11:59","2023-10-30 00:00:00","2023-10-30 00:00:00","2023-10-30 00:00:00","2023-10-30 00:00:00","2023-10-30 00:00:00","2023-10-30 00:00:00","Fly Time","0","2023-10-30 00:00:00","11","12","1","2023-10-30 00:00:00","19393","WN","N421LV","2405","1082106","30852","BWI","Baltimore, MD","MD","Maryland","1393102","33667","ORF","Norfolk, VA","VA","Virginia","4","15","5","0","55","51","159","1","0","0","0","0","0","Less Than 250 Miles"
"12:00 - 12:59","11:00 - 11:59","2023-10-31 00:00:00","2023-10-31 00:00:00","2023-10-30 00:00:00","2023-10-31 00:00:00","2023-10-30 00:00:00","2023-10-30 00:00:00","Fly Time","0","2023-10-30 00:00:00","11","12","1","2023-10-30 00:00:00","19393","WN","N201LV","936","1295407","32575","LGB","Long Beach, CA","CA","California","1288904","32211","LAS","Las Vegas, NV","NV","Nevada","-3","24","10","6","70","79","231","1","0","0","0","0","0","Less Than 250 Miles"
"12:00 - 12:59","11:00 - 11:59","2023-10-31 00:00:00","2023-10-31 00:00:00","2023-10-30 00:00:00","2023-10-31 00:00:00","2023-10-30 00:00:00","2023-10-30 00:00:00","Fly Time","0","2023-10-30 00:00:00","11","12","1","2023-10-30 00:00:00","19393","WN","N7744A","19","1125904","30194","DAL","Dallas, TX","TX","Texas","1219103","31453","HOU","Houston, TX","TX","Texas","-3","19","3","4","70","77","239","1","0","0","0","0","0","Less Than 250 Miles"
"12:00 - 12:59","11:00 - 11:59","2023-10-31 00:00:00","2023-10-31 00:00:00","2023-10-30 00:00:00","2023-10-31 00:00:00","2023-10-30 00:00:00","2023-10-30 00:00:00","Fly Time","0","2023-10-30 00:00:00","11","12","1","2023-10-30 00:00:00","19393","WN","N7746C","20","1219103","31453","HOU","Houston, TX","TX","Texas","1125904","30194","DAL","Dallas, TX","TX","Texas","-5","16","16","1","65","71","239","1","0","0","0","0","0","Less Than 250 Miles"
"12:00 - 12:59","11:00 - 11:59","2023-10-31 00:00:00","2023-10-31 00:00:00","2023-10-30 00:00:00","2023-10-31 00:00:00","2023-10-30 00:00:00","2023-10-30 00:00:00","Fly Time","0","2023-10-30 00:00:00","11","12","1","2023-10-30 00:00:00","19393","WN","N940WN","2490","1042302","30423","AUS","Austin, TX","TX","Texas","1125904","30194","DAL","Dallas, TX","TX","Texas","-4","13","22","6","60","70","189","1","0","0","0","0","0","Less Than 250 Miles"
"12:00 - 12:59","12:00 - 12:59","2023-10-30 00:00:00","2023-10-30 00:00:00","2023-10-30 00:00:00","2023-10-30 00:00:00","2023-10-30 00:00:00","2023-10-30 00:00:00","Fly Time","0","2023-10-30 00:00:00","12","12","1","2023-10-30 00:00:00","19393","WN","N8855Q","826","1129202","30325","DEN","Denver, CO","CO","Colorado","1110902","30189","COS","Colorado Springs, CO","CO","Colorado","9","12","6","-2","45","34","73","1","0","0","0","0","0","Less Than 250 Miles"
"12:00 - 12:59","11:00 - 11:59","2023-11-06 00:00:00","2023-11-06 00:00:00","2023-11-06 00:00:00","2023-11-06 00:00:00","2023-11-06 00:00:00","2023-11-06 00:00:00","Carrier","38","2023-11-06 00:00:00","11","12","1","2023-11-06 00:00:00","19393","WN","N404WN","1659","1288904","32211","LAS","Las Vegas, NV","NV","Nevada","1080003","32575","BUR","Burbank, CA","CA","California","52","18","3","38","80","66","223","1","38","0","0","0","0","Less Than 250 Miles"
"12:00 - 12:59","11:00 - 11:59","2023-11-06 00:00:00","2023-11-06 00:00:00","2023-11-06 00:00:00","2023-11-06 00:00:00","2023-11-06 00:00:00","2023-11-06 00:00:00","Fly Time","0","2023-11-06 00:00:00","11","12","1","2023-11-06 00:00:00","19393","WN","N8526W","1204","1319801","33198","MCI","Kansas City, MO","MO","Missouri","1501606","31123","STL","St. Louis, MO","MO","Missouri","1","7","6","-8","60","51","237","1","0","0","0","0","0","Less Than 250 Miles"
"12:00 - 12:59","11:00 - 11:59","2023-11-06 00:00:00","2023-11-06 00:00:00","2023-11-06 00:00:00","2023-11-06 00:00:00","2023-11-06 00:00:00","2023-11-06 00:00:00","Late Aircraft","38","2023-11-06 00:00:00","11","12","1","2023-11-06 00:00:00","19393","WN","N7869A","648","1080003","32575","BUR","Burbank, CA","CA","California","1288904","32211","LAS","Las Vegas, NV","NV","Nevada","44","12","12","38","70","64","223","1","0","0","0","0","38","Less Than 250 Miles"
"12:00 - 12:59","11:00 - 11:59","2023-11-06 00:00:00","2023-11-06 00:00:00","2023-11-06 00:00:00","2023-11-06 00:00:00","2023-11-06 00:00:00","2023-11-06 00:00:00","Late Aircraft","16","2023-11-06 00:00:00","11","12","1","2023-11-06 00:00:00","19393","WN","N8845L","3135","1082106","30852","BWI","Baltimore, MD","MD","Maryland","1412202","30198","PIT","Pittsburgh, PA","PA","Pennsylvania","25","12","6","16","65","56","210","1","1","0","0","0","15","Less Than 250 Miles"
"12:00 - 12:59","11:00 - 11:59","2023-11-06 00:00:00","2023-11-06 00:00:00","2023-11-06 00:00:00","2023-11-06 00:00:00","2023-11-06 00:00:00","2023-11-06 00:00:00","Fly Time","0","2023-11-06 00:00:00","11","12","1","2023-11-06 00:00:00","19393","WN","N8651A","2150","1042302","30423","AUS","Austin, TX","TX","Texas","1125904","30194","DAL","Dallas, TX","TX","Texas","10","10","4","-5","65","50","189","1","0","0","0","0","0","Less Than 250 Miles"
"12:00 - 12:59","11:00 - 11:59","2023-11-06 00:00:00","2023-11-06 00:00:00","2023-11-06 00:00:00","2023-11-06 00:00:00","2023-11-06 00:00:00","2023-11-06 00:00:00","Fly Time","0","2023-11-06 00:00:00","11","12","1","2023-11-06 00:00:00","19393","WN","N8515X","184","1468305","33214","SAT","San Antonio, TX","TX","Texas","1219103","31453","HOU","Houston, TX","TX","Texas","5","8","7","-1","55","49","192","1","0","0","0","0","0","Less Than 250 Miles"
"12:00 - 12:59","11:00 - 11:59","2023-11-07 00:00:00","2023-11-07 00:00:00","2023-11-06 00:00:00","2023-11-07 00:00:00","2023-11-06 00:00:00","2023-11-06 00:00:00","Airport System","32","2023-11-06 00:00:00","11","12","1","2023-11-06 00:00:00","19393","WN","N8740A","2163","1289208","32575","LAX","Los Angeles, CA","CA","California","1288904","32211","LAS","Las Vegas, NV","NV","Nevada","-3","55","5","32","70","105","236","1","0","0","32","0","0","Less Than 250 Miles"
"12:00 - 12:59","12:00 - 12:59","2023-11-06 00:00:00","2023-11-06 00:00:00","2023-11-06 00:00:00","2023-11-06 00:00:00","2023-11-06 00:00:00","2023-11-06 00:00:00","Fly Time","0","2023-11-06 00:00:00","12","12","1","2023-11-06 00:00:00","19393","WN","N8765Q","975","1217305","32134","HNL","Honolulu, HI","HI","Hawaii","1275804","32758","KOA","Kona, HI","HI","Hawaii","7","21","3","6","55","54","163","1","0","0","0","0","0","Less Than 250 Miles"
"13:00 - 13:59","11:00 - 11:59","2023-10-23 00:00:00","2023-10-23 00:00:00","2023-10-23 00:00:00","2023-10-23 00:00:00","2023-10-23 00:00:00","2023-10-23 00:00:00","Fly Time","0","2023-10-23 00:00:00","11","13","1","2023-10-23 00:00:00","19393","WN","N8325D","5214","1288904","32211","LAS","Las Vegas, NV","NV","Nevada","1289208","32575","LAX","Los Angeles, CA","CA","California","18","18","10","12","75","69","236","1","0","0","0","0","0","Less Than 250 Miles"
"13:00 - 13:59","11:00 - 11:59","2023-10-23 00:00:00","2023-10-23 00:00:00","2023-10-23 00:00:00","2023-10-23 00:00:00","2023-10-23 00:00:00","2023-10-23 00:00:00","Fly Time","0","2023-10-23 00:00:00","11","13","1","2023-10-23 00:00:00","19393","WN","N208WN","127","1323202","30977","MDW","Chicago, IL","IL","Illinois","1143302","31295","DTW","Detroit, MI","MI","Michigan","5","13","6","-2","65","58","228","1","0","0","0","0","0","Less Than 250 Miles"
"13:00 - 13:59","12:00 - 12:59","2023-10-23 00:00:00","2023-10-23 00:00:00","2023-10-23 00:00:00","2023-10-23 00:00:00","2023-10-23 00:00:00","2023-10-23 00:00:00","Fly Time","0","2023-10-23 00:00:00","12","13","1","2023-10-23 00:00:00","19393","WN","N7824A","3388","1288904","32211","LAS","Las Vegas, NV","NV","Nevada","1080003","32575","BUR","Burbank, CA","CA","California","4","25","2","5","70","71","223","1","0","0","0","0","0","Less Than 250 Miles"
"13:00 - 13:59","12:00 - 12:59","2023-10-23 00:00:00","2023-10-23 00:00:00","2023-10-23 00:00:00","2023-10-23 00:00:00","2023-10-23 00:00:00","2023-10-23 00:00:00","Carrier","16","2023-10-23 00:00:00","12","13","1","2023-10-23 00:00:00","19393","WN","N7869A","55","1288904","32211","LAS","Las Vegas, NV","NV","Nevada","1295407","32575","LGB","Long Beach, CA","CA","California","9","32","3","16","70","77","231","1","8","0","7","0","1","Less Than 250 Miles"
"13:00 - 13:59","12:00 - 12:59","2023-10-23 00:00:00","2023-10-23 00:00:00","2023-10-23 00:00:00","2023-10-23 00:00:00","2023-10-23 00:00:00","2023-10-23 00:00:00","Late Aircraft","54","2023-10-23 00:00:00","12","13","1","2023-10-23 00:00:00","19393","WN","N7702A","505","1288904","32211","LAS","Las Vegas, NV","NV","Nevada","1426204","34262","PSP","Palm Springs, CA","CA","California","49","33","3","54","65","70","173","1","13","0","5","0","36","Less Than 250 Miles"
"13:00 - 13:59","12:00 - 12:59","2023-10-23 00:00:00","2023-10-23 00:00:00","2023-10-23 00:00:00","2023-10-23 00:00:00","2023-10-23 00:00:00","2023-10-23 00:00:00","Fly Time","0","2023-10-23 00:00:00","12","13","1","2023-10-23 00:00:00","19393","WN","N8797Q","1784","1217305","32134","HNL","Honolulu, HI","HI","Hawaii","1383002","33830","OGG","Kahului, HI","HI","Hawaii","4","16","3","-1","50","45","100","1","0","0","0","0","0","Less Than 250 Miles"
"13:00 - 13:59","12:00 - 12:59","2023-10-23 00:00:00","2023-10-23 00:00:00","2023-10-23 00:00:00","2023-10-23 00:00:00","2023-10-23 00:00:00","2023-10-23 00:00:00","Fly Time","0","2023-10-23 00:00:00","12","13","1","2023-10-23 00:00:00","19393","WN","N8704Q","1777","1217305","32134","HNL","Honolulu, HI","HI","Hawaii","1298202","32982","LIH","Lihue, HI","HI","Hawaii","13","18","3","12","45","44","102","1","0","0","0","0","0","Less Than 250 Miles"
"13:00 - 13:59","12:00 - 12:59","2023-10-23 00:00:00","2023-10-23 00:00:00","2023-10-23 00:00:00","2023-10-23 00:00:00","2023-10-23 00:00:00","2023-10-23 00:00:00","Late Aircraft","18","2023-10-23 00:00:00","12","13","1","2023-10-23 00:00:00","19393","WN","N8750Q","1763","1217305","32134","HNL","Honolulu, HI","HI","Hawaii","1240203","32402","ITO","Hilo, HI","HI","Hawaii","19","20","3","18","60","59","216","1","0","0","0","0","18","Less Than 250 Miles"
"13:00 - 13:59","12:00 - 12:59","2023-10-23 00:00:00","2023-10-23 00:00:00","2023-10-23 00:00:00","2023-10-23 00:00:00","2023-10-23 00:00:00","2023-10-23 00:00:00","Late Aircraft","84","2023-10-23 00:00:00","12","13","1","2023-10-23 00:00:00","19393","WN","N8748Q","1730","1275804","32758","KOA","Kona, HI","HI","Hawaii","1217305","32134","HNL","Honolulu, HI","HI","Hawaii","82","17","9","84","55","57","163","1","2","0","2","0","80","Less Than 250 Miles"
